metric,value
Accuracy,0.6395833333333333
Precision,0.3591905564924115
Recall,0.4057142857142857
F1 Score,0.3810375670840787
ROC AUC,0.5908202764976959
