n_trades,win_rate,avg_return,sharpe_ratio
593,0.3591905564924115,0.014426485065535379,0.20416118807142156
