Date,Close,High,Low,Open,Volume,symbol,sma_20,sma_50,sma_200,daily_return,volatility,drawdown,rsi,macd,macd_signal,bb_middle,bb_upper,bb_lower,bb_width
2023-12-14,196.25656127929688,197.75242887078264,194.32480773637585,196.16740691178524,66831600,AAPL,190.33399810791016,181.49987213134764,175.26504135131836,0.0007576952991146246,0.008689053983261606,0.0,68.98304902098123,3.731031389163661,3.5322187054089063,190.33399810791016,195.81407759342386,184.85391862239646,0.057583821492645355
2023-12-15,195.7216186523437,196.54384019084355,195.15694409647,195.6819844119138,128538400,AAPL,190.72332229614258,181.95339172363282,175.52384460449218,-0.00272573117283903,0.008632064449218678,-0.002725731172839076,67.84394549382947,3.7459065852699496,3.574956281381115,190.72332229614258,196.57929508074463,184.86734951154054,0.061408040863605316
2023-12-18,194.0573272705078,194.7904095545261,192.5713606983871,194.25545312358383,55751900,AAPL,191.0304214477539,182.32257537841798,175.74906860351564,-0.008503359993114135,0.008941999325024767,-0.011205913292546107,62.002540419748435,3.5821085621837483,3.576386737541642,191.0304214477539,196.91051512000726,185.15032777550053,0.06156185624980731
2023-12-19,195.0974884033203,195.107389404424,194.05730887821483,194.32478706833504,40714100,AAPL,191.30235214233397,182.68288238525392,175.9656802368164,0.005360071415198675,0.008807928321280911,-0.00590590637286802,66.5355395702817,3.4959308445806414,3.560295558949442,191.30235214233397,197.41385293387822,185.19085135078973,0.06389362935796135
2023-12-20,193.0072479248047,195.8305753609382,193.0072479248047,195.05787394759355,52242800,AAPL,191.50989151000977,183.0132565307617,176.18284164428712,-0.010713825665425891,0.009141043798060477,-0.016556457187018685,59.99180028005195,3.221830191823898,3.4926024855243334,191.50989151000977,197.55319892466346,185.46658409535607,0.06311222221477607
2023-12-21,192.858642578125,195.23619818360496,191.6896894536902,194.26537091395173,46482500,AAPL,191.67681350708008,183.3127590942383,176.39299491882323,-0.0007699469749321564,0.009132350490458841,-0.017313656567824118,57.38824816875929,2.958508397002163,3.3857836678199,191.67681350708008,197.67296033970106,185.6806666744591,0.06256517648546464
2023-12-22,191.7887420654297,193.58180582555468,191.16463132079943,193.35394675355903,37149600,AAPL,191.85661392211915,183.57285705566406,176.60904640197754,-0.005547589148160226,0.00907148584633314,-0.022765196662693683,59.24609907569061,2.633138763043604,3.235254686864641,191.85661392211915,197.62417461324694,186.08905323099137,0.06012365769646101
2023-12-26,191.243896484375,192.0760341178965,191.02595351616225,191.79865490672267,28919300,AAPL,192.01808853149413,183.8588623046875,176.83268409729004,-0.002840863208064648,0.009102548326072196,-0.025541387061134967,49.03189873907443,2.3047487896523933,3.049153507422192,192.01808853149413,197.50681303892017,186.5293640240681,0.05716882768079218
2023-12-27,191.34295654296875,191.68968812345565,189.30223153241624,190.68914273833013,48087700,AAPL,192.15430145263673,184.1494204711914,177.04709869384766,0.0005179776213242171,0.009086285155745055,-0.025036639306726005,52.29146573177722,2.0291004813886957,2.8451429022154926,192.15430145263673,197.4184368741818,186.89016603109167,0.05479071123310343
2023-12-28,191.7689514160156,192.8388492190412,191.3627835700825,192.32370988068791,34049900,AAPL,192.36283340454102,184.47956481933593,177.25318489074706,0.0022263420652810506,0.00897328101048463,-0.022866037364706833,47.920428791734544,1.8239955518936313,2.6409134321511205,192.36283340454102,197.17836911721778,187.54729769186426,0.05006721545372168
2023-12-29,190.728759765625,192.5812599044621,189.9362412446781,192.0859377183744,42672100,AAPL,192.4906265258789,184.81482543945313,177.45209671020507,-0.005424192199570688,0.009077542002600735,-0.02816619978276876,40.185157365695744,1.5595362811538678,2.4246380019516702,192.4906265258789,196.96129316016933,188.01995989158846,0.0464507463555831
2024-01-02,183.9032440185547,186.67705163638013,182.16961614691823,185.3991117688797,82488700,AAPL,192.21324615478517,185.02109497070313,177.60277198791505,-0.035786505168165395,0.012075034366492644,-0.06294473509684051,31.663512669180818,0.7900807669201981,2.0977265549453756,192.21324615478517,197.97887378004796,186.44761852952237,0.059991990568848304
2024-01-03,182.5262145996093,184.14096966630487,181.7138790075681,182.4964964795135,58414500,AAPL,191.95666885375977,185.25087371826172,177.75075553894044,-0.007487792976650587,0.01201360909373268,-0.06996121092811586,24.387844848784567,0.06837873497602232,1.691856990951505,191.95666885375977,198.9102167971374,185.00312091038214,0.07244914162034265
2024-01-04,180.20811462402344,181.3770676837336,179.18775216816366,180.4458595901839,71983600,AAPL,191.3865524291992,185.43191619873048,177.87530891418456,-0.012700093412175595,0.011035729052724264,-0.0817727904262755,8.867204307441995,-0.6827562309526343,1.2169343465706772,191.3865524291992,200.1053064110358,182.66779844736263,0.09111145868058798
2024-01-05,179.4849395751953,181.05015949262307,178.48439420396812,180.28737421180145,62379700,AAPL,190.83476181030272,185.58978912353516,177.98697204589843,-0.00401299936097177,0.011020650218803154,-0.0854576356315217,7.864595672317847,-1.3211607667753071,0.7093153239014803,190.83476181030272,201.05227523270062,180.61724838790482,0.10708230854245006
2024-01-08,183.823974609375,183.86360885082053,179.80196071659407,180.3864372916263,59144500,AAPL,190.40333557128906,185.88074401855468,178.12748336791992,0.024174925453073204,0.012271920213369265,-0.06334864214923647,24.905992896525888,-1.4601454486188743,0.27542316939740935,190.40333557128906,201.05277339047205,179.75389775210607,0.11186188295735741
2024-01-09,183.40792846679688,183.41782947036643,181.0204715114006,182.1993409257264,42841800,AAPL,189.8797805786133,186.24667999267578,178.26048782348633,-0.002263285534230386,0.012061157679651286,-0.06546855161807731,26.290306909697662,-1.585585613019731,-0.09677858708601872,189.8797805786133,200.8349339607283,178.92462719649828,0.11539041543793446
2024-01-10,184.4480895996093,184.6561164657865,182.1993225017619,182.6253074687535,46792900,AAPL,189.53355178833007,186.60710296630856,178.3921812438965,0.005671298626551469,0.011947788164842786,-0.060168544698399655,26.290306909697364,-1.5828197755251665,-0.3939868247738483,189.53355178833007,200.72518546808075,178.3419181085794,0.11809659634563731
2024-01-11,183.8536834716797,185.3000308909078,181.90211286972465,184.7947925921475,49128400,AAPL,189.08181762695312,186.91467926025388,178.5306211090088,-0.0032226201378388053,0.011729816976866515,-0.06319726447242897,28.166359725426872,-1.6100319896816586,-0.6371958577554104,189.08181762695312,200.43152202338462,177.73211323052163,0.12005072236849092
2024-01-12,184.18063354492188,184.9929693343664,183.4574672534665,184.31932317774945,40477800,AAPL,188.4854507446289,187.21929687499997,178.67380355834962,0.0017783166867719746,0.010901772020538051,-0.06153133253562662,29.475307082567426,-1.5869226702615151,-0.8271412202566314,188.4854507446289,199.53001791861521,177.4408835706426,0.11719278204608093
2024-01-16,181.9120330810547,182.5361287641061,179.23728115128063,180.45578462721195,65603000,AAPL,187.7682243347168,187.41522460937497,178.7902513885498,-0.012317258444622947,0.011050816057749135,-0.07309069365496619,27.89368422203013,-1.7317034664629318,-1.0080536694978914,187.7682243347168,198.5478160725631,176.98863259687047,0.11481806121392031
2024-01-17,180.97091674804688,181.2185778549055,178.613193289656,179.57411959355028,47317400,AAPL,187.03068923950195,187.52109710693355,178.8941498565674,-0.0051734693800518095,0.011052670079940496,-0.0778860305694273,27.407505842336548,-1.9004760089522392,-1.186538137388761,187.03068923950195,197.5339803486557,176.52739813034822,0.11231623165013051
2024-01-18,186.8652801513672,187.37050341346043,184.09147247948349,184.34903461223053,78005800,AAPL,186.67108688354492,187.76306121826167,179.01498977661132,0.03257077716817136,0.013652987025374983,-0.04785206194744621,42.15287623670497,-1.5408417350370769,-1.2573988569184242,186.67108688354492,196.64033729771134,176.7018364693785,0.10681086804177402
2024-01-19,189.76785278320312,190.15420352293785,187.0534966021051,187.5587198414397,68903000,AAPL,186.40460510253905,188.01202667236325,179.14407752990724,0.015532969150206855,0.014115366575605357,-0.03306237739924288,46.77317759235313,-1.0099732850136718,-1.207913742537474,186.40460510253905,195.686718590537,177.1224916145411,0.09959103191567571
2024-01-22,192.07603454589844,193.50256484427592,190.4612794003693,190.5009136397872,60133900,AAPL,186.35804443359376,188.2559075927734,179.28737007141115,0.012163186381901392,0.014237851547531589,-0.021301334875877303,52.08716375967939,-0.3984125834411145,-1.0460135107182023,186.35804443359376,195.50912269153503,177.2069661756525,0.09820964032708694
2024-01-23,193.35397338867188,193.91864797179585,192.0166124722801,193.1954817674048,42355600,AAPL,186.3828109741211,188.50417572021482,179.44627746582032,0.006653296679071552,0.01431725312308928,-0.014789762297395325,67.67966887889827,0.18721457001723252,-0.7993678945711153,186.3828109741211,195.61032801679877,177.15529393144342,0.0990168245070507
2024-01-24,192.68035888671875,194.54277541900203,192.52185213587853,193.59175002999643,53631300,AAPL,186.42739181518556,188.74846893310544,179.59737678527833,-0.003483841010078703,0.014280845107703657,-0.018222078127053065,69.50899605165831,0.590170133738809,-0.5214602889091304,186.42739181518556,195.77274085139766,177.08204277897346,0.10025725238356167
2024-01-25,192.3534240722656,194.4337833882936,191.3033434118829,193.3936037302796,54822100,AAPL,186.48286819458008,188.90241546630855,179.75981590270996,-0.0016967729162543632,0.014269767300016608,-0.019887932314663563,75.26788327609653,0.8730702040630263,-0.24255419031469913,186.48286819458008,195.96083649120533,177.00489989795483,0.1016497481874393
2024-01-26,190.61981201171875,192.9379165033589,190.14430688636483,192.45251037482265,44594000,AAPL,186.44671096801758,189.05338989257808,179.91965476989745,-0.009012639462531946,0.014423435857569573,-0.028721329013588225,72.23103324106658,0.9464722007228659,-0.004748912107186115,186.44671096801758,195.85185114036986,177.0415707956653,0.10088823904183111
2024-01-29,189.93624877929688,190.4018528619721,187.8063693410428,190.2136280052267,47145600,AAPL,186.35507583618164,189.13838745117184,180.07952896118164,-0.0035860030770560325,0.014432849858374971,-0.03220433731642444,64.28898585134507,0.9386656188731308,0.18393399408887728,186.35507583618164,195.5757828954373,177.13436877692598,0.09895847502819045
2024-01-30,186.28076171875,190.0055942449072,185.71610228505008,189.15363947733223,55859400,AAPL,186.1326759338379,189.1389822387695,180.1941904449463,-0.019245863199048974,0.015006541654685752,-0.05083040024506545,55.83257124588291,0.6302465015526764,0.2731964955816371,186.1326759338379,195.12084372133572,177.1445081463401,0.0965780752079524
2024-01-31,182.67483520507807,185.3495873813065,182.6253150741395,185.29013601531707,55467800,AAPL,186.07125549316407,189.03377624511714,180.29254890441894,-0.019357482116785785,0.013366303054283976,-0.06920393379811829,46.73953419993294,0.09377303815625737,0.23731180409656116,186.07125549316407,195.1399971486582,177.00251383766994,0.09747600865548313
2024-02-01,185.1118011474609,185.20095550981347,182.10024901841177,182.26865674153308,64885400,AAPL,186.20053482055664,188.97770538330076,180.40299354553224,0.013340457866826583,0.013582417347129918,-0.056786688094344125,52.16649184504423,-0.13320772594607888,0.16320789808803318,186.20053482055664,195.129126765676,177.27194287543728,0.09590296777314782
2024-02-02,184.1112823486328,185.5774319441079,177.57302274507782,178.1773164815156,102551700,AAPL,186.39569320678712,188.866753540039,180.50231834411622,-0.005404943351132285,0.013295989680824979,-0.06188470261322809,49.88328407039421,-0.3893370866057637,0.052698901149273794,186.39569320678712,194.93492739218334,177.8564590213909,0.09162480139412675
2024-02-05,185.92413330078125,187.47945226083425,184.10135123689923,186.3897373769733,69668800,AAPL,186.7176528930664,188.80810699462887,180.60498489379881,0.009846495711846925,0.013373386638485196,-0.05264755436029131,56.85743599801163,-0.4409564574742433,-0.04603217057542963,186.7176528930664,194.62173131324457,178.81357447288823,0.08466342949056722
2024-02-06,187.52899169921875,187.53889270164484,185.02266252630227,185.1118168962398,43490800,AAPL,186.90290374755858,188.76828277587887,180.72051040649413,0.008631791741856354,0.01242570010913108,-0.04447020534339097,60.960306344884835,-0.3483509475103972,-0.10649592596242315,186.90290374755858,194.69429175322645,179.1115157418907,0.0833736432066497
2024-02-07,187.6379547119141,189.2626108824053,186.84543618864265,188.85644306077413,53439000,AAPL,187.11440505981446,188.75718719482418,180.84462173461915,0.0005810462249491444,0.012401781004558214,-0.043914998363379365,51.600934294606354,-0.2631347555287107,-0.13782369187568067,187.11440505981446,194.73408864374025,179.49472147588867,0.08144411523516881
2024-02-08,186.5581512451172,187.76672344535,185.59722501634783,187.6181328392653,40962000,AAPL,187.21990814208985,188.72806213378902,180.9618048095703,-0.005754717740633852,0.012448703654583327,-0.04941699768385157,42.80633381598669,-0.27950941436984067,-0.16616083637451268,187.21990814208985,194.7419537384699,179.6978625457098,0.0803551894777261
2024-02-09,187.32192993164065,188.45270503827624,186.4788016360717,187.12353611951417,45155200,AAPL,187.3933204650879,188.7021267700195,181.09050254821778,0.004094051540636912,0.012436654065657412,-0.04552526187871578,38.552500178198514,-0.22822505625353529,-0.1785736803503172,187.3933204650879,194.74663064729924,180.04001028287655,0.07847996037384156
2024-02-12,185.6356658935547,187.1433710203601,185.278578235504,186.89539390047275,41781900,AAPL,187.46607208251953,188.662873840332,181.21081840515137,-0.009001957425387008,0.012633563106408,-0.05411740283489104,31.773353041179803,-0.3199609376193848,-0.20685113180413073,187.46607208251953,194.71357905002452,180.21856511501454,0.07732073208761481
2024-02-13,183.54275512695312,184.7033014728981,182.0251362257312,184.2668592804613,56529500,AAPL,187.54760818481446,188.5702709960937,181.29773010253905,-0.011274292343162462,0.012580046085946655,-0.06478155975764022,29.777295696797026,-0.5551433452831134,-0.2765095744999273,187.54760818481446,194.5650646274993,180.53015174212962,0.07483386763076878
2024-02-14,182.6599578857422,184.0287965614488,180.9638026996327,183.82050423664705,54630500,AAPL,187.6320602416992,188.43445312499998,181.37396278381348,-0.004809763483174967,0.012571641015500908,-0.06927973926030974,29.06225054332549,-0.8034992184463476,-0.3819075032892114,187.6320602416992,194.35054868521684,180.91357179818158,0.07161343786198555
2024-02-15,182.372299194336,182.9972063987348,179.8826142837668,182.0648099779881,65434500,AAPL,187.40741119384765,188.32874389648433,181.44920112609864,-0.0015748316967538756,0.010060433694322855,-0.07074546702773363,30.99856920378147,-1.0118704765816062,-0.5079000979476904,187.40741119384765,194.5226092161894,180.2922131715059,0.07593294178725991
2024-02-16,180.83485412597656,183.3543104413224,180.2000332285072,181.93587327545112,49752500,AAPL,186.96076126098632,188.11323211669918,181.52193214416505,-0.00843025544532472,0.009369999220459778,-0.07857932011441571,29.825096651773023,-1.2862382144589048,-0.6635677212499334,186.96076126098632,194.55730621558746,179.36421630638517,0.08126352185736781
2024-02-20,180.09092712402344,180.9538827825082,178.54355209419236,180.31906186936408,53665600,AAPL,186.36150588989258,187.90463562011715,181.5963207244873,-0.00411384744135046,0.008726386185044219,-0.08236990422077038,34.245510251795764,-1.5458853116472824,-0.8400312393294033,186.36150588989258,194.14755363697014,178.57545814281502,0.08355854080378346
2024-02-21,180.84475708007807,181.4101370299972,179.19818540957374,180.46782702325083,41371400,AAPL,185.73604507446288,187.67248077392574,181.68266754150392,0.004185829725533496,0.008596522515907486,-0.0785288608888135,44.55092965312699,-1.6715610145267021,-1.006337194368863,185.73604507446288,193.15824440513745,178.3138457437883,0.07992201328179419
2024-02-22,182.878173828125,183.463411373256,180.98364000764028,181.99537582737872,52292200,AAPL,185.2459358215332,187.452463684082,181.7408010864258,0.011243990596567555,0.009190531942698312,-0.06816784806563898,43.185599462233064,-1.5887658728982785,-1.1228229300747463,185.2459358215332,192.0020285250304,178.48984311803602,0.07294187236589135
2024-02-23,181.04315185546875,183.5427504912176,180.75548990166288,183.512994445696,45119700,AAPL,184.68042221069337,187.2458734130859,181.7901049041748,-0.010034122357219455,0.009336901792623267,-0.07751796589453944,41.09319864878399,-1.652175809636077,-1.2286935059870125,184.68042221069337,190.79448945696862,178.5663549644181,0.06621240273427573
2024-02-26,179.6941375732422,181.2811820044428,179.1882545795608,180.76540051034647,40867400,AAPL,184.13413848876954,186.98198883056637,181.84119812011718,-0.007451341121720634,0.009290253147170541,-0.08439169420931793,31.413749370654457,-1.7906414200824656,-1.3410830888061032,184.13413848876954,189.95934328873406,178.308933688805,0.06327131783137332
2024-02-27,181.1522674560547,182.43182285515783,178.10710087323727,179.63464855081253,54318900,AAPL,183.69493942260743,186.68287475585933,181.89075149536131,0.008114510036356437,0.009608128247757433,-0.07696198142260807,30.807983856672067,-1.7624016493522277,-1.425346800915328,183.69493942260743,188.97750173359998,178.4123771116149,0.057514511043110624
2024-02-28,179.95204162597656,181.6382830805114,178.67248629654023,181.03321827875988,48953900,AAPL,183.37850341796874,186.35678436279292,181.93336631774903,-0.006625508181228201,0.008820175933701718,-0.08307757736627722,28.29356077582345,-1.8159366342352996,-1.5034647675793225,183.37850341796874,188.76603539415186,177.99097144178563,0.0587585990262281
2024-02-29,179.2874755859375,181.09275646398507,178.07734590919267,179.80327228471162,136682600,AAPL,183.20913543701172,186.02810150146482,181.97730194091798,-0.0036930175064106008,0.007805901758600224,-0.08646378792508398,28.973100063457053,-1.8901993790415759,-1.5808116898717732,183.20913543701172,188.89455128131354,177.5237195927099,0.062064763645549664
2024-03-01,178.20628356933594,179.06923911535185,175.94473341504963,178.0971730296413,73563100,AAPL,182.86385955810547,185.71108062744136,182.01830162048338,-0.006030493837163253,0.0071164262776388315,-0.09197286242202728,24.112690264704398,-2.0130906433446967,-1.667267480566358,182.86385955810547,188.8912157846102,176.83650333160074,0.06592178729104782
2024-03-04,173.6831817626953,175.46860492728393,172.38376893378626,174.7246735635979,81510100,AAPL,182.3424545288086,185.28279449462886,182.03668579101563,-0.025381270043044246,0.008832820783150851,-0.11501974440730625,20.766655122379404,-2.447249007150731,-1.8232637858832328,182.3424545288086,189.5951037973452,175.089805260272,0.07954976022756942
2024-03-05,168.74346923828125,170.6479317427376,168.24751498810025,169.37829007310003,95132400,AAPL,181.4834213256836,184.7975189208984,182.02730857849122,-0.02844093754087962,0.010002435066732453,-0.14018941258152975,18.22829311501532,-3.153563835360586,-2.0893237957787036,181.4834213256836,190.74226738239443,172.22457526897276,0.1020351720182225
2024-03-06,167.75155639648438,169.85441265484894,167.31511424596866,169.67586125903696,68587700,AAPL,180.4945495605469,184.2953771972656,182.00131340026854,-0.005878229517707778,0.009490961737635464,-0.14524357655613063,18.14329042241637,-3.750133299709802,-2.421485696564923,180.4945495605469,191.1534469052029,169.83565221589086,0.11810769212264217
2024-03-07,167.63253784179688,169.34853532264208,167.12666995146384,167.78131806385875,71765100,AAPL,179.49427871704103,183.81225311279294,181.9741796875,-0.0007094929981227294,0.009451649226203585,-0.1458500202536645,18.275000246315884,-4.1842888240073535,-2.7740463220534095,179.49427871704103,191.04781281256373,167.94074462151832,0.12873428811328264
2024-03-08,169.34854125976562,172.29451084245372,167.5730316278488,167.63254371875993,76267000,AAPL,178.63379821777343,183.37434600830073,181.96036842346192,0.010236696527187394,0.010090735796391153,-0.1371063461222979,25.46610895897824,-4.339865798886763,-3.08721021742008,178.63379821777343,190.53053702455384,166.73705941099303,0.13319695293358794
2024-03-11,171.35218811035156,172.9690037589795,170.65785520874886,171.54065314121274,60139500,AAPL,177.83531112670897,182.9745306396484,181.96961708068847,0.011831497547490022,0.010585033592817853,-0.12689702197269914,32.2878664731854,-4.252464354669911,-3.3202610448700463,177.83531112670897,189.41628875121447,166.25433350220348,0.13024384809891845
2024-03-12,171.82830810546875,172.62183794587216,169.62626998762764,171.7489536078961,59825400,AAPL,177.1449432373047,182.57571777343747,181.97986328125,0.0027786046992908098,0.010642612566018632,-0.12447101393498768,31.51691529652301,-4.097545225206687,-3.4757178809373745,177.1449432373047,188.40990379149815,165.87998268311122,0.12718354075851704
2024-03-13,169.7453155517578,171.78864474969012,169.37829909505535,171.37204497358655,52488700,AAPL,176.45507125854493,182.15604888916013,181.97401329040528,-0.012122522631325627,0.010675592997705539,-0.13508463388294237,23.133174298248846,-4.0956388149522525,-3.59970206774035,176.45507125854493,187.76017837955905,165.14996413753082,0.12813581429404977
2024-03-14,171.6001739501953,172.8995716896694,170.65786388331372,171.51090581587792,72913500,AAPL,175.90208206176757,181.90998748779293,181.96538391113282,0.010927302426039232,0.01116929981418563,-0.12563344210445293,30.697492207008793,-3.899505329949335,-3.659662720182147,175.90208206176757,187.00949392684143,164.79467019669372,0.12629085153379274
2024-03-15,171.22323608398438,171.22323608398438,168.91208752136302,169.78497182252738,121752700,AAPL,175.34462890625,181.68392791748047,181.94563201904296,-0.002196605385262229,0.011165817970984915,-0.1275540803942195,31.967918655888866,-3.731469804474415,-3.674024137040601,175.34462890625,186.20103280485802,164.48822500764197,0.12382932931937735
2024-03-18,172.3143310546875,176.2720510790249,172.1159523987632,174.14936767646017,75604200,AAPL,174.91860275268556,181.52605224609374,181.9315827178955,0.006372353400492692,0.011283150694016407,-0.12199454667167371,30.887959542870874,-3.470255252043671,-3.633270360041215,174.91860275268556,185.53390767263437,164.30329783273675,0.12137422495830946
2024-03-19,174.65524291992188,175.18095319129145,171.62991909909198,172.92931675607417,55215200,AAPL,174.64681854248047,181.4294583129883,181.9152082824707,0.013585125804141285,0.011818831952585939,-0.11006673213148632,39.084198563683024,-3.0393134994704667,-3.5144789879270655,174.64681854248047,184.97910217391978,164.31453491104116,0.11832203664135023
2024-03-20,177.2242889404297,177.2242889404297,173.67325471299228,174.29816190798687,53423100,AAPL,174.46579513549804,181.29746459960938,181.90743057250975,0.014709240773755017,0.0123077533280064,-0.09697648942183368,46.0575875105184,-2.4621068768786643,-3.3040045657173853,174.46579513549804,184.46226741853633,164.46932285245975,0.11459521077211236
2024-03-21,169.9833526611328,176.05384289670778,169.45764237357878,175.61740074055217,106181300,AAPL,173.82105407714843,181.02897308349608,181.87021591186524,-0.04085747118856131,0.014845783086425446,-0.13387174648787462,37.28135844753169,-2.5594458144856276,-3.155092815471034,173.82105407714843,183.17576334009547,164.4663448142014,0.10763608945548175
2024-03-22,170.88600158691406,171.64977539848843,168.68396342338923,170.37020490965267,71160100,AAPL,173.3131965637207,180.75773132324218,181.83934234619142,0.005310219569446328,0.014889115304794328,-0.12927241528642414,45.12785539099733,-2.534534859106998,-3.0309812241982272,173.3131965637207,182.10281642670242,164.523576700739,0.10143047427724407
2024-03-25,169.46755981445312,170.54873636107317,168.0788789435942,169.1898266673456,54288300,AAPL,172.80186767578124,180.47000885009766,181.80824325561522,-0.00830051472495541,0.014904352272270185,-0.13649990242476406,51.43756785838923,-2.599286190911414,-2.944642217540865,172.80186767578124,181.21008547996328,164.3936498715992,0.09731628387209247
2024-03-26,168.33682250976562,170.03297781398425,168.20786954283594,168.62446935677252,57388400,AAPL,172.1610954284668,180.15313262939452,181.75790534973146,-0.006672293540578078,0.014698804814348827,-0.1422614285481038,51.155583835564606,-2.7105970627456486,-2.8978331865818214,172.1610954284668,179.80875447088016,164.51343638605346,0.08884305740945946
2024-03-27,171.90765380859375,172.19531573949365,168.7335497446837,169.03112531152695,60273300,AAPL,171.75887603759764,179.9530450439453,181.72349517822266,0.02121241951457753,0.01567843220422962,-0.12406671813663177,57.42847113073838,-2.4820638010255607,-2.814679309470569,171.75887603759764,178.47008509287306,165.04766698232223,0.0781468674003939
2024-03-28,170.09246826171875,170.8363996494882,169.13031578937776,170.36028779920613,65672700,AAPL,171.29912567138672,179.73547607421875,181.66602867126466,-0.010559073471481772,0.01578841459763945,-0.13331576201594325,51.288212514638175,-2.4195290236334586,-2.735649252303147,171.29912567138672,177.02646084494418,165.57179049782926,0.06686940346145784
2024-04-01,168.65419006347656,169.86431956551354,168.10863739693175,169.80480748103986,46240500,AAPL,170.82152099609374,179.37125427246093,181.60374198913576,-0.008455860585367736,0.01582615334767168,-0.14064432310387215,45.23473798820651,-2.4576960027600308,-2.6800586023945234,170.82152099609374,175.64549573918313,165.99754625300434,0.0564797071816227
2024-04-02,167.47381591796875,167.96977013364764,166.86875116942764,167.71187939021036,49329500,AAPL,170.51105270385742,178.92537353515624,181.5323917388916,-0.006998783398524222,0.014944573965020316,-0.14665876734876032,42.4956900496157,-2.5537518754750863,-2.654797257010636,170.51105270385742,175.35875849366735,165.66334691404748,0.05686089802318449
2024-04-03,168.27728271484375,169.29894733031932,167.2159484161416,167.42424073989756,47691700,AAPL,170.48774337768555,178.44939849853515,181.45488243103028,0.004797566667189113,0.013603647285835466,-0.14256480589525472,47.35334588863415,-2.5358125227179187,-2.631000310152093,170.48774337768555,175.3755521608554,165.5999345945157,0.057339122289181414
2024-04-04,167.45399475097656,170.5289019190824,167.45399475097656,168.9120862737285,53704400,AAPL,170.47286529541014,177.93139892578125,181.37864135742188,-0.004892448645384295,0.013583187417524298,-0.14675976354915732,42.23625306722348,-2.5585347189834238,-2.61650719191836,170.47286529541014,175.39741580583663,165.54831478498366,0.05777518318698753
2024-04-05,168.2078399658203,169.01128340394683,167.58293278713433,168.217753601793,42104800,AAPL,170.50163040161132,177.44194854736327,181.3057248687744,0.004501804904474271,0.013618802248402994,-0.14291864246800814,44.43224175966597,-2.487044118075886,-2.590614577149865,170.50163040161132,175.36263571867576,165.64062508454688,0.0570200449768661
2024-04-08,167.08700561523438,167.83093708737283,166.87871327881734,167.66231443659373,37425500,AAPL,170.38855361938477,176.93662017822265,181.23239112854003,-0.006663389475863202,0.013490921291080956,-0.1486297093657454,40.35862803415956,-2.492101867632954,-2.570912035246483,170.38855361938477,175.46302721881275,165.31408001995678,0.059563550386880874
2024-04-09,168.297119140625,168.70380527202582,166.98780774616682,167.3349666518587,42373800,AAPL,170.23580017089844,176.49016632080077,181.15009040832518,0.007242415536353963,0.01330639640156512,-0.14246373194566575,37.762496945660956,-2.371131197965525,-2.5309558677902917,170.23580017089844,175.37169399265937,165.0999063491375,0.06033858702582001
2024-04-10,166.4224090576172,167.72180678766216,165.75783217031642,167.43415997850798,49709300,AAPL,169.96550521850585,176.0198895263672,181.0599969482422,-0.01113928801978692,0.013471529897926078,-0.15201607542293616,28.63864158668237,-2.3988816919080023,-2.504541032613834,169.96550521850585,175.31315317055112,164.6178572664606,0.06292627371854524
2024-04-11,173.6236572265625,174.040272115757,166.7993370367697,166.97787330186227,91070300,AAPL,170.1594223022461,175.76674743652345,181.01287506103515,0.04327090449971904,0.016523414529542972,-0.11532304400526518,57.21023627425439,-1.8188273054011006,-2.3673982871712873,170.1594223022461,175.74924151328918,164.56960309120302,0.06570096601661174
2024-04-12,175.12144470214844,176.91679662448954,172.80038249764078,172.8499658132502,101670900,AAPL,170.33548583984376,175.61567962646484,180.95945945739746,0.008626632450389415,0.016460456192401923,-0.10769126106856934,58.1957890485026,-1.2241597417902597,-2.138750578095082,170.33548583984376,176.3239802109969,164.34699146869062,0.07031411383983441
2024-04-15,171.2926788330078,175.20080068867838,171.10421379905583,173.94107267383276,73531800,AAPL,170.3389579772949,175.33929718017578,180.8810213470459,-0.021863489509538314,0.017239576306980236,-0.12720024382146608,53.23036021685715,-1.0497301844563367,-1.920946499367333,170.3389579772949,176.32969968998447,164.34821626460536,0.07033906727887912
2024-04-16,168.0094757080078,172.35402488220237,166.9084566077323,170.360294137519,73711200,AAPL,170.12371520996095,175.0172610473633,180.78448776245116,-0.019167212208764495,0.017695163988671037,-0.14392938196389793,49.46163486532214,-1.163014054813459,-1.7693600104565583,170.12371520996095,176.1249516552629,164.122478764659,0.07055143885019696
2024-04-17,166.640625,169.26917642354965,166.640625,168.2375982616629,50901200,AAPL,169.72298431396484,174.63159088134765,180.6594725036621,-0.008147461339542583,0.017409880681500525,-0.1509041842282654,40.661280268728305,-1.34771157034956,-1.6850303224351588,169.72298431396484,175.5169185949442,163.9290500329855,0.0682751874108147
2024-04-18,165.6884002685547,167.27546002889196,165.20237475763562,166.67039519798726,43122900,AAPL,169.14618988037108,174.19477905273436,180.53715553283692,-0.005714241238865436,0.016958854825288337,-0.15575612255449636,41.94485578745192,-1.5530200118637651,-1.6586282603208802,169.14618988037108,174.01954200880053,164.27283775194164,0.05762296072854058
2024-04-19,163.66490173339844,165.05356757276493,162.7523477339115,164.86511767231858,68149400,AAPL,168.83026733398438,173.71531799316406,180.41030319213868,-0.012212674706717386,0.014668107886814366,-0.1660665984028761,41.06573547332929,-1.8575946567450785,-1.6984215396057198,168.83026733398438,174.262296163432,163.39823850453675,0.06434899281065345
2024-04-22,164.49810791015625,165.9066162144586,163.43677364744048,164.18070504913473,48116400,AAPL,168.5108726501465,173.27411712646483,180.28524581909178,0.0050909276694832695,0.014662600994726658,-0.16182110377417902,44.60434560785499,-2.0085857557939732,-1.7604543828433707,168.5108726501465,174.17998108078837,162.84176421950463,0.06728477921317015
2024-04-23,165.5495147705078,165.69831011966792,163.58554027123327,164.01206877643943,49537800,AAPL,168.31497039794922,172.8386688232422,180.17102767944337,0.006391604582624222,0.014687916621756902,-0.15646379570000318,45.097995126705115,-2.02012084731939,-1.8123876757385746,168.31497039794922,174.1141734412885,162.51576735460995,0.06890893934898537
2024-04-24,167.6523895263672,167.93012271313196,164.86512888648411,165.19244539313124,48251800,AAPL,168.2807487487793,172.47900329589845,180.07754974365236,0.012702391539923807,0.014935640947352953,-0.14574886855488353,50.340854395768595,-1.838386299217234,-1.8175874004343067,168.2807487487793,174.08748175862166,162.47401573893694,0.06901244560672877
2024-04-25,168.5153350830078,169.2295104164757,166.78940883790665,168.15824741627387,50558300,AAPL,168.1111328125,172.17845489501954,179.9910047149658,0.005147230880982567,0.014139977427979959,-0.141351840750995,50.52632238761064,-1.6062124487588676,-1.775312410099219,168.1111328125,173.66444198801474,162.55782363698523,0.06606711979876488
2024-04-26,167.9301300048828,169.9536169013635,167.8110906801551,168.50543881254012,44838400,AAPL,168.0030158996582,171.88385833740233,179.8931851196289,-0.0034727111205442585,0.013973058031890548,-0.14433367776225386,51.47008507896238,-1.4526884701731149,-1.7107876221139982,168.0030158996582,173.47754428235936,162.52848751695706,0.06517178698709646
2024-04-29,172.09613037109375,174.60565774723543,171.69937301226366,171.9671774185786,68169400,AAPL,168.17511291503905,171.6783349609375,179.81239181518555,0.024807938671218777,0.014929188965069392,-0.12310636011715248,56.005026458854914,-0.9835207828635077,-1.5653342542639002,168.17511291503905,173.94430332512795,162.40592250495015,0.06860932405621102
2024-04-30,168.9517822265625,173.57407962239418,168.6244505944639,171.92750782528833,65934800,AAPL,168.24901123046874,171.44067352294923,179.71513565063478,-0.018270882312990122,0.015455143277392447,-0.13912798061246148,53.84384926146801,-0.8555622384341177,-1.4233798510979438,168.24901123046874,174.0182413891502,162.47978107178727,0.06857966197232188
2024-05-01,167.9301300048828,171.31254198345843,167.74166494811112,168.20786320370715,50383100,AAPL,168.2316535949707,171.1974575805664,179.596469039917,-0.006047004702854575,0.015488543575826774,-0.14433367776225386,39.34672985197439,-0.8270591430928391,-1.304115709496923,168.2316535949707,174.0026142770544,162.46069291288703,0.06860731091638281
2024-05-02,171.62991333007812,172.01675700988142,169.50722990892024,171.1141167118999,94214900,AAPL,168.4404495239258,171.0131607055664,179.4975859069824,0.02203168261161781,0.01619405970359096,-0.12548190892926145,43.96429342025923,-0.5001630721621098,-1.1433251820299604,168.4404495239258,174.3922814457689,162.48861760208268,0.07066986509078026
2024-05-03,181.8961944580078,185.48689856009224,181.18201909229816,185.1397245140056,163224100,AAPL,169.12486724853517,170.99352111816407,179.44326606750488,0.059816385901131364,0.02082188370619595,-0.0731713973162534,64.99303113335779,0.5806145442955426,-0.7985372367648598,169.12486724853517,177.58405536949195,160.6656791275784,0.10003482348371273
2024-05-06,180.2397003173828,182.70954279745968,178.9601298757301,180.87452115240256,78569700,AAPL,169.7825019836426,170.97745208740236,179.39039573669433,-0.009106810318714076,0.020895531830752732,-0.08161184959885305,68.12703033504881,1.288618961421406,-0.3811059971276066,169.7825019836426,179.52267184736968,160.0423321199155,0.11473702825589753
2024-05-07,180.92410278320312,183.4038740117849,179.8528549315395,181.965609726272,77305800,AAPL,170.4138511657715,171.00205139160155,179.34682609558106,0.0037971793373776652,0.020881585249126026,-0.0781245650904573,71.6086807578627,1.8832343685635635,0.0717620760106274,170.4138511657715,181.3162283862019,159.51147394534107,0.12795177323731796
2024-05-08,181.2613677978516,181.58869942461465,179.9817973354757,181.3704783401059,45057100,AAPL,171.1557991027832,171.0042333984375,179.3009412384033,0.0018641242900212518,0.020591488636849117,-0.07640607469986854,74.0061551952219,2.3545441118683925,0.5283184831821804,171.1557991027832,182.90153481431474,159.41006339125164,0.13725197478676085
2024-05-09,183.07655334472656,183.165821474438,180.6364518520254,181.0828076359048,48983000,AAPL,171.6284439086914,171.0667236328125,179.25983474731444,0.010014188731596319,0.01853387605696996,-0.0671570308205572,80.11701527249588,2.841772596979098,0.991009305941564,171.6284439086914,184.49919537655853,158.75769244082426,0.14998389747930765
2024-05-10,181.8151397705078,183.8413711732151,180.90134794922,183.6526504965416,50759500,AAPL,171.96312866210937,171.1172769165039,179.20807388305664,-0.006890088059739452,0.018602409255847205,-0.07358440102411236,76.51492106658817,3.0904938589147264,1.4109062165361967,171.96312866210937,185.54480824397154,158.3814490802472,0.15796036845257497
2024-05-13,185.02333068847656,185.8378061410755,183.37452561798457,184.18900107058352,72044800,AAPL,172.6496612548828,171.2536178588867,179.17867706298827,0.017645345277726765,0.01801922924078326,-0.05723747790951082,77.96994181749963,3.506065703073574,1.8299381138436723,172.6496612548828,187.4243724390447,157.8749500707209,0.17115250706863522
2024-05-14,186.1655731201172,187.029714327999,185.0332642686859,186.24503525163803,52393600,AAPL,173.55746612548828,171.50326568603515,179.14209800720215,0.00617350486228041,0.017174563979970744,-0.05141732889540945,77.3447747698205,3.8828200689349046,2.2405145048619186,173.55746612548828,189.3292182773284,157.78571397364814,0.18174674364554955
2024-05-15,188.4401397705078,189.3638586651008,186.1059869360216,186.6423525539196,70400000,AAPL,174.64744186401367,171.89719909667969,179.11382904052735,0.012217976784155704,0.016938598937653617,-0.0398275678420012,78.25169039523185,4.315196241433654,2.6554508521762656,174.64744186401367,191.38972448313504,157.9051592448923,0.1917266286918473
2024-05-16,188.559310913086,189.81082048816583,188.3805324914181,189.1850657006259,52845200,AAPL,175.79098739624024,172.31335418701173,179.09030548095703,0.0006324084811406561,0.016760198764851856,-0.039220346652547124,79.64218559796817,4.614283006287252,3.047217282998463,175.79098739624024,193.07234867371216,158.50962611876832,0.19661259696458733
2024-05-17,188.589111328125,189.5227724100756,187.9037637187845,188.23153932133224,41282900,AAPL,177.03719787597657,172.73248565673828,179.0818992614746,0.00015804265986485433,0.01624921009565841,-0.03906850248058797,76.89587764620634,4.798403063069827,3.397454439012736,177.03719787597657,194.2311692037054,159.84322654824774,0.19424134062237103
2024-05-20,189.751220703125,190.6252889956646,187.73491647398643,188.05276500067424,44361300,AAPL,178.299853515625,173.14053924560548,179.08626899719238,0.006162123395226482,0.016243534783386603,-0.033147124018513635,86.26304750574361,4.980677894588126,3.7140991301278143,178.299853515625,195.32483022373617,161.2748768075138,0.1909701704451398
2024-05-21,191.05239868164065,191.4298248674488,189.63203768676544,189.80088903544183,42309400,AAPL,179.57499771118165,173.53454345703125,179.14249420166016,0.006857283835614458,0.016242514859687356,-0.026517139420628427,89.9236851992073,5.170523622473127,4.005384028596877,179.57499771118165,196.39805905902082,162.75193636334248,0.1873652965308282
2024-05-22,189.61216735839844,191.51922822288097,188.9864276944718,190.97293553544336,34648500,AAPL,180.6729866027832,173.89022064208984,179.20702995300292,-0.007538410054940714,0.016517233384264637,-0.03385565240513238,83.67648445603992,5.145449558734327,4.233397134624367,180.6729866027832,197.08099308077922,164.26498012478717,0.18163209438796388
2024-05-23,185.6193084716797,189.71151001586625,185.3709949768945,189.69164069264465,51005900,AAPL,181.5281852722168,174.20770050048827,179.24690841674806,-0.02105803093939418,0.017616315525724256,-0.05420074996870595,59.114061169298786,4.748648377562716,4.336447383212037,181.5281852722168,197.02581176644736,166.03055877798624,0.17074622842717854
2024-05-24,188.6983642578125,189.2943226367172,186.771449342652,187.54620129756856,36327000,AAPL,182.56659698486328,174.54966430664064,179.31013542175293,0.016588014530840578,0.01768011557397666,-0.03851181826592867,69.35827334511791,4.629271294027916,4.3950121653752126,182.56659698486328,196.9725636578301,168.16063031189645,0.15781601794507058
2024-05-28,188.7082977294922,191.69798625592665,187.8243024405564,190.21803261577213,52280100,AAPL,183.3972053527832,174.8993655395508,179.37449897766112,5.264206565191998e-05,0.017152221741351063,-0.03846120354194219,68.38218602241119,4.483779425249736,4.412765617350118,183.3972053527832,197.16266954995234,169.63174115561407,0.15011640085452627
2024-05-29,189.0062866210937,190.9530710228537,188.23154975607,188.33088121296123,53068000,AAPL,184.39993057250976,175.23320465087892,179.440055770874,0.0015790979791925341,0.016303002882086207,-0.03694283957154004,68.32342622883337,4.34246406157402,4.398705306194898,184.39993057250976,196.56329582473364,172.23656532028588,0.1319237508871079
2024-05-30,189.99952697753903,190.88352231957748,189.34399093884025,189.4731036365416,49889100,AAPL,185.50340042114257,175.54009033203124,179.5023176574707,0.005255065184347707,0.01606682730971622,-0.03188191141723574,67.04160112262474,4.261492975315775,4.3712628400190745,185.50340042114257,195.11149616056724,175.8953046817179,0.10358942981758512
2024-05-31,190.9530487060547,191.2708972062775,188.62883838261533,190.1485155291604,75158300,AAPL,186.4695571899414,175.81466552734375,179.57929000854492,0.005018547907376547,0.015635364883954034,-0.027023364409685374,72.84010227401006,4.2255544789515795,4.342121167805575,186.4695571899414,193.825964881352,179.11314949853082,0.0789019698686496
2024-06-03,192.72105407714844,193.67458449503025,191.22124613590765,191.5986723140291,50080500,AAPL,187.01080017089845,176.26941955566406,179.6694554901123,0.00925884861788906,0.009110533263923932,-0.018014721032011675,70.73304049633235,4.290280535859466,4.331753041416354,187.01080017089845,194.54124608549117,179.48035425630573,0.08053487721255752
2024-06-04,193.03887939453125,194.0023367795345,191.7277771220464,193.3269163239317,47471400,AAPL,187.65075912475587,176.7124771118164,179.77392326354982,0.0016491468402595189,0.00866911814919847,-0.016395283112020258,69.3729006730748,4.317453334699735,4.328893100073031,187.65075912475587,194.92957006137613,180.3719481881356,0.07757827328352121
2024-06-05,194.54861450195312,195.5716646905796,193.5553607144828,194.081784009374,54156800,AAPL,188.33198471069335,177.21409820556642,179.8835157775879,0.00782088619741872,0.008723583707447457,-0.008702622557995065,67.99292732893397,4.409975526580354,4.345109585374495,188.33198471069335,195.50960062306407,181.15436879832262,0.07622301568580227
2024-06-06,193.16802978515625,195.1744070683784,192.86012347629529,194.36987376952155,41181800,AAPL,188.92731781005858,177.71072235107422,179.97952728271486,-0.0070963482332228045,0.009045529026005271,-0.015737213951004015,62.63627304059245,4.322076177835413,4.340502903866679,188.92731781005858,195.59249182099484,182.26214379912233,0.07055807585896293
2024-06-07,195.561767578125,195.61143330627965,192.83031924399432,193.33687329712623,53103900,AAPL,189.55157852172852,178.18380462646485,180.08063163757325,0.012391997762937645,0.009154430388154075,-0.003540231708141973,66.92391792255347,4.394908179507581,4.35138395899486,189.55157852172852,196.2481139496832,182.85504309377384,0.07065660418319376
2024-06-10,191.8171844482422,195.96899354752293,190.8537269722117,195.5716829020276,97010200,AAPL,190.05168075561522,178.6182989501953,180.1437703704834,-0.019147828209247986,0.01022355150719812,-0.022620272168821485,54.45587305097718,4.103172681231484,4.301741703442185,190.05168075561522,195.73240490850634,184.3709566027241,0.059780835721162384
2024-06-11,205.7525329589844,205.762475197422,192.32375155853347,192.34360572370616,172373300,AAPL,191.08814086914063,179.36026580810548,180.3000331878662,0.07264911405527585,0.01849712868139566,0.0,70.521369414812,4.9394969135674955,4.429292745467247,191.08814086914063,199.7092037167514,182.46707802152986,0.09023127032791194
2024-06-12,211.6326141357422,218.7145040828182,205.50422428227435,205.97105482418647,198134300,AAPL,192.3614929199219,180.24344177246093,180.47466522216797,0.028578414526395868,0.019206131786885922,0.0,77.3501753056003,6.007512438317775,4.744936684037353,192.3614929199219,204.65995787856798,180.0630279612758,0.12786826273765528
2024-06-13,212.79470825195312,215.2877699355853,210.1725187191793,213.29133517221976,97862700,AAPL,193.57922134399413,181.13379028320313,180.6472918701172,0.005491091819456395,0.01916144626277941,0.0,86.30576585384549,6.868517722668088,5.1696528917635,193.57922134399413,208.73407236236156,178.4243703256267,0.1565751831539497
2024-06-14,211.0565185546875,213.71843162956225,209.874544034183,212.40734441299963,70122700,AAPL,194.7040817260742,182.00584075927733,180.791787109375,-0.00816838779283724,0.01939721247680069,-0.008168387792837283,80.97995735896194,7.32616179897073,5.600954673204946,194.7040817260742,211.53688409507313,177.87127935707528,0.172906517621759
2024-06-17,215.20831298828125,217.4729305867233,211.28496325493592,211.93057220447776,93728300,AAPL,196.03504180908203,182.94585021972657,180.93957954406739,0.01967148165820798,0.01958699159998499,0.0,82.93831617733801,7.932423103608812,6.06724835928572,196.03504180908203,214.916845418882,177.15323819928207,0.19263702484567932
2024-06-18,212.8443603515625,217.15509356895643,211.56306955662487,216.12210108008887,79943300,AAPL,197.1896987915039,183.86099731445313,181.07446388244628,-0.01098448570082644,0.01998757586067602,-0.01098448570082641,78.18225965781218,8.128438751850751,6.479486437798726,197.1896987915039,217.24165256498316,177.13774501802465,0.20337729502473598
2024-06-20,208.2654724121093,212.79472296910444,207.4410850045998,212.4868015263281,86172500,AAPL,198.05035247802735,184.66036437988282,181.17858848571777,-0.021512845968246985,0.020904957905630645,-0.03226102412015106,69.90693731264642,7.824113070809233,6.748411764400828,198.05035247802735,218.46745496552748,177.63324999052722,0.2061809255276665
2024-06-21,206.0902557373047,210.4605668046439,205.71281440805072,208.9706859649803,241805100,AAPL,198.87425689697267,185.45372131347656,181.27064987182618,-0.01044444213249307,0.021003086919135792,-0.04236851785308623,66.06920940744111,7.322996029600773,6.863328617440817,198.87425689697267,219.1872631421474,178.56125065179793,0.20427989587106732
2024-06-24,206.7358856201172,211.26512140596267,205.1963388988781,206.3187207615107,80727000,AAPL,199.93008575439453,186.11596588134765,181.39952758789062,0.003132753077057071,0.020139886384942397,-0.039368494880703854,65.24091395437131,6.898433255435577,6.870349545039769,199.93008575439453,219.52467477549936,180.3354967332897,0.19601441120948593
2024-06-25,207.6596069335937,209.95402109263304,207.20270345608853,207.73905391104032,55549700,AAPL,200.8781478881836,186.76672912597655,181.55948875427245,0.004468122748528813,0.019973169180117982,-0.035076275399726804,65.69301320056336,6.5608711496240915,6.808453865956634,200.8781478881836,220.0140612642413,181.74223451212592,0.19052259867220064
2024-06-26,211.81138610839844,213.41052543273105,209.2189929218928,210.07319184959564,66213200,AAPL,202.0333023071289,187.57710327148436,181.7371418762207,0.019993195769326677,0.020210383978612367,-0.01578436647132579,67.53434309274286,6.5528277114414095,6.7573286350535895,202.0333023071289,220.8628027838233,183.20380183043451,0.1863999673486501
2024-06-27,212.6556396484375,214.2845752359504,210.9174455392564,213.2416557392717,49772700,AAPL,203.21576995849608,188.47002655029297,181.91317901611328,0.003985874204170514,0.020189954428419973,-0.011861406766302521,70.01222225704346,6.5391976338775635,6.7137024348183845,203.21576995849608,221.56489434280488,184.8666455741873,0.18058760290164824
2024-06-28,209.19911193847656,214.61235731022023,208.88127860134253,214.31437813701,82542700,AAPL,204.17574920654297,189.3211962890625,182.08707054138185,-0.01625410788858117,0.020800977810166044,-0.02792271806959384,63.705306250385284,6.178263623209574,6.606614672496622,204.17574920654297,221.5991414469255,186.75235696616045,0.17067053563503398
2024-07-01,215.2877655029297,216.0426329500864,210.49034773322808,210.6591990639401,60402900,AAPL,205.39248504638672,190.31318359375,182.30174385070802,0.029104586095201723,0.0214865318444541,0.0,72.52622304910238,6.310777561608859,6.5474472503190695,205.39248504638672,222.31961998651917,188.46535010625428,0.16482720812603782
2024-07-02,218.7840118408203,218.8932703615941,213.6488916761499,214.6917960084413,58046200,AAPL,206.6956329345703,191.41556579589843,182.52632987976074,0.01623987470780386,0.021594767791069114,0.0,65.6413928759155,6.62158417207695,6.562274634670645,206.6956329345703,223.5280043207774,189.86326154836323,0.1628710887330202
2024-07-03,220.055404663086,220.055404663086,217.55240059045883,218.5158580863075,37369800,AAPL,208.04645919799805,192.52671173095703,182.7608840942383,0.005811177935573841,0.021564799353484564,0.0,61.367298187808956,6.891055625677666,6.62803083287205,208.04645919799805,224.59809071115978,191.4948276848363,0.15911476289446994
2024-07-05,224.8130645751953,224.922323100946,220.1547017635972,220.1547017635972,60412400,AAPL,209.55968170166017,193.71198272705078,183.0045844268799,0.021620282034851668,0.021818896503958497,0.0,64.78494270432293,7.403177861508311,6.783060238599303,209.55968170166017,226.4458255064107,192.67353789690964,0.16115832652189752
2024-07-08,226.2831115722656,226.31290797690275,221.7439339584199,225.55802531049065,59085900,AAPL,211.21543579101564,194.88459716796876,183.25019340515138,0.006538974947243759,0.021550963158227587,0.0,68.85610563001828,7.837315238503635,6.99391123858017,211.21543579101564,227.82602354842777,194.6048480336035,0.1572857371451513
2024-07-09,227.1372985839844,227.852442617068,224.84288445944628,226.39235814584333,48076100,AAPL,212.7942123413086,196.05703643798827,183.51778259277344,0.0037748597576889864,0.02154800375379216,0.0,66.08627159197255,8.156277500748189,7.226384491013774,212.7942123413086,229.14045221272238,196.4479724698948,0.15363425246919254
2024-07-10,231.4082794189453,231.50761086701087,227.70344677503343,227.75311249906628,62627700,AAPL,214.77376708984374,197.32659942626952,183.8144436645508,0.01880352043273814,0.02071155446168571,0.0,73.8089413694997,8.653932701583386,7.511894133127697,214.77376708984374,229.97261021812403,199.57492396156346,0.1415335153284557
2024-07-11,226.03477478027344,230.8222502203033,224.2469149072093,229.82899641925096,64710600,AAPL,215.7878791809082,198.40537231445313,184.07998291015625,-0.02322088324654792,0.015890501108779324,-0.023220883246547953,72.33457958910016,8.51655754357921,7.712826815218,215.7878791809082,231.15792603476356,200.41783232705282,0.1424551454159269
2024-07-12,228.98475646972656,231.0705958043432,227.13730353661973,227.3756899381295,53046500,AAPL,216.6554862976074,199.6060317993164,184.353890914917,0.013051008157133337,0.01502496233012089,-0.010472931026081243,78.22678592391256,8.547198821867596,7.87970121654792,216.6554862976074,232.96801694627538,200.34295564893944,0.15058497642898708
2024-07-15,232.8187255859375,235.62963615278247,231.51756530413653,234.884695671826,62631300,AAPL,217.65668716430665,200.9038037109375,184.6673491668701,0.01674333774579373,0.015289899337409978,0.0,79.81379513627873,8.779645236385363,8.05969002051541,217.65668716430665,235.36939595558596,199.94397837302733,0.1627582319849257
2024-07-16,233.2358856201172,234.67610072880163,230.76267797901863,233.4146640454284,43234300,AAPL,218.76565551757812,202.13592315673827,184.99046173095704,0.0017917804211402544,0.015011190648695353,0.0,79.57729156174777,8.89498615947332,8.22674924830699,218.76565551757812,237.4869815677844,200.04432946737185,0.17115416042717901
2024-07-17,227.3359375,229.8985341554608,225.1110435034522,227.9020842921952,57345900,AAPL,219.37203674316407,203.04471801757813,185.28278831481933,-0.025296056412719925,0.01604808812148826,-0.025296056412719974,67.25544035914595,8.413334483826645,8.264066295410922,219.37203674316407,238.3914690037357,200.35260448259245,0.17339887565377488
2024-07-18,222.66766357421875,228.88544301040343,220.77056004528671,228.7265187407576,66034600,AAPL,219.8632019042969,203.89327728271485,185.54920112609864,-0.020534694061651648,0.01661404455449189,-0.04531130369497009,60.25642789169154,7.567695684225441,8.124792173173827,219.8632019042969,238.67912488972615,201.04727891886762,0.17116027441117276
2024-07-19,222.79676818847656,225.2699757257536,221.7737179376491,223.3033373506296,49151500,AAPL,220.58976669311522,204.73073059082031,185.80369499206543,0.0005798085459982616,0.015647494612065684,-0.04475776703008443,64.94868568936306,6.8292155604989375,7.865676850638849,220.58976669311522,238.62613698639433,202.55339639983612,0.16352862205408947
2024-07-22,222.4491577148437,226.24337986146955,221.58501648633228,225.47857008869343,48201800,AAPL,221.4077117919922,205.55448638916016,186.06312881469728,-0.0015602132672715152,0.015354320701570286,-0.04624814863542213,59.01029217805978,6.145078838195474,7.521557248150175,221.4077117919922,238.10984803582457,204.70557554815983,0.15087221767165607
2024-07-23,223.49205017089844,225.4090380410977,221.17776681088287,222.8563682936816,39960300,AAPL,222.24552001953126,206.3627963256836,186.32154411315918,0.004688228387862203,0.015353963162802563,-0.041776742130878675,56.31329231771524,5.622238595412853,7.14169351760271,222.24552001953126,237.46399886666578,207.02704117239674,0.13695195156957132
2024-07-24,217.06570434570312,223.2834835656707,215.6652278412252,222.4888774009256,61777600,AAPL,222.71582489013673,207.0678076171875,186.54164443969728,-0.028754247948780565,0.017010316959661983,-0.06932973127793567,46.47787113013066,4.635891859651224,6.640533186012414,222.71582489013673,236.5552640629557,208.87638571731776,0.12427890276450552
2024-07-25,216.0227966308593,219.360130348258,213.1721476257605,217.4530695190144,51391200,AAPL,222.92639541625977,207.68779693603517,186.74376770019532,-0.0048045715834633684,0.016554677298243704,-0.07380120320461195,38.650957227462285,3.727087484184892,6.05784404564691,222.92639541625977,236.18313874215852,209.669652090361,0.11893381491361822
2024-07-26,216.48960876464844,218.00928589319247,214.55275169554088,217.2246068899688,41601300,AAPL,223.11809387207032,208.29427764892577,186.94080505371093,0.0021609392206269895,0.016543048432894128,-0.07179974389851929,37.01942231780747,3.009825907421657,5.448240418001859,223.11809387207032,235.84998288343007,210.38620486071056,0.11412690732881453
2024-07-29,216.76773071289065,217.82057739339885,214.2945231128628,215.4963669678409,36311800,AAPL,223.49652481079102,208.86082946777344,187.14220100402832,0.001284689597016886,0.01603601987082826,-0.07060729468555722,36.0427536428336,2.4357551875106083,4.845743371903609,223.49652481079102,234.86318514720938,212.12986447437265,0.10171666289702908
2024-07-30,217.323959350586,218.8436366260917,214.6620309808042,217.7113277706981,41643800,AAPL,223.59833450317382,209.43612243652345,187.33940322875978,0.0025660121820993975,0.014709687919870203,-0.06822246168176596,28.936412396579854,2.002598301840777,4.277114357891043,223.59833450317382,234.6885305047972,212.50813850155043,0.09919748307844364
2024-07-31,220.5818328857422,222.31010016667176,219.14161772956027,219.94615098169663,50036300,AAPL,223.68822555541993,210.0759768676758,187.54839317321776,0.01499086223576751,0.01464217451876674,-0.054254312970454646,41.2940227225998,1.9002960859370717,3.801750703500249,223.68822555541993,234.64242778891773,212.73402332192214,0.09794169725561916
2024-08-01,216.88693237304688,222.9656416760084,215.5559757220857,222.8563831356547,62501000,AAPL,223.52980194091796,210.6186911010742,187.748109664917,-0.01675070183413163,0.015075124485572881,-0.0700962169848025,31.13379100286754,1.5037390828808554,3.34214837937637,223.52980194091796,234.7925242135344,212.26707966830153,0.10077154969781903
2024-08-02,218.3768005371093,224.0780833133434,216.24131073912352,217.6715836076827,105568600,AAPL,223.20798873901367,211.1651791381836,187.95591842651368,0.006869331166065029,0.014269245880790982,-0.06370839994669442,25.701760421277058,1.2947595285269244,2.9326706092064816,223.20798873901367,234.68214938891379,211.73382808911356,0.10281137977831337
2024-08-05,207.8582305908203,212.0596899943776,194.6777481915597,197.74689884962456,119548600,AAPL,222.2867446899414,211.53010040283203,188.11890090942381,-0.048167066833189276,0.017544160312989533,-0.10880682002181566,18.134102899745955,0.2771858132633156,2.401573650017849,222.2867446899414,235.541754509494,209.0317348703888,0.11926046096937969
2024-08-06,205.83200073242188,208.5733911865651,199.7135682482994,203.91502798694503,69660500,AAPL,221.2214797973633,211.93435424804687,188.27823226928712,-0.009748133872972131,0.017485618319066164,-0.11749429044692279,20.088337422635874,-0.6848539331347467,1.7842881333873297,221.2214797973633,236.15351914096334,206.28944045376323,0.13499628840090624
2024-08-07,208.404525756836,212.1987475040528,204.9976572409954,205.50421123787663,63516400,AAPL,220.0712921142578,212.32847747802734,188.45230606079102,0.012498178199989107,0.017090686853351054,-0.1064645768264205,28.93184390682825,-1.2255685024889544,1.1823168062120728,220.0712921142578,235.24143130991223,204.90115291860337,0.1378656802521822
2024-08-08,211.8709716796875,212.7549669805985,207.4211987727528,211.67232394520707,47161100,AAPL,219.36310195922852,212.79173095703126,188.65647453308105,0.016633256452866618,0.01718742746674564,-0.09160217298305363,35.30978712893027,-1.3587130800462717,0.6741108289604039,219.36310195922852,234.6827405359871,204.04346338246992,0.13967379600244664
2024-08-09,214.7812347412109,215.31758519349225,210.5400362270979,210.66916408754707,42201600,AAPL,218.65292587280274,213.30722991943358,188.8746007537842,0.013736016021690833,0.017221929021095043,-0.07912440587707965,40.354810167155826,-1.2153869854178083,0.29621126608476145,218.65292587280274,233.40072905830132,203.90512268730416,0.13489692055689978
2024-08-12,216.31260681152344,218.28152162650585,214.393415209592,214.86078610016068,38028100,AAPL,217.82761993408204,213.83349151611327,189.098207321167,0.00712991557273468,0.01676849348045443,-0.0725586406379914,41.07888002888056,-0.9670831622461833,0.043552380418572484,217.82761993408204,231.0009477176049,204.65429215055917,0.12095185897462696
2024-08-13,220.0316772460937,220.648202590176,217.7843155173404,217.7843155173404,44155300,AAPL,217.16740951538085,214.41506408691407,189.35198455810547,0.017193035992630445,0.017368849184718718,-0.056613107965426214,53.95134417826313,-0.4648442557243584,-0.0581269468100137,217.16740951538085,228.24630690001635,206.08851213074536,0.1020309392588747
2024-08-14,220.47915649414065,221.7818227179272,218.4704570730026,219.33559848009435,41960600,AAPL,216.8245704650879,214.9702261352539,189.62882469177245,0.0020337037541484637,0.01655907274790081,-0.054694538501481066,56.03258170833794,-0.030358514238002954,-0.05257326029561155,216.8245704650879,226.96300467276174,206.68613625741406,0.09351739229485787
2024-08-15,223.4623565673828,224.0888356302054,221.51331902381992,223.3430330024236,46414000,AAPL,216.8643051147461,215.57869567871094,189.91400177001952,0.013530531051906713,0.016235870141006723,-0.0419040536011384,58.83696842743637,0.5483725826750572,0.0676159082985222,216.8643051147461,227.1048763290876,206.62373390040457,0.09444220162394247
2024-08-16,224.7849273681641,225.56056092969672,222.3983497244224,222.6668429336896,44340200,AAPL,216.96371307373047,216.18342193603516,190.19555206298827,0.005918539574617299,0.016284432668004487,-0.0362335248260964,59.898605304852936,1.1010493454735126,0.2743025957335203,216.96371307373047,227.4816042891783,206.44582185828264,0.09695530249220571
2024-08-19,224.6258239746093,224.72527040192085,221.791767703572,224.4567771868955,40687800,AAPL,217.07254638671876,216.8125778198242,190.47393241882324,-0.0007078027669276121,0.016279672055941503,-0.036915681403896526,59.10468922840866,1.5088186257246718,0.5212058017317507,217.07254638671876,227.87073937337706,206.27435340006045,0.09948925524115912
2024-08-20,225.2423553466797,225.89866536829533,224.1882899519972,224.50650638916653,30299000,AAPL,217.16006164550782,217.4061895751953,190.73956596374512,0.002744703886495614,0.0162598673626682,-0.03427230013162279,56.22097589430906,1.8602834575883094,0.7890213329030624,217.16006164550782,228.20291775144486,206.1172055395708,0.10170245875103312
2024-08-21,225.13296508789065,226.70412456960105,223.7905293550798,225.2523038357409,34765500,AAPL,217.56342468261718,218.07250518798827,190.98684432983399,-0.0004856558111402398,0.01473891653091198,-0.03474131140104298,62.1721213256957,2.1057215421639626,1.0523613747552425,217.56342468261718,229.1668854943565,205.95996387087786,0.10666738518817234
2024-08-22,223.2734375,227.06211276120644,222.6469583809866,226.51518775043243,43695300,AAPL,217.92595672607422,218.42292327880858,191.22937614440917,-0.008259685946767958,0.0148419122263586,-0.042714045026259466,57.14998694355257,2.125681128000707,1.2670253254043353,217.92595672607422,229.77717083465805,206.0747426174904,0.10876367631121996
2024-08-23,225.5705108642578,226.9427926991927,223.07456326985687,224.39712188969804,38677300,AAPL,218.3800018310547,218.70168121337892,191.47063079833984,0.010288162308863091,0.014964264209693979,-0.03286533174549456,84.03487249735794,2.3003370134489387,1.473687663013256,218.3800018310547,230.68658144594536,206.07342221616403,0.11270793581558264
2024-08-26,225.9085998535156,226.00804628168004,222.6370187250734,225.49095216733545,30602200,AAPL,218.83704528808593,218.96395904541015,191.70076385498047,0.0014988173230729984,0.01496367789892599,-0.03141577355097021,91.25445861949562,2.4379310651403614,1.6665363434386773,218.83704528808593,231.56330598855,206.11078458762185,0.11630810207394929
2024-08-27,226.7538452148437,227.5692634267734,223.63141860700009,224.73520717839608,35934600,AAPL,219.30853958129882,219.2779055786133,191.9298302459717,0.003741536895346842,0.01496760029033018,-0.027791779931460092,90.58621027158881,2.585376962780714,1.8503044673070845,219.30853958129882,232.48938121150104,206.1276979510966,0.12020363324991289
2024-08-28,225.22247314453125,228.57360836626123,224.41699349604747,226.64446298605537,38052200,AAPL,219.5405715942383,219.47818878173828,192.1536141204834,-0.006753455796357111,0.014780792252058451,-0.034357545170547975,82.29636038291848,2.5492735326702416,1.990098280379716,219.5405715942383,232.97670387867237,206.1044393098042,0.12240227113252815
2024-08-29,228.5039978027344,231.6164859430432,227.5991020536236,228.8122756660522,51906300,AAPL,220.12142486572264,219.79138153076173,192.37285362243654,0.014570147518526255,0.014439998994912207,-0.02028799215353097,82.60872718148704,2.7537098660566244,2.142820597515098,220.12142486572264,234.06921653361485,206.17363319783044,0.1267281608448661
2024-08-30,227.7184295654297,229.1105885676507,226.20693181059323,228.9017723040151,52990800,AAPL,220.58850631713867,220.18044067382812,192.59609031677246,-0.003437875244453714,0.014467765077957493,-0.02365611981200034,78.09904804293181,2.8198330614198994,2.2782230902960583,220.58850631713867,234.91093410065085,206.26607853362648,0.1298565190238962
2024-09-03,221.5232849121093,227.71841483123856,219.9322331496077,227.27093626472063,50190600,AAPL,221.27175903320307,220.48910125732422,192.77527488708495,-0.02720528446091519,0.010961555376756171,-0.05021783280418859,53.27511736334179,2.3453045605260456,2.291639384342056,221.27175903320307,234.28069449787878,208.26282356852735,0.11758333301561229
2024-09-04,219.6140289306641,220.53881694406624,216.2628786668988,220.4194933741805,43840200,AAPL,221.96086044311522,220.74666412353517,192.94208992004394,-0.008618759794044695,0.010893792576361557,-0.058403777159916494,48.21502443373613,1.7944905335505439,2.1922096141837537,221.96086044311522,232.80636522894991,211.11535565728053,0.09772447956980423
2024-09-05,221.135482788086,224.2181249188319,220.28029506440387,220.3896800699933,36615400,AAPL,222.59740829467773,221.016181640625,193.1080916595459,0.006927853675059437,0.010716071999563263,-0.051880536307091774,44.890898808343366,1.463860586129897,2.0465398085729825,222.59740829467773,231.39360127003096,213.8012153193245,0.07903230359006419
2024-09-06,219.584213256836,223.97947540851,218.5400864277892,222.6966862497569,48423000,AAPL,222.98307037353516,221.17163818359376,193.26643600463868,-0.007015018628813041,0.010436404735843915,-0.0585316120072378,38.694369773989685,1.064389860317391,1.850109818921864,222.98307037353516,230.36113171757043,215.60500902949988,0.06617597768006106
2024-09-09,219.67369079589844,220.0316766790804,215.49719894103853,219.58419811845144,67180000,AAPL,223.22769317626953,221.31199920654296,193.41651008605956,0.0004074862110319266,0.010055493300952756,-0.05814797662100834,39.20206334704346,0.7464222308416879,1.629372301305829,223.22769317626953,229.73364313028148,216.72174322225757,0.0582898103854399
2024-09-10,218.878173828125,220.2405018848782,215.517084853391,217.69483113354613,51591000,AAPL,223.3559715270996,221.50558044433595,193.56661865234375,-0.0036213575002596032,0.010007658803240919,-0.06155875951000654,36.230621888888315,0.42533601395615506,1.3885650438358943,223.3559715270996,229.37044302668278,217.34150002751642,0.05385547973901785
2024-09-11,221.4138946533203,221.8414808899648,216.670585544778,220.22061344649163,44587100,AAPL,223.42508239746093,221.62810302734374,193.72608711242677,0.011585078497532209,0.009589200316440312,-0.05068684407360854,42.71805385341152,0.37120532850349264,1.1850931007694139,223.42508239746093,229.3090673362689,217.54109745865296,0.05267076440720012
2024-09-12,221.5232849121093,222.2989184736456,218.5897974500539,221.2547917028409,37455600,AAPL,223.47728881835937,221.68288848876952,193.89273986816406,0.0004940532705062228,0.009581208773645896,-0.05021783280418859,46.32106057942842,0.33329127560486427,1.014732735736504,223.47728881835937,229.26902373069856,217.68555390602017,0.051832872530028516
2024-09-13,221.2548065185547,222.78618142445663,220.66811202153605,222.3287642541488,36766600,AAPL,223.36691131591797,221.7068765258789,194.05894187927245,-0.001211964663945464,0.00906112856236576,-0.051368935229275464,40.082263833368266,0.278371262302727,0.8674604410497485,223.36691131591797,229.24336672606307,217.49045590577288,0.052617062890158876
2024-09-16,215.109375,216.0043320914465,212.7227974671536,215.328129813119,59357400,AAPL,222.88313369750978,221.512802734375,194.19139526367186,-0.02777535826341171,0.010782189503294036,-0.07771750291308402,30.411239475446735,-0.25806341355720974,0.6423556701283569,222.88313369750978,229.7736424968898,215.99262489812975,0.06183068844259538
2024-09-17,215.5767364501953,215.6861214463737,213.2995590231644,214.54256344637628,45519300,AAPL,222.43067932128906,221.2986752319336,194.3312873840332,0.0021726689048084946,0.010821517478924505,-0.07571368841021404,29.443993882333075,-0.6381237030209945,0.38625979549848666,222.43067932128906,229.99483234063703,214.8665263019411,0.06801357656622503
2024-09-18,219.4549255371093,221.46362499015893,216.322545198334,216.33249894497217,59894900,AAPL,222.1413078308105,221.14502777099608,194.4876975250244,0.01798983114214625,0.011676313722624999,-0.059085933737716624,40.23567753675206,-0.619248461872445,0.18515814402430036,222.1413078308105,229.69536318082712,214.58725248079386,0.06801126205460194
2024-09-19,227.5891571044922,228.53385270483287,223.3728953656889,223.7308812843982,66781300,AAPL,222.26411743164059,221.06864532470703,194.67838905334472,0.03706561403201425,0.01448464402372602,-0.024210376120345847,48.66976725197938,0.05148136448096352,0.15842278811563298,222.26411743164059,230.09765165723073,214.43058320605044,0.07048851893962974
2024-09-20,226.92288208007807,231.78551472560144,226.3461262129669,228.68298057338347,318679900,AAPL,222.4465896606445,221.08640747070314,194.87471466064454,-0.0029275341272441135,0.014360713915324369,-0.027067033545264213,48.83919963842564,0.5232451140697663,0.23138725330645965,222.4465896606445,230.54466826919267,214.3485110520963,0.07280919541991882
2024-09-23,225.2025756835937,228.16589404695569,224.54626569168985,226.06770192621624,54146000,AAPL,222.42819290161128,221.01076385498047,195.04267532348632,-0.0075810177480352126,0.014302205828013155,-0.03444285563160612,56.17489008805258,0.7496652610187198,0.3350428548489117,222.42819290161128,230.49801286857226,214.3583729346503,0.07256112511358284
2024-09-24,226.0975341796875,228.0664641672469,224.4667129366972,227.37036953161189,43556100,AAPL,222.43763961791987,220.87634002685547,195.22055923461915,0.003974015365397987,0.01432640761187883,-0.030605716703716312,61.264666630258006,0.9899094697296107,0.4660161778250515,222.43763961791987,230.52503749461889,214.35024174122086,0.07271609149054721
2024-09-25,225.10313415527344,226.0179836305296,222.76629484001745,223.6711905684744,42308700,AAPL,222.35510406494137,220.7136849975586,195.38381240844726,-0.0043981020315939645,0.014334294577169044,-0.03486921167049724,57.02214146904757,1.087528611703874,0.5903186646008161,222.35510406494137,230.2892741240134,214.42093400586936,0.07136485661021526
2024-09-26,226.2467041015625,227.22121534991768,224.14851196557493,226.0279341026713,36636700,AAPL,222.40631561279292,220.69190032958986,195.5456507873535,0.00508020446085955,0.014296681967530755,-0.02996614993431291,61.96425899813612,1.242842309972275,0.7208233936751078,222.40631561279292,230.43111666890812,214.38151455667773,0.07216342785954234
2024-09-27,226.51516723632807,228.2354962210898,226.02791923090672,227.1814309358191,34026000,AAPL,222.3068740844726,220.76885040283204,195.7213632965088,0.0011865946769551439,0.013902546997300445,-0.028815112931358623,62.20720306196288,1.371779248882092,0.8510145647165046,222.3068740844726,230.0581519170175,214.5555962519277,0.06973493612797195
2024-09-30,231.696029663086,231.696029663086,228.3647716650959,228.75258844686653,54541900,AAPL,222.50575408935543,220.94683563232422,195.91540161132812,0.022872033206291276,0.014809692735479909,-0.006602139944876376,69.77597938100652,1.8704535769558674,1.0549023671643771,222.50575408935543,231.00926677290067,214.0022414058102,0.07643409239772143
2024-10-01,224.94403076171875,228.3647661830537,222.4878528116685,228.2355040411627,63285000,AAPL,222.67679138183593,220.99673309326172,196.05958190917968,-0.029141625392482884,0.015008574809840731,-0.03555136824829688,54.8194410014228,1.7012161315831804,1.1841651200481378,222.67679138183593,231.23453432264557,214.11904844102628,0.07686245960078725
2024-10-02,225.5108337402344,226.09752818761768,221.771881889721,224.62581519597003,32880600,AAPL,222.97163162231445,221.03710876464845,196.2058532714844,0.002519751142523452,0.014843568114126411,-0.033121197706535425,55.37676089083786,1.5944506654709585,1.266222229132702,222.97163162231445,231.49131467860636,214.45194856602254,0.07641943501335784
2024-10-03,224.40704345703125,225.5406628776434,222.0702042586661,223.88001079844628,34044200,AAPL,223.13520965576168,221.183935546875,196.3492803955078,-0.004894621978448255,0.014848513065697051,-0.037853703942736794,54.15679875085765,1.4045804837831497,1.2938938800627917,223.13520965576168,231.6320518702701,214.63836744125328,0.07615868627471903
2024-10-04,225.5307464599609,226.72402778202945,222.87569058700512,226.62458134960903,37245100,AAPL,223.43253631591793,221.37409454345703,196.50664749145508,0.00500743196656761,0.014756891052501187,-0.03303582182334505,65.84039992559593,1.3294553048166051,1.3010061650135545,223.43253631591793,231.82167107445176,215.0434015573841,0.07509322408328374
2024-10-07,220.4493408203125,224.4269552980529,220.0913549103801,223.243612563182,39505400,AAPL,223.47131881713864,221.4532891845703,196.63340675354004,-0.022530877582806808,0.015702474821617726,-0.05482237334880261,56.495254429382264,0.8500917625225384,1.2108232845153513,223.47131881713864,231.79419747600616,215.14844015827111,0.07448722013116986
2024-10-08,224.5065155029297,224.7153317715784,222.0006140653767,223.0447409288068,31855700,AAPL,223.75273590087886,221.6080648803711,196.79090309143066,0.018404113468972305,0.016178624872151222,-0.03742721705958,56.701864880479846,0.7884836426715935,1.1263553561465998,223.75273590087886,231.79767165144966,215.70780015030806,0.07190916096002205
2024-10-09,228.25538635253903,228.46421777631028,223.57175408478048,223.9695094391901,33591100,AAPL,224.0948104858398,221.82669342041015,196.96788681030273,0.01669827194641238,0.016387190622068143,-0.02135391496182598,51.00026666446733,1.0302848285957396,1.1071412506364278,224.0948104858398,232.30120196952186,215.88841900215772,0.07324035274079332
2024-10-10,227.7581787109375,228.21561101279016,225.89864895817115,226.50523572074,28183500,AAPL,224.4065551757812,221.97022033691405,197.14773399353027,-0.002178295327645019,0.016407995168556077,-0.023485695156282682,51.260501105718966,1.1683257768860642,1.1193781558863551,224.4065551757812,232.67509948301864,216.13801086854374,0.07369253808794103
2024-10-11,226.27655029296875,228.1261416619367,226.0677188532196,228.0167566550957,31759200,AAPL,224.6576423645019,222.1580126953125,197.32289726257324,-0.006505269871556085,0.016496774360718183,-0.029838184242726058,51.63243646430375,1.144970682781178,1.1244966612653198,224.6576423645019,232.82760513162364,216.48767959738015,0.07273256036281345
2024-10-14,230.00555419921875,230.433140461172,227.32066753158787,227.4200987868959,39882100,AAPL,225.40245132446285,222.3905877685547,197.5162102508545,0.016479851320969408,0.015324749647600052,-0.013850061761764388,55.46899289694591,1.4110948302598842,1.1818162950642328,225.40245132446285,232.56066822633775,218.24423442258794,0.06351498716906838
2024-10-15,232.54129028320312,236.1609188169062,231.06956201546168,232.3026279543652,64751400,AAPL,226.25067901611322,222.88424896240235,197.72007194519043,0.01102467326414236,0.015413046230138396,-0.0029780809032336655,59.97868613055009,1.805796743613655,1.3066123847741173,226.25067901611322,232.46473563365618,220.03662239857027,0.054930722370122885
2024-10-16,230.4828491210937,230.8209426799016,228.5537038438821,230.30386376880503,34082200,AAPL,226.8020751953125,223.37726593017578,197.9188423919678,-0.00885193833577913,0.015290402504494363,-0.011803657450498424,55.54685757990607,1.9302511215588254,1.431340132131059,226.8020751953125,232.40408830790776,221.20006208271727,0.04940001636026499
2024-10-17,230.8507843017578,232.5412825211578,229.22991678936268,232.123619666284,32993800,AAPL,226.96515655517578,223.82619110107422,198.1535800933838,0.0015963668536169706,0.012957188373150847,-0.01022613356438686,55.66235701073372,2.035111903630849,1.552094486431017,226.96515655517578,232.84657696610913,221.08373614424244,0.05182663718255411
2024-10-18,233.6848297119141,234.8582185948981,232.7003647541102,234.8582185948981,46431500,AAPL,227.3032539367676,224.26246826171874,198.4093731689453,0.012276524936782218,0.013171732437130329,0.0,52.76700735728692,2.320153325111363,1.7057062541670862,227.3032539367676,233.90745956893133,220.69904830460385,0.05810920449032316
2024-10-21,235.15655517578125,235.5244948195817,233.1379171151628,233.1379171151628,36254500,AAPL,227.80095291137695,224.66997467041017,198.6841153717041,0.006297907594949637,0.013030085083779985,0.0,66.65584958550004,2.634438483501583,1.8914527000339858,227.80095291137695,235.19200273342994,220.40990308932396,0.06489042058510076
2024-10-22,234.5400390625,234.89802497361623,231.29828871484364,232.5810627118631,38846600,AAPL,228.22307815551758,225.03452331542968,198.95939086914063,-0.002621726248797973,0.013067458150010834,-0.0026217262487979536,64.70210581656164,2.8014704306566784,2.0734562461585244,228.22307815551758,236.14946361082878,220.2966927002064,0.06946173471475071
2024-10-23,229.46856689453125,233.82405947286145,226.4853561254601,232.76999409553275,52287000,AAPL,228.44134979248048,225.22326110839845,199.18761383056642,-0.021623055015426607,0.014037163546283399,-0.024188091533311445,57.29854800013378,2.495848445021096,2.157934685931039,228.44134979248048,236.24546984899857,220.6372297359624,0.06832493384938818
2024-10-24,229.2796325683593,229.52823345451665,227.131717270346,228.6929229452488,31109500,AAPL,228.5929962158203,225.3992706298828,199.4169723510742,-0.0008233560209525148,0.014010106167630787,-0.02499153214346467,55.55553545577916,2.212886618916542,2.1689250725281397,228.5929962158203,236.33517994649907,220.85081248514155,0.06773771601794111
2024-10-25,230.11492919921875,231.91479719738325,228.28523030841905,228.45427709115,38802300,AAPL,228.77298431396486,225.53232208251953,199.64530654907227,0.0036431348982139955,0.014024806886611191,-0.021439444768162418,66.38569251256379,2.0326081488585714,2.141661687794226,228.77298431396486,236.47906782733614,221.06690080059357,0.06736882448318776
2024-10-28,232.09376525878903,233.4163237028457,231.2485314081165,232.0142263332846,36087100,AAPL,228.79287109375,225.67849884033203,199.8865069580078,0.008599338019729785,0.013184984434958238,-0.013024471780949325,63.837443062660974,2.026056575657975,2.118540665366976,228.79287109375,236.53269520553886,221.05304698196113,0.06765791324518497
2024-10-29,232.3622894287109,233.01859945208068,231.0198536609764,231.7954872619061,35417200,AAPL,229.1637840270996,225.83322814941405,200.12741523742676,0.0011569641675746034,0.01123670176580091,-0.011882576460526931,58.57917512418519,2.019255344390217,2.0986836011716243,229.1637840270996,236.83771548849947,221.48985256569975,0.06697333519761033
2024-10-30,228.8122711181641,232.1634063461827,228.2653461113998,231.3082186556225,47070900,AAPL,229.3288558959961,225.90462646484374,200.3619164276123,-0.015277945140215965,0.011854753668108077,-0.0269789802494545,51.95288272187433,1.7077229436167158,2.0204914696606426,229.3288558959961,236.8115848583828,221.8461269336094,0.06525763130114086
2024-10-31,224.64572143554688,228.54378173572667,224.1087349932077,228.0565185081812,64370100,AAPL,229.34078979492188,225.8948815917969,200.5802904510498,-0.01820946779757937,0.012544808698413895,-0.044697175174969926,47.25200190059715,1.111809288059817,1.8387550333404776,229.34078979492188,236.79115916440168,221.89042042544207,0.06497203900049331
2024-11-01,221.66249084472656,224.0888378455061,219.0372661759177,219.7333456007168,65276700,AAPL,229.14737701416016,225.86266265869142,200.7542765045166,-0.013279712481309103,0.01283357856349643,-0.057383322021228686,35.57923743140687,0.39427666990209786,1.549859360652802,229.14737701416016,237.19139659397413,221.10335743434618,0.07020826233866859
2024-11-04,220.7675323486328,221.5431659237015,218.48041626355013,219.7532516264011,44944500,AAPL,229.16328659057618,225.7666030883789,200.90927490234375,-0.00403748280858518,0.011809796357576197,-0.06118912065365364,28.425659318875034,-0.2437786422449335,1.191131760073255,229.16328659057618,237.13581300714205,221.1907601740103,0.06957943861932483
2024-11-05,222.199462890625,222.6966646492405,219.902393193564,220.558703156551,28111300,AAPL,229.04793395996094,225.6924203491211,201.0598920440674,0.006486146430856987,0.011120183827974934,-0.055099855819331627,34.46475136047201,-0.626673346221196,0.8275707388143648,229.04793395996094,237.36353492152656,220.73233299839532,0.07261013725641588
2024-11-06,221.4735565185547,224.80481443000403,219.95212032394844,221.3641715227741,54561100,AAPL,228.7088424682617,225.58681457519532,201.2004899597168,-0.0032669132617464403,0.01036988300522999,-0.058186762631381554,32.646296723007694,-0.9774275588324599,0.46657107928499997,228.7088424682617,237.687204680204,219.73048025631942,0.07851346817242735
2024-11-07,226.20692443847656,226.6046949785728,223.31322152292373,223.37288331058951,42137700,AAPL,228.63127975463868,225.60650360107422,201.36812278747558,0.021372158348508474,0.011553111626366824,-0.03805818098761811,37.07017279098653,-0.8635056114676445,0.2005557411344711,228.63127975463868,237.6708152084612,219.59174430081617,0.0790752294569974
2024-11-08,225.93814086914065,227.63048374280507,225.39061415381417,226.1471868576639,38328800,AAPL,228.61435928344727,225.55518646240233,201.53604637145997,-0.0011882199008855787,0.011463102035061625,-0.03920117940046266,33.3688637141949,-0.7858514290466303,0.0032743070982508282,228.61435928344727,237.67369847128467,219.55502009560988,0.07925433219708813
2024-11-11,223.2204132080078,224.6837958336773,220.5027091275161,223.98695058099835,42005600,AAPL,228.2751022338867,225.4652261352539,201.6990493774414,-0.012028636027003992,0.011070144532280767,-0.050758278708629166,31.017236005693036,-0.9328544735758442,-0.18395144903656818,228.2751022338867,237.61880318021989,218.93140128755354,0.08186351340900751
2024-11-12,223.2204132080078,224.57429049467865,222.35433519325588,223.5389797178537,40398300,AAPL,227.80905838012694,225.49916870117187,201.86547019958496,0.0,0.010684695392057705,-0.050758278708629166,37.37443937477614,-1.0373969788499835,-0.3546405549992513,227.80905838012694,237.1865581392938,218.4315586209601,0.08232771625366504
2024-11-13,224.10641479492188,225.62952490733247,221.75703985190805,223.0014118515957,48566200,AAPL,227.49023666381837,225.58901641845702,202.0545984649658,0.003969178150783348,0.010635769827333212,-0.046990569208667454,39.83296447571256,-1.0368031230134989,-0.4910730686021008,227.49023666381837,236.91842061675393,218.0620527108828,0.0828886908836303
2024-11-14,227.1924591064453,227.8395264579333,223.98695568104733,224.006869885888,44923900,AAPL,227.30732040405275,225.7101559448242,202.27718658447264,0.013770441664275657,0.011149129083956781,-0.033867208436450844,44.723236252730985,-0.7783422581424588,-0.5485269065101724,227.30732040405275,236.60199147463987,218.01264933346562,0.08178065760544165
2024-11-15,223.98696899414065,225.89832264008,223.2602599701844,225.3806596140688,47923700,AAPL,226.82242736816406,225.79821105957032,202.47156242370605,-0.014109139559085437,0.01108885792102325,-0.04749851082522981,35.983389659693884,-0.8226830452433376,-0.6033581342568055,226.82242736816406,235.71957661429695,217.92527812203116,0.0784503485776704
2024-11-18,226.99337768554688,228.7056348533177,224.15620331601912,224.2358449505769,44633700,AAPL,226.41426849365234,225.94460479736327,202.68597290039062,0.01342224820000526,0.011478994797418337,-0.03471379942665149,41.52002641428495,-0.6082201988399163,-0.6043305471734277,226.41426849365234,234.4043435439986,218.42419344330608,0.0705792537149245
2024-11-19,227.252197265625,229.123737666772,225.63949596937007,225.95804731142948,36211800,AAPL,226.04987640380858,226.11208526611327,202.89261322021486,0.001140207625073053,0.011493948119194861,-0.03361317274038006,47.25002326590966,-0.412615891721714,-0.565987616083085,226.04987640380858,233.08758711277645,219.01216569484072,0.062266883936675226
2024-11-20,227.9689483642578,228.89475383274825,224.8729502483013,227.0331781982001,35169600,AAPL,225.97489547729492,226.24318634033204,203.09481300354003,0.0031539897402841355,0.010505229639645985,-0.03056519860205746,56.66901633149751,-0.1974857527299605,-0.49228724341246016,225.97489547729492,232.89013367528597,219.05965727930388,0.06120359682773577
2024-11-21,227.4911193847656,229.1237348668511,224.69377351516383,227.8494991340082,42108300,AAPL,225.88546981811524,226.36254302978514,203.2940788269043,-0.002096026598888856,0.01051257569130497,-0.03259715973167614,63.004514990845365,-0.06480336011495069,-0.40679046675295827,225.88546981811524,232.66570697538913,219.10523266084135,0.060032521460839317
2024-11-22,228.83502197265625,229.68120098473537,227.0331737980822,227.0331737980822,38168300,AAPL,225.82147445678712,226.5141473388672,203.505463180542,0.0059074947256190224,0.010569757199015711,-0.02688223255524222,67.64622835152878,0.14709448567003847,-0.29601347626835894,225.82147445678712,232.45622822920149,219.18672068437274,0.0587610526268527
2024-11-25,231.821517944336,232.19981188776785,228.70562083004268,230.41787789282503,90152800,AAPL,225.80786209106446,226.8483901977539,203.72796112060547,0.013050869337808857,0.010809526454424992,-0.014182199722020467,69.7063998274963,0.5496740208700999,-0.1268759768406672,225.80786209106446,232.38933501395914,219.2263891681698,0.05829268176889678
2024-11-26,234.00167846679688,234.50939199708804,232.2794717613211,232.2794717613211,45986200,AAPL,225.88983154296875,227.21688903808592,203.96979118347167,0.009404478677360606,0.011011545653603162,-0.004911097239543657,74.2156858696928,1.032737185330035,0.1050466555934732,225.88983154296875,232.84523401676154,218.93442906917596,0.06158225384722314
2024-11-27,233.8722381591797,234.6288260383393,232.75728573526555,233.41431778082384,33498400,AAPL,226.14282989501953,227.50523529052734,204.2214385986328,-0.0005531597399869304,0.010381734342540442,-0.005461540358258464,68.02428046970753,1.389110669295519,0.3618594583338824,226.14282989501953,233.87099725403,218.41466253600908,0.0683476664955333
2024-11-29,236.26144409179688,236.7392786802237,232.916571592634,233.75278591990275,28481400,AAPL,226.72361602783204,227.67868103027342,204.4894460296631,0.010215859528359461,0.009500938528612378,0.0,72.07317136831546,1.843082269086409,0.6581040204843878,226.72361602783204,235.63358064285546,217.8136514128086,0.0785975874161222
2024-12-02,238.5112762451172,239.705870376718,236.0922242678823,236.2017296160342,48137100,AAPL,227.56605529785156,227.9104489135742,204.770140914917,0.00952263777938378,0.008844767247335355,0.0,83.36229764929607,2.357228027374532,0.9979288218624167,227.56605529785156,237.57899793962414,217.55311265607898,0.08800031822555492
2024-12-03,241.5574951171875,241.6670004646685,237.8243789850029,238.7302854787009,38861000,AAPL,228.6055534362793,228.2375473022461,205.07375411987306,0.012771802323256809,0.008868752866378593,0.0,85.31441652438899,2.9761889955730965,1.3935808566045527,228.6055534362793,239.88347497847315,217.32763189408547,0.09866708286539859
2024-12-04,241.9158630371093,243.0109164583405,240.16379275322728,241.77649398259703,44383900,AAPL,229.59137344360352,228.55391387939454,205.3828787994385,0.0014835719328349928,0.008881727237992194,0.0,85.00977259665507,3.4558009956589046,1.806024884415423,229.59137344360352,241.9103721797059,217.27237470750114,0.10731238331241913
2024-12-05,241.9457397460937,243.43898620611924,241.03984843814555,242.8914746561807,40033900,AAPL,230.61498260498047,228.89076599121094,205.68838371276854,0.00012350041295072778,0.008761296772928051,0.0,82.9626275980709,3.794566362874093,2.2037331801071574,230.61498260498047,243.4837544159869,217.74621079397403,0.1116039527496729
2024-12-06,241.74664306640625,243.5285923470879,240.9900703290189,241.81633519239523,36870600,AAPL,231.39196853637696,229.20076477050782,205.98272605895997,-0.0008228980592771551,0.007867316639432477,-0.000822898059277184,95.83755385596938,4.00085554663886,2.563157653413498,231.39196853637696,244.99563571003392,217.78830136272,0.1175811525326847
2024-12-09,245.6390380859375,246.1268373888661,240.6615499788263,240.74119161135067,44649200,AAPL,232.37701339721679,229.5832421875,206.3057054901123,0.01610113369169741,0.008280635924392097,0.0,96.01959546689136,4.427388777110735,2.9360038781529454,232.37701339721679,247.12301981240032,217.63100698203326,0.1269145015645523
2024-12-10,246.65444946289065,247.0924708459312,244.23538234840328,245.77840669680955,36914800,AAPL,233.54871520996093,229.8824105834961,206.64050704956054,0.004133754084307606,0.007347370758926596,0.0,96.16289994902854,4.7921141384383645,3.3072259302100298,233.54871520996093,248.94117064493315,218.1562597749887,0.13181365969951375
2024-12-11,245.3802185058593,249.6708108995408,245.15124311202536,246.8436012503984,45205800,AAPL,234.6567054748535,230.2911343383789,206.96164680480956,-0.0051660570478501144,0.007619270449035703,-0.005166057047850145,90.35531163772366,4.921608585773015,3.630102461322627,234.6567054748535,250.10893610901655,219.20447484069047,0.13170073791749326
2024-12-12,246.8435821533203,247.62006903646127,244.57383373711528,245.77839247075497,32777500,AAPL,235.79356384277344,230.7177893066406,207.2961045074463,0.0059636577731145834,0.0076212728697378305,0.0,92.89490185414773,5.083713203444972,3.9208246097470965,235.79356384277344,251.32300407218693,220.26412361335994,0.13172064560480104
2024-12-13,247.0128173828125,248.16758302178013,245.131327579476,246.70421556592945,33155300,AAPL,236.7845817565918,231.16990478515626,207.63473121643065,0.0006855970409109791,0.007374732621656031,0.0,92.50459190882094,5.166284438407359,4.169916575479149,236.7845817565918,252.53110690667265,221.03805660651093,0.13300296018655355
2024-12-16,249.9097137451172,250.2481944775453,246.53497744922527,246.87345818165343,51694800,AAPL,238.08071899414062,231.6574841308594,207.99324836730958,0.011727716775988828,0.006158220860299837,0.0,92.47305278515438,5.403193412782173,4.416571942939754,238.08071899414062,253.65848838018323,222.50294960809802,0.1308612427907359
2024-12-17,252.33872985839844,252.68716009783537,248.655391740455,248.9540440613884,51356400,AAPL,239.3479866027832,232.2952719116211,208.3865261077881,0.00971957462909434,0.005960264867554552,0.0,92.56000254990893,5.720998670542315,4.677457288460267,239.3479866027832,255.24840144766065,223.44757175790576,0.1328644127787499
2024-12-18,246.9331970214844,253.135143175504,246.62459517802284,251.02469300208548,56774100,AAPL,240.33203659057617,232.74380554199217,208.77747474670412,-0.021421732763525436,0.008420903478585118,-0.02142173276352538,74.35048808339148,5.473584231135703,4.836682676995355,240.33203659057617,255.49966398005446,225.16440920109787,0.12622226819737312
2024-12-19,248.6653289794922,250.86538527206417,245.9774886038804,246.38564624934875,60882300,AAPL,241.3668556213379,233.15200439453125,209.18204360961914,0.007014577136249089,0.00844000365831507,-0.014557420024138203,73.70627584167524,5.355539749833298,4.940454091562943,241.3668556213379,255.78870436765362,226.94500687502216,0.11950148423809336
2024-12-20,253.3441925048828,253.8518908180873,244.5838104896136,246.92322076153133,147495300,AAPL,242.65950927734374,233.66372467041015,209.61060188293456,0.018815906280913453,0.008878367330547771,0.0,75.94016382418675,5.575265639729139,5.067416401196182,242.65950927734374,256.46608779492334,228.85293075976415,0.11379383860699718
2024-12-23,254.12066650390625,254.49894524760987,252.30885365268367,253.62291772369176,40858800,AAPL,243.92379150390624,234.2206069946289,210.03446250915528,0.003064897566217084,0.008893127642885927,0.0,73.86539792668373,5.7458207084901005,5.203097262654966,243.92379150390624,257.0123653394993,230.83521766831322,0.10731691037512785
2024-12-24,257.0374755859375,257.0474099027653,254.1405589245421,254.3396705835317,23234700,AAPL,245.18458938598633,234.7612454223633,210.4628889465332,0.011478047504595246,0.008827616444643529,0.0,76.18068133544962,6.046646963111726,5.371807202746319,245.18458938598633,258.22249035435664,232.14668841761602,0.10635171648447411
2024-12-26,257.853759765625,258.9289141129315,256.47003399402934,257.0275101814573,27237100,AAPL,246.37719345092773,235.2674948120117,210.893016204834,0.0031757399493077543,0.008781719320770204,0.0,76.81210632381669,6.278546077640897,5.553154977725235,246.37719345092773,259.47152235804896,233.2828645438065,0.10629497579474044
2024-12-27,254.43923950195312,257.53525297635,251.92063167469624,256.66914450564,42355300,AAPL,247.4055435180664,235.7466226196289,211.31648582458496,-0.013242080576119974,0.009615350376660139,-0.01324208057611992,69.30071000974513,6.116299652575776,5.6657839126953435,247.4055435180664,259.561672470171,235.24941456596176,0.09826884862195452
2024-12-30,251.0644989013672,252.3586488565982,249.62103037787767,251.0943626150189,35557500,AAPL,248.14569625854492,236.1508969116211,211.71380744934083,-0.013263443984472545,0.010262399867123951,-0.026329888966633182,58.38206485224951,5.650272010639554,5.662681532284186,248.14569625854492,259.1972974153726,237.09409510171722,0.08907348645138652
2024-12-31,249.29249572753903,252.1396193404696,248.3069476803406,251.30340504047,39480700,AAPL,248.68475723266602,236.4630502319336,212.1041537475586,-0.0070579599329345655,0.010384669598670414,-0.03320201359820267,53.9825455101657,5.0794036959893845,5.546025965025226,248.68475723266602,258.7669075250978,238.60260694023424,0.0810837817695361
2025-01-02,242.75210571289065,247.9784683255357,240.73124671787497,247.8092203593721,55740700,AAPL,248.74448776245117,236.61496124267578,212.4563426208496,-0.02623580784315549,0.011864924064780522,-0.0585667397925899,46.576753341638714,4.052516739513862,5.247324119922954,248.74448776245117,258.66165488803597,238.82732063686638,0.0797377840594048
2025-01-03,242.2642974853516,243.08059762167903,240.800914792456,242.2642974853516,40244100,AAPL,248.76190948486328,236.7694464111328,212.79438789367677,-0.002009491230185234,0.011872506655413272,-0.060458541672781425,43.87971357578351,3.1628796729613953,4.830435230530643,248.76190948486328,258.629668235294,238.89415073443257,0.07933496547654652
2025-01-06,243.8969268798828,246.21643825220417,242.10502805254345,243.210031063562,45045600,AAPL,248.85946884155274,237.05801361083985,213.12775108337402,0.0067390424898656764,0.011963850942755018,-0.05412693186412402,45.99233098071047,2.560064604736624,4.376361105371839,248.85946884155274,258.4789411694797,239.23999651362578,0.07730846949650619
2025-01-07,241.1194763183593,244.44443460073447,240.263347789176,241.8859985205852,40856000,AAPL,248.8281105041504,237.29481048583983,213.48343170166015,-0.011387804664268697,0.012253669965832603,-0.06489834960124787,38.659120214975324,1.8370360637012197,3.868496097037716,248.8281105041504,258.54876896372787,239.10745204457297,0.07813151367731269
2025-01-08,241.6072692871093,242.6127316047624,238.9692066706783,240.83078235887348,37628900,AAPL,248.62652206420898,237.52465728759765,213.83703804016113,0.002023034290709713,0.011666851195591523,-0.06300660689719198,35.42453074581198,1.288538086736736,3.3525044949775205,248.62652206420898,258.78309433335767,238.46994979506033,0.08170143864640221
2025-01-10,235.7836151123047,239.0787097724967,231.95094323601768,238.9293760168756,61710900,AAPL,248.08298034667968,237.59845428466798,214.1686183166504,-0.02410380363135589,0.012705548573787777,-0.0855917116484199,35.02670279224601,0.37955400438144693,2.7579143968583058,248.08298034667968,259.7370579965985,236.42890269676087,0.09395306065440681
2025-01-13,233.34461975097656,233.6134083428242,228.6856985060818,232.47854174290725,49630700,AAPL,247.48120040893554,237.61810089111327,214.49365730285643,-0.010344210560035871,0.012821953616056982,-0.0950505435209706,29.808448751011497,-0.5315021459958302,2.1000310882874786,247.48120040893554,260.8410366630176,234.12136415485347,0.1079664736715871
2025-01-14,232.22967529296875,235.0568847872792,231.4233246799516,233.69305795736565,39435300,AAPL,246.75050506591796,237.68644897460936,214.7952674102783,-0.0047781022729286304,0.012675868770913859,-0.0993744845758586,19.28752507471917,-1.3281770109359456,1.4143894684427938,246.75050506591796,261.7545674290345,231.7464427028014,0.12161322514098451
2025-01-15,236.7990264892578,237.88413049671607,233.37451206555187,233.58357326040945,39832000,AAPL,246.23981552124025,237.92951507568358,215.12880020141603,0.019676000453105802,0.013638803168435154,-0.08165377652629456,27.308315512863686,-1.5727099064308163,0.8169695934680717,246.23981552124025,261.8877580933933,230.59187294908716,0.12709514534868796
2025-01-16,227.23228454589844,236.9383864807084,227.0033243432251,236.28136958651152,71759100,AAPL,245.1059440612793,238.04091094970704,215.42169067382812,-0.04040025875610331,0.015698556304333075,-0.11875520158232253,16.748123263833875,-2.5095317897625193,0.1516693168219535,245.1059440612793,262.7884111317828,227.42347699077578,0.14428427787196135
2025-01-17,228.9445343017578,231.24413133243607,227.4512878984511,231.07489856287185,68488300,AAPL,243.93623428344728,238.20445098876954,215.72904426574706,0.007535239806619742,0.015600786927405793,-0.11211481069790914,18.379833537225423,-3.0783206717941596,-0.49432868090126914,243.93623428344728,262.66810610276764,225.2043624641269,0.15358006877776467
2025-01-21,221.63758850097656,223.4095730413088,218.3922717429712,222.99146586562136,98070400,AAPL,242.67145385742188,238.19321350097655,215.99584579467773,-0.031915790534446264,0.016349996387552964,-0.14045236841831185,16.937617484563745,-4.0717626726300296,-1.2098154792470213,242.67145385742188,263.81232861585664,221.5305790989871,0.17423454157781404
2025-01-22,222.82223510742188,223.1109227348787,218.80041619812283,218.80041619812283,64126500,AAPL,241.37929916381836,238.2201870727539,216.27268699645995,0.0053449715567541745,0.016288167061258636,-0.13585811077583226,20.218386325158164,-4.709196845162467,-1.9096917524301102,241.37929916381836,264.0792664827539,218.67933184488282,0.18808545221211873
2025-01-23,222.6529998779297,226.00782197454976,221.29912251598503,223.72813912330528,60234800,AAPL,239.8447395324707,238.14910858154298,216.5449127960205,-0.0007595078175686165,0.01531928350415958,-0.1365144332961865,20.925729169095263,-5.168445268215294,-2.561442455587147,239.8447395324707,263.27678506337793,216.41269400156344,0.19539344975072898
2025-01-24,221.77696228027344,224.61413662079448,220.4131353788753,223.76795755359672,54697900,AAPL,238.22755432128906,238.06588500976562,216.81836257934572,-0.003934542081788894,0.015172777034130258,-0.13991185359539998,23.878037573384574,-5.539238966223991,-3.157001757714516,238.22755432128906,261.97346952976187,214.48163911281628,0.19935490062117264
2025-01-27,228.8250732421875,231.10475600574816,222.9715426392062,223.01137104866308,94863400,AAPL,236.81693420410156,238.17797821044923,217.1210023498535,0.03178017630617069,0.01701799201790108,-0.11257810066381421,35.61381552490647,-5.20437914899864,-3.566477235971341,236.81693420410156,259.16900630081034,214.46486210739278,0.1887708931950328
2025-01-28,237.187255859375,239.1085741517517,229.7708016788408,229.81063008981928,75707600,AAPL,235.78360900878906,238.45731506347656,217.4748265838623,0.036543996244401855,0.019398759887702743,-0.0801481581072726,43.72204383897251,-4.215646728445279,-3.696311134466129,235.78360900878906,255.83305180228163,215.73416621529648,0.17006646795999472
2025-01-29,238.2823028564453,238.78005164957875,232.9563846938824,233.0658900359753,45486100,AAPL,234.97576217651368,238.74083282470704,217.79811981201172,0.004616803685774551,0.01936143434631371,-0.07590138273325575,47.259083982113815,-3.305603086040975,-3.6181695247810985,234.97576217651368,253.06655270547895,216.8849716475484,0.15398005616745677
2025-01-30,236.520263671875,239.70585285329432,236.1419849250764,237.59540286874545,55658300,AAPL,234.24855041503906,238.92738891601562,218.10511390686034,-0.007394754723483832,0.019243351118219214,-0.08273486534825393,45.203669462902894,-2.6954967702649526,-3.4336349738778695,234.24855041503906,250.71239041522549,217.78471041485264,0.14056727327461338
2025-01-31,234.9374237060547,246.0770438113447,232.3889523877928,246.0770438113447,100959800,AAPL,233.53079681396486,239.1463980102539,218.4233376312256,-0.00669219601419091,0.01923926803599169,-0.08887338342632665,49.13281166926247,-2.3130417706168203,-3.20951633322566,233.53079681396486,248.4083778431457,218.653215784784,0.12741429594857773
2025-02-03,226.98341369628903,230.78622201033428,224.6838165553225,228.9545099800506,73063300,AAPL,232.74236221313475,239.14619873046874,218.718207321167,-0.03385586631663007,0.019795529292252503,-0.11972036435456837,44.14300855434779,-2.621546010752837,-3.091922268731096,232.74236221313475,247.228505047718,218.25621937855152,0.12448221885208409
2025-02-04,231.7518310546875,232.0803470666968,225.62951205101965,226.2268166528706,45067300,AAPL,232.21673889160155,239.23619140625,219.04376335144042,0.02100777885373928,0.020522047446172663,-0.1012276444394789,49.58776576839376,-2.4529898738845475,-2.9641357897617864,232.21673889160155,245.99366766621392,218.43981011698918,0.11865577684340338
2025-02-05,231.4233245849609,231.62242106375825,227.2422377698664,227.5010616732941,39620300,AAPL,231.59305877685546,239.30527893066406,219.37243797302247,-0.001417492445395463,0.020419716564367803,-0.10250164746361626,44.99627598924893,-2.3191815662436,-2.835144945058149,231.59305877685546,244.22544045668573,218.96067709702518,0.10909119423999514
2025-02-06,232.1699676513672,232.74735812237688,229.3925206475463,230.24864925075528,29925300,AAPL,231.14558334350585,239.3988558959961,219.71496330261232,0.0032263086175317035,0.020343361326635855,-0.09960604079460768,55.498911759388015,-2.1283553077660713,-2.693787017599734,231.14558334350585,242.96498376648324,219.32618292052845,0.10226801872664436
2025-02-07,226.60513305664065,232.946448173879,226.236788599926,231.55275755143825,39707200,AAPL,230.3954765319824,239.35425811767578,220.02549842834472,-0.02396879601190638,0.020915700841126247,-0.12118739993315453,47.60058932399583,-2.3985112232645633,-2.6347318587327,230.3954765319824,241.2871168478128,219.50383621615202,0.09454734511090508
2025-02-10,226.8741912841797,229.8041745661949,226.4257278690688,228.7876615470872,33115600,AAPL,229.95000534057618,239.25531158447265,220.3321218109131,0.001187343922486539,0.02032839055477641,-0.12014394713346065,56.277152719552,-2.5613750451959447,-2.6200604960253493,229.95000534057618,240.64068704246705,219.25932363868532,0.09298266104457817
2025-02-11,231.82725524902344,234.42836130351915,227.35256634016287,227.4223198813819,53718400,AAPL,229.8741371154785,239.21182312011717,220.65299613952638,0.02183176471862147,0.02087636477890741,-0.10093513680102333,59.89997245501628,-2.2646692327592746,-2.5489822433721345,229.8741371154785,240.48462098672894,219.26365324422807,0.09231559499814634
2025-02-12,236.06277465820312,236.15247950770552,229.89386689621963,230.41209906543347,45243300,AAPL,230.06579208374023,239.25563385009767,220.99073333740233,0.018270152940516038,0.021238609317486876,-0.08450908424693397,63.53256646690689,-1.668523025328625,-2.372890399763433,230.06579208374023,240.98927995844815,219.14230420903232,0.09495968762476381
2025-02-13,240.70689392089844,241.514131106333,234.7672133917818,236.10264318513748,53614100,AAPL,230.26118545532228,239.3445428466797,221.3546171569824,0.01967323848251623,0.02123848173205899,-0.06649841313274675,67.75311590229225,-0.8119713486898661,-2.0607065895487198,230.26118545532228,241.81349505591905,218.7088758547255,0.10034092005348659
2025-02-14,243.7664489746093,244.71320848741047,240.16875066053348,240.4278591482801,40896200,AAPL,231.0878936767578,239.44964630126952,221.71296875,0.012710708047756647,0.01898601366708096,-0.05463294699995962,65.14558787954523,0.11243645180678641,-1.6260779812776185,231.0878936767578,244.0124870723915,218.1633002811241,0.1118586801757121
2025-02-18,243.6368865966797,244.34445851455,241.0158443494388,243.31796980618805,48822500,AAPL,231.8225112915039,239.49123413085937,222.0863942718506,-0.0005315020933955861,0.01898569924253888,-0.05513541156765631,57.847561439761485,0.8250707901182466,-1.1358482269984456,231.8225112915039,245.85671212336362,217.78831045964418,0.12107711847028087
2025-02-19,244.03550720214844,245.1716216090192,242.33134319523683,243.8262313730556,32204200,AAPL,232.9424072265625,239.53362701416015,222.4669211578369,0.0016361258388950528,0.017100229043159925,-0.0535894942002653,57.12086827898911,1.405798815270117,-0.6275188185447331,232.9424072265625,247.12835687627472,218.75645757685027,0.12179791407336843
2025-02-20,244.9922332763672,245.9389927126525,243.45747295470235,244.1052669318995,32316900,AAPL,234.05090713500977,239.59455688476564,222.83373275756836,0.003920437993583548,0.017101524243313394,-0.049879150495801335,60.699234236994606,1.921084689155606,-0.11779811700466536,234.05090713500977,248.37130501704297,219.73050925297656,0.12236994128608643
2025-02-21,244.71319580078125,247.84249441981407,244.38431857946645,245.11182656230832,53197400,AAPL,235.15391693115234,239.6538879394531,223.14781776428222,-0.0011389645779961155,0.017108333883969387,-0.05096130448820217,62.76621309960346,2.280646590139895,0.3618908244242468,235.15391693115234,249.17300186387902,221.13483199842565,0.11923326743335642
2025-02-24,246.25791931152344,248.0119159709633,243.5870445183064,244.0953010258401,51326400,AAPL,236.37796478271486,239.66626556396486,223.47790885925292,0.006312383382871323,0.016983652734976245,-0.04497060839695163,80.23130584123373,2.6595901648148015,0.8214306925023578,236.37796478271486,249.73878824016595,223.01714132526376,0.11304626867172435
2025-02-25,246.1981201171875,249.14803959700345,244.0753891604379,247.15485528022737,48013300,AAPL,237.24661712646486,239.65713897705078,223.80427894592285,-0.0002428315584860341,0.015834995818610004,-0.045202519672514534,76.58522586232283,2.9214042529484914,1.2414254045915847,237.24661712646486,250.7975212231215,223.69571302980822,0.11423475083257602
2025-02-26,239.5408935546875,244.14514449402503,238.3150894487839,243.49736566903923,44433600,AAPL,237.36429901123046,239.54035247802733,224.09567657470703,-0.02704011939380868,0.015285097375916896,-0.07102035753747743,62.11632094461185,2.562176086210542,1.5055755409153762,237.36429901123046,250.9538573772683,223.77474064519262,0.1145038105784802
2025-02-27,236.49131774902344,241.6337368385667,236.25213016109493,238.5941277716784,41153600,AAPL,237.27474975585938,239.3333071899414,224.36275039672853,-0.01273091938670523,0.01553565185381155,-0.08284712247755804,56.03516542342314,2.008259924511492,1.6061124176345993,237.27474975585938,250.8624411101724,223.68705840154635,0.11453128803881486
2025-02-28,241.01583862304688,241.2649866571528,229.41550676334808,236.1425036842072,56833400,AAPL,237.49952850341796,239.2133676147461,224.65875389099122,0.019131868844441513,0.016019443013282186,-0.06530027391449664,70.7282020487213,1.912324312851581,1.6673547966779958,237.49952850341796,251.18306782372642,223.8159891831095,0.1152300335628795
2025-03-03,237.2188262939453,243.1983791446907,235.30537120652147,240.96600727263493,47184000,AAPL,237.6135986328125,238.95954986572266,224.91973136901856,-0.015754202507164528,0.01637460234218895,-0.08002572268263886,63.50860315496844,1.512472644268314,1.6363783661960596,237.6135986328125,251.24514565409532,223.9820516115297,0.11473709501237617
2025-03-04,235.1259765625,239.25188262538288,233.88023638606123,236.8999245639949,53798100,AAPL,238.02072677612304,238.6152947998047,225.16453338623046,-0.008822443665799096,0.014444261728029876,-0.0881421439182555,54.655417089279545,1.015011413732907,1.512104975703429,238.02072677612304,250.77354250398952,225.26791104825656,0.10715718669207736
2025-03-05,234.93663024902344,235.7438674276595,228.44880585950324,234.6177134735288,47227600,AAPL,238.17996673583986,238.37536346435547,225.39701583862305,-0.000805297297409524,0.013728391271840444,-0.0888764605853798,48.20578646809565,0.5985909555291471,1.3294021716685727,238.17996673583986,250.68022709712147,225.67970637455824,0.10496483421836549
2025-03-06,234.5280303955078,237.04940729600816,232.3654272740836,233.64106399817908,45170400,AAPL,238.3352020263672,238.09261749267577,225.62685943603515,-0.0017391917687868963,0.013731280259077244,-0.09046107914547767,38.61968528190398,0.23291920132234623,1.1101055775993274,238.3352020263672,250.55615800753233,226.11424604520207,0.10255267268335057
2025-03-07,238.2552947998047,240.54744460053885,233.95996981993864,234.3087831583753,46273600,AAPL,238.63946838378905,237.79083953857423,225.87519035339355,0.015892618029543115,0.0141372937613419,-0.07600612449333392,40.0931495577043,0.24110152071878588,0.9363047662232191,238.63946838378905,250.51217564509778,226.76676112248032,0.09950329961525554
2025-03-10,226.70477294921875,235.35520052510583,223.4558880873905,234.73730306532093,72071200,AAPL,238.64445037841796,237.24252166748047,226.059958114624,-0.04847960193409895,0.017185136497706192,-0.12080097976744252,28.422635656864713,-0.6766445763332456,0.6137148977119262,238.64445037841796,250.49595995208364,226.79294080475228,0.0993235715716227
2025-03-11,220.08740234375,225.0703629938446,216.7089556312574,223.0472821864493,76137400,AAPL,238.30511093139648,236.5035202026367,226.20513313293458,-0.029189374883390795,0.01839005782247372,-0.14646424956612059,23.657101538112414,-1.9158467852708725,0.10780256111536646,238.30511093139648,251.84412927013375,224.76609259265922,0.11362759519358266
2025-03-12,216.2405700683593,220.9943190932265,214.177632133622,219.3898050520796,62547500,AAPL,237.5257766723633,235.67125640869142,226.33827514648436,-0.017478657271725262,0.01787499013156421,-0.1613829084171192,20.26388142348125,-3.1717685061474867,-0.5481116523372043,237.5257766723633,254.09100941413516,220.96054393059143,0.1394815583710016
2025-03-13,208.96543884277344,216.1010424274323,207.7097381833997,215.2140760046737,61368300,AAPL,236.1709098815918,234.7617803955078,226.45500579833984,-0.033643692408348636,0.01833805432451148,-0.1895970838947176,17.702153378186296,-4.699959598833772,-1.3784812416365178,236.1709098815918,257.0982135610097,215.24360620217388,0.17722168822493975
2025-03-14,212.762451171875,213.22087501834247,208.86577244295887,210.53007941159925,60107600,AAPL,234.77368774414063,233.99573944091796,226.57532623291016,0.018170527863980768,0.01823045365759351,-0.1748716351265754,20.920570821628445,-5.540803948915084,-2.2109457830922308,234.77368774414063,258.02792733750806,211.5194481507732,0.19809919771512213
2025-03-17,213.270736694336,214.4865804284824,209.2544712338784,212.58308562424435,48073400,AAPL,233.24890213012696,233.2753042602539,226.69813842773436,0.0023889813247657266,0.01781451282169271,-0.17290041887235827,21.634644833825945,-6.095895076686588,-2.9879356418111023,233.24890213012696,257.9731331872574,208.52467107299654,0.2119986917952314
2025-03-18,211.96519470214844,214.4168029665515,210.769287119016,213.43018643369248,42432400,AAPL,231.6653175354004,232.65956604003907,226.81293296813965,-0.006121524276716306,0.01775959031962285,-0.17796352903749305,23.832065432542507,-6.565472443101612,-3.7034430020692044,231.6653175354004,257.61485270503147,205.71578236576931,0.22402606868993907
2025-03-19,214.50650024414065,218.01449366985423,213.02157246340184,213.4899719913265,54385400,AAPL,230.1888671875,232.10441009521483,226.93546783447266,0.011989258640142442,0.01816429558984765,-0.16810792117549359,28.934318155035527,-6.6558295109533105,-4.293920303846026,230.1888671875,256.5321579125517,203.84557646244826,0.2288841423733481
2025-03-20,213.3703765869141,216.7488232276348,211.4967785561088,213.2607508466693,48862900,AAPL,228.60777435302734,231.49387908935546,227.04755447387694,-0.0052964532819913535,0.018008424944957215,-0.17251399870664627,21.670782631701343,-6.74140312353947,-4.783416867784715,228.60777435302734,255.00585034776367,202.209698358291,0.23094644151489901
2025-03-21,217.5261688232422,218.09421843072647,210.55998434888176,210.83902892918795,94127800,AAPL,227.2484230041504,231.02201293945313,227.17158004760742,0.019476894134998535,0.018912610773636512,-0.15639714146126235,29.967583750773045,-6.400106680091767,-5.106754830246126,227.2484230041504,252.9451896915129,201.5516563167879,0.22615573166721759
2025-03-24,219.9777984619141,220.72524263370704,217.8351312521572,220.2468826216609,44299500,AAPL,225.9344169616699,230.58942352294923,227.30627464294435,0.011270504380850088,0.019109810873033973,-0.14688931174840378,34.70213456437308,-5.864201897894333,-5.258244243775768,225.9344169616699,250.18532874120024,201.68350518213958,0.21467213455703413
2025-03-25,222.9875030517578,223.33631640181736,219.3300115304276,220.01766257627696,34493600,AAPL,224.77388610839844,230.33350128173828,227.44846908569335,0.013681856127698344,0.01955796239875912,-0.13521717405074377,38.583152649951685,-5.137414572505435,-5.234078309521702,224.77388610839844,247.08572827418814,202.46204394260874,0.1985269957474481
2025-03-26,220.77505493164065,224.25316696482244,219.7186696993224,222.7483031053444,34466100,AAPL,223.8355941772461,230.08210998535156,227.5865042114258,-0.009921848040083336,0.018894694628308357,-0.14379741783748612,37.29751121050327,-4.68593985624139,-5.12445061886564,223.8355941772461,245.08575943157777,202.58542892291442,0.1898729764802693
2025-03-27,223.087158203125,224.22327264250703,219.80836152348044,220.6355348303588,37094800,AAPL,223.16538619995117,229.8992596435547,227.72413116455078,0.010472665366113354,0.0190357053469727,-0.13483069470889603,35.61438418312932,-4.094378038580004,-4.9184361028085135,223.16538619995117,243.56334522310345,202.7674271767989,0.18280576007316984
2025-03-28,217.15740966796875,223.0472725515885,216.93815819229235,220.91456609374504,39818600,AAPL,221.97246475219725,229.50642730712892,227.8508322906494,-0.026580411812665128,0.019015802382843845,-0.15782725113121102,39.864585985857964,-4.057272474400975,-4.7462033771270065,221.97246475219725,240.69683883161227,203.24809067278224,0.16870898019101863
2025-03-31,221.37301635742188,224.8511131847691,215.49311362240712,216.2704542730732,65299300,AAPL,221.1801742553711,229.38924194335937,227.9289347076416,0.019412677172281345,0.01958869917539352,-0.14147842343412845,51.43813496831986,-3.6456767269607724,-4.52609804709376,221.1801742553711,238.47461321951863,203.88573529122357,0.15638326556501983
2025-04-01,222.4293975830078,222.91771798921508,218.15400887457568,219.0609113529448,36412700,AAPL,220.54534530639648,229.25893920898437,227.98291862487793,0.004771951175297495,0.019621582107620328,-0.13738160038781672,57.38403476544802,-3.1973855253359886,-4.260355542742206,220.54534530639648,236.5698573964851,204.52083321630786,0.14531716430311678
2025-04-02,223.12701416015625,224.4225869866718,220.2667995775576,220.56578026164416,35905900,AAPL,219.95486450195312,229.28872772216798,228.03458015441893,0.00313635061160511,0.019660170755857465,-0.13467612664261117,70.04225295539618,-2.754072457790926,-3.9590989257519507,219.95486450195312,234.55343164042262,205.35629736348363,0.13274148013525622
2025-04-03,202.49755859375,206.7829078208988,200.56416741637668,204.83954098981803,103419000,AAPL,218.35334091186525,228.88223419189453,227.99178535461425,-0.09245610910922164,0.028138799964355487,-0.2146806050925562,40.1605161604366,-4.0210165388544965,-3.97148244837246,218.35334091186525,233.24519019137506,203.46149163235543,0.13640138701171203
2025-04-04,187.738037109375,199.19884701911505,186.70157274086588,193.2292544699453,125910900,AAPL,215.82747802734374,228.18393493652343,227.85443397521973,-0.07288740460316123,0.031187311549845175,-0.2719204975718848,30.77732702177923,-6.145210720334745,-4.406228102764917,215.82747802734374,233.40140292946316,198.25355312522433,0.16285159853364853
2025-04-07,180.84161376953125,193.48835506739644,174.02491207450518,176.59612158290105,160466300,AAPL,213.53432006835936,227.3652279663086,227.69442024230958,-0.03673428915114274,0.030555824394926167,-0.2986659805390993,28.387560939170484,-8.289576562332883,-5.18289779467851,213.53432006835936,236.32641083761717,190.74222929910155,0.21347473101243222
2025-04-08,171.83242797851562,189.69135865616963,168.63337548243626,186.0637635998773,120859500,AAPL,211.12157135009767,226.22537506103515,227.5122550201416,-0.049818101062165554,0.03154230944238917,-0.3336051095989373,22.80927384008936,-10.593848649081025,-6.2650879655590135,211.12157135009767,240.31134947001453,181.9317932301808,0.27652103888060003
2025-04-09,198.1723480224609,199.926344669284,171.30421792842867,171.3640110222038,184395900,AAPL,210.21816024780273,225.44507690429688,227.4726654815674,0.15328841216885203,0.048487732743932525,-0.23145449497192222,42.670388315220556,-10.177272204719088,-7.047524813391028,210.21816024780273,239.85583240333318,180.58048809227228,0.2819706168163008
2025-04-10,189.77105712890625,194.1161990933285,182.3763459118313,188.42566697985896,121880000,AAPL,209.25844116210936,224.4748519897461,227.38784133911133,-0.04239386058342742,0.048814596353067854,-0.2640361059641023,37.141009397666764,-10.405102785918842,-7.719040407896591,209.25844116210936,240.27780235496556,178.23907996925317,0.2964693899141298
2025-04-11,197.4747314453125,198.8599939466244,185.4259358180616,185.4658080204705,87435900,AAPL,208.49405517578126,223.69394134521485,227.3369169616699,0.04059456922966587,0.0495948398767623,-0.23415996871712766,40.05811853479162,-9.85048773699259,-8.145329873715792,208.49405517578126,239.90087864383958,177.08723170772294,0.30127308370091643
2025-04-14,201.829833984375,212.2143217198501,200.4744681359889,210.7194335873708,101352900,AAPL,207.9220100402832,223.03178955078124,227.2870092010498,0.022053973727107268,0.049892710437683785,-0.21727015278804812,40.76233400749864,-8.956288419338904,-8.307521582840415,207.9220100402832,239.37923615916205,176.46478392140435,0.3025867835039135
2025-04-15,201.45114135742188,202.81646776904176,199.11911932089467,201.1720967653651,51343900,AAPL,207.39630737304688,222.5211441040039,227.23098670959473,-0.0018762965785447117,0.049881504562261,-0.21873878612229672,41.42567285216628,-8.183848041910352,-8.282786874654404,207.39630737304688,238.92037884436579,175.87223590172798,0.3039983871517643
2025-04-16,193.6079559326172,200.01603598224625,191.71442177543543,197.68401406478424,59732400,AAPL,206.35138015747071,221.7582666015625,227.15303092956543,-0.03893343751718448,0.050458891443084304,-0.249155970777404,37.53161548190867,-8.111063699842049,-8.248442239691933,206.35138015747071,238.26613495397766,174.43662536096377,0.3093243648009737
2025-04-17,196.3087158203125,198.1524173652309,193.75744237056688,196.5279673080365,52164700,AAPL,205.49829711914063,221.05597442626953,227.05813568115235,0.013949632775603904,0.05061487952337034,-0.23868197229799398,40.934311210948934,-7.746159922851717,-8.14798577632389,205.49829711914063,237.53496610257466,173.4616281357066,0.31179498256241317
2025-04-21,192.5017242431641,193.13954254760668,189.1631347892109,192.61134997705832,46742500,AAPL,204.24707489013673,220.26260955810548,226.92672424316407,-0.01939288106103787,0.05045341827207487,-0.25344612225884294,37.4010536959863,-7.675682959308659,-8.053525212920846,204.24707489013673,236.26050570759625,172.2336440726772,0.313477496161738
2025-04-22,199.059326171875,200.9030125684292,195.3021694205859,195.45165216386687,52976400,AAPL,203.20115127563477,219.71169342041014,226.821743850708,0.034065159439442105,0.051091787777543085,-0.22801464538345662,40.26891076653291,-7.009880250432673,-7.844796220423212,203.20115127563477,234.40729700594,171.99500554532955,0.30714536344309634
2025-04-23,203.9027557373047,207.29116289420588,202.1088868632085,205.29797863560773,52929200,AAPL,202.2469139099121,219.25226470947266,226.71719230651854,0.024331588268553084,0.05133824069561016,-0.2092310155855739,42.262337670313734,-6.021984826573231,-7.480233941653216,202.2469139099121,232.04074204888394,172.45308577094028,0.2946282597146877
2025-04-24,207.659896850586,208.11833592046503,202.248408894664,204.1917605029567,47311000,AAPL,201.59115600585938,218.7689175415039,226.62407623291017,0.018426141911106697,0.05153517547999632,-0.19466019405985194,52.40437718472983,-4.879651117058955,-6.960117376734364,201.59115600585938,230.22257390960434,172.95973810211441,0.2840543054667812
2025-04-25,208.56678771972656,209.03518721035243,205.49728231156087,205.6667011390741,38222300,AAPL,200.86513748168946,218.21899780273438,226.53122367858887,0.00436719310225353,0.051476523125700904,-0.1911431196143799,61.13833477353009,-3.8567071885102564,-6.339435339089543,200.86513748168946,227.89296019320238,173.83731477017653,0.2691141235394991
2025-04-28,209.42388916015625,210.77925519188395,206.75302930142868,209.28436685718967,38743100,AAPL,200.47846145629882,217.59333770751954,226.42130172729492,0.004109481906493517,0.05116591271571753,-0.18781913689949242,66.34001774647663,-2.9429315490886836,-5.6601345810893715,200.47846145629882,226.7351455489586,174.22177736363903,0.26194019948006564
2025-04-29,210.490234375,211.51672307140856,207.6599011161091,207.978817902887,36827600,AAPL,199.93432235717773,216.92781341552734,226.34357902526855,0.005091803132489137,0.050970950439879786,-0.18368367183660947,74.30754322338,-2.1084082070576073,-4.949789306283019,199.93432235717773,224.78099049386205,175.08765422049342,0.24854830169975872
2025-04-30,211.7758331298828,212.8521544830753,205.96569903614,208.5867412723437,52286500,AAPL,199.4016441345215,216.2905923461914,226.25753440856934,0.0061076408542186655,0.05098022022168658,-0.178697904880753,62.488555307143656,-1.3279970474465017,-4.225430854515716,199.4016441345215,222.62125202044174,176.18203624860124,0.23289284285194467
2025-05-01,212.59304809570312,213.82881264888,208.1880973411412,208.3674918385056,57365700,AAPL,198.87494583129882,215.6617431640625,226.15640602111816,0.0038588679064202047,0.05098374686573451,-0.17552860858442162,74.34100074536752,-0.6362389958060248,-3.507592482773778,198.87494583129882,220.2317400804213,177.51815158217633,0.21477611631621993
2025-05-02,204.65020751953125,206.2846180646873,201.4710760745947,205.3876759905617,101010600,AAPL,198.9825782775879,214.8549026489258,226.01347763061523,-0.03736171359938467,0.04713758963693717,-0.20633227258137665,57.61422338975851,-0.7206296395338256,-2.9501999141257875,198.9825782775879,220.43771515393342,177.52744140124236,0.21564839557375565
2025-05-05,198.21221923828125,203.4044712176219,197.5345438511527,202.4078790317576,69018500,AAPL,199.50628738403321,213.9248831176758,225.86785903930664,-0.03145849867088735,0.04453298414623092,-0.23129986772950162,46.32369542079238,-1.2921070764056424,-2.6185813465817587,199.50628738403321,220.30710765996542,178.705467108101,0.2085229548269057
2025-05-06,197.83351135253903,199.96621804369693,196.34859871285207,197.53454585917265,51216500,AAPL,200.3558822631836,212.9563949584961,225.74368827819825,-0.0019106182615661327,0.04354215470827751,-0.23276856023988596,46.32368105457947,-1.7553312577016982,-2.4459313288057465,200.3558822631836,219.24722809059935,181.46453643576783,0.1885779006238555
2025-05-07,195.58120727539065,198.7603386318323,192.591430858442,198.491254496406,68536700,AAPL,201.54332122802734,211.94405670166014,225.6076104736328,-0.011384846084720124,0.04179194377904463,-0.24150337209291306,52.26233649454097,-2.2779233915642862,-2.4123297413574547,201.54332122802734,215.1250725302421,187.96156992581257,0.13477748822892816
2025-05-08,196.8169860839844,199.3682595147921,194.0165494128041,197.04619801698016,50478900,AAPL,201.4755531311035,211.08957855224608,225.47944961547853,0.0063184946335548275,0.0238263787453866,-0.2367108152199126,50.602988476783445,-2.5628217864512237,-2.442428150376209,201.4755531311035,215.14139054692345,187.80971571528357,0.1356575247313241
2025-05-09,197.8534393310547,199.85658408831688,196.86680762308345,198.32183886048443,36453900,AAPL,201.87967224121093,210.3168209838867,225.35125656127929,0.005266076204561099,0.021655193179914496,-0.23269127620674343,56.79576021136938,-2.674146802206593,-2.488771880742286,201.87967224121093,214.5283253413068,189.23101914111504,0.12530883332307927
2025-05-12,210.3471221923828,210.82612467262763,206.3156169574021,210.5267519291572,63775800,AAPL,202.52329177856444,209.70344665527344,225.31766365051269,0.06314614951132236,0.024192049845134952,-0.18423868481275252,62.45578008393914,-1.734245582852509,-2.3378666211643306,202.52329177856444,215.53303956530334,189.51354399182554,0.12847655864653373
2025-05-13,212.48263549804688,212.95164926547025,208.5608995756232,209.98788789546765,51909300,AAPL,203.05593185424806,209.20872283935546,225.29996284484864,0.010152329556051276,0.023854065175399182,-0.17595680710189374,60.0694395943937,-0.8077379184297513,-2.031840880617415,203.05593185424806,216.7978219993492,189.31404170914692,0.13535078753537677
2025-05-14,211.8839111328125,213.4905292428568,210.1375877621875,211.9836919036665,49325800,AAPL,203.57757034301758,208.7438815307617,225.27693435668945,-0.0028177566784739483,0.023864796056999888,-0.1782787603120334,55.35428925327944,-0.12039809745138541,-1.649552323984209,203.57757034301758,217.84496835722337,189.3101723288118,0.14016669901468967
2025-05-15,211.00575256347656,212.51258988469863,209.0997617101353,210.506803034962,45029500,AAPL,204.44746017456055,208.26526397705078,225.2481244659424,-0.004144526899852674,0.02184552859406976,-0.18168440609410047,53.0938442873435,0.34943552994872107,-1.2497547531976232,204.44746017456055,218.2700510062977,190.6248693428234,0.13521900267125067
2025-05-16,210.816146850586,212.12340739052024,209.3292870180407,211.9138418912236,54737900,AAPL,205.1728317260742,207.79102630615233,225.2155854034424,-0.0008985807760550912,0.021760913253168118,-0.1824197287555304,51.796511762984885,0.6984313859439055,-0.8601175253693175,205.1728317260742,218.71692591187988,191.62873754026853,0.1320261953969458
2025-05-19,208.3413543701172,209.0398806327114,203.83084657536088,207.47318710280223,46140500,AAPL,205.96481323242188,207.1927474975586,225.15438301086425,-0.01173910308788062,0.021395932829581094,-0.1920173878422866,47.32442596246684,0.7664825124446963,-0.5347975178065147,205.96481323242188,218.1760219877615,193.75360447708226,0.1185756786675967
2025-05-20,206.42539978027344,208.03201787298204,204.5992426766309,207.23369558110693,42496600,AAPL,206.3331169128418,206.7871600341797,225.10207534790038,-0.009196227967492532,0.02037779104598906,-0.19944778013745906,43.44112224772769,0.6582243962689347,-0.29619313499142486,206.3331169128418,218.10375950067788,194.56247432500572,0.11409358578931539
2025-05-21,201.66542053222656,206.6050179110669,200.2883301620853,204.7389515122616,59211800,AAPL,206.22125015258788,206.41872039794922,225.01851844787598,-0.023059077289488417,0.020401299451713293,-0.21790777564954095,37.78503317633517,0.186192206870885,-0.19971606661896288,206.22125015258788,218.13085334132253,194.31164696385324,0.11550316157934702
2025-05-22,200.9369506835937,202.32402973584547,199.28043462788847,200.28832240028711,46742400,AAPL,205.88510284423828,206.1126480102539,224.98391204833985,-0.00361226950416349,0.019922986331793093,-0.2207329035410055,45.051117358426644,-0.24386698593161782,-0.2085462504814939,205.88510284423828,218.00144930446737,193.76875638400918,0.11770007924658521
2025-05-23,194.8597412109375,197.28462846236872,193.053546464468,193.2630967266574,78432900,AAPL,205.19975051879882,205.8305340576172,224.92905075073242,-0.030244359994422876,0.020871017469549807,-0.24430133813811994,45.48856432740372,-1.0628204768470937,-0.3794010957546139,205.19975051879882,218.1961127953372,192.20338824226044,0.12667035163230134
2025-05-27,199.78936767578125,200.31825293342968,197.01519441683536,197.8833769105113,56288500,AAPL,204.71802444458007,205.57107238769532,224.88597496032716,0.025298332196322493,0.021779025405719722,-0.22518342235002164,52.34479985628892,-1.299092234906169,-0.563339323584925,204.71802444458007,217.76924740840394,191.6668014807562,0.12750438559802552
2025-05-28,199.9989318847656,202.3040763244224,199.4800200994256,200.16857290124128,45339700,AAPL,204.19345932006837,205.3056362915039,224.82661476135254,0.00104892573324733,0.021727174094238338,-0.2243706973031779,55.5690031653604,-1.4526835929547701,-0.7412081774588941,204.19345932006837,217.1104946223719,191.27642401776484,0.12651762054783927
2025-05-29,199.5299072265625,203.38179807643976,198.09293019267844,203.15228556391767,51396800,AAPL,203.58116302490234,205.0569305419922,224.7503581237793,-0.0023451358153919744,0.021636396917579532,-0.2261896533603997,53.48733571897635,-1.593878976206156,-0.9117423372083465,203.58116302490234,216.14087090979024,191.02145514001444,0.12338772112576622
2025-05-30,200.4280242919922,201.53569281345096,196.3665679710664,198.95112277889336,70819900,AAPL,202.9729118347168,204.77536102294923,224.67093521118164,0.004501165153201203,0.02164720324635674,-0.22270660519291893,53.321323175091095,-1.6146936105573957,-1.0523325918781565,202.9729118347168,214.85499535184073,191.09082831759287,0.11708048536840866
2025-06-02,201.27622985839844,201.70533435611304,199.69954757512767,199.85921507319503,35423300,AAPL,202.80421295166016,204.5334780883789,224.57715797424316,0.0042319709002895944,0.02008583966689337,-0.21941712216510806,33.2720271668109,-1.544937183619993,-1.1508535102265238,202.80421295166016,214.68183267611533,190.926593227205,0.11713385586606416
2025-06-03,202.8429412841797,203.34189080211323,200.53779694760377,200.92697696252267,46381600,AAPL,203.03574905395507,204.23981353759766,224.48897689819336,0.007783886983989463,0.018792143575281847,-0.21334115326240402,31.842145048537063,-1.3476987617848692,-1.1902225605381929,203.03574905395507,214.71535524144767,191.35614286646248,0.11504975101097922
2025-06-04,202.3938751220703,205.80668775064265,201.6753866500836,202.4836823743862,43604000,AAPL,203.26376724243164,203.8881350708008,224.38363449096678,-0.0022138614203993656,0.018795009234634993,-0.21508270693421222,32.02269178495176,-1.2136317859651058,-1.1949044056235754,203.26376724243164,214.69108062063788,191.8364538642254,0.11243827203671708
2025-06-05,200.2084808349609,204.3198198340372,199.72947835269025,203.07244608657663,55126100,AAPL,203.49513092041016,203.43255462646485,224.26075225830078,-0.010797729357132524,0.01877459396637652,-0.22355803143246972,30.51155079153486,-1.2690964427877987,-1.20974281305642,203.49513092041016,214.44491146916005,192.54535037166028,0.10761712576830647
2025-06-06,203.49156188964844,205.26782088834017,201.62549563553227,202.5734966384944,46607700,AAPL,203.82885971069337,203.086884765625,224.15508094787597,0.016398311604960858,0.0190487348158295,-0.21082569408873011,38.10758529655715,-1.0361908169298033,-1.1750324138310968,203.82885971069337,214.3188443374934,193.33887508389333,0.10292933632351285
2025-06-09,201.02674865722656,205.5671921108461,199.59976040917107,203.96057412654167,72862600,AAPL,203.98752517700194,202.64567657470704,224.0340029144287,-0.012112606584436802,0.019279107694923955,-0.22038465198277926,38.11993814249036,-1.0385297346766436,-1.1477318780002062,203.98752517700194,214.18898664117162,193.78606371283226,0.10002044443960753
2025-06-10,202.24420166015625,203.9206800071224,200.1486227598628,200.17855851367187,54672600,AAPL,203.58237915039064,202.34741241455077,223.91955909729003,0.006056174171157558,0.012688397305468658,-0.21566316564867932,43.051421494368235,-0.9314083653308955,-1.104467175466344,203.58237915039064,213.35498816099542,193.80977013978585,0.0960064328886298
2025-06-11,198.36236572265625,204.0703493278625,197.9931479582844,203.0724503091444,60989900,AAPL,202.8763656616211,201.88719940185547,223.79500373840332,-0.01919380583292518,0.012917798852307698,-0.23071757455482977,44.345744177894524,-1.1465291522784469,-1.1128795708287647,202.8763656616211,211.9573850671548,193.79534625608738,0.08952269403997512
2025-06-12,198.781478881836,199.26046614106752,196.94534836583952,198.66173587371063,43904600,AAPL,202.22124404907225,201.41424102783202,223.6610585784912,0.002112866307340422,0.012975468425961093,-0.2290921836372775,46.27070882430763,-1.2685716917212915,-1.1440179950072702,202.22124404907225,210.41311260574528,194.02937549239923,0.08101887212883667
2025-06-13,196.03726196289065,199.9490243445518,195.2888376882346,199.3103695725812,51447300,AAPL,201.47281951904296,200.8724459838867,223.51170188903808,-0.01380519419808024,0.01319412782187063,-0.23973471575098293,52.30288366274591,-1.5686442994431218,-1.2289432558944406,201.47281951904296,208.99301175757373,193.9526272805122,0.07465217647207215
2025-06-16,198.0031280517578,198.27256505925683,196.1470352061455,196.8854859861783,43020700,AAPL,200.83216857910156,200.78255737304687,223.36794830322265,0.010028022576847206,0.01353326795658709,-0.2321107583161407,46.048573019864655,-1.6290464061025318,-1.308963885936059,200.83216857910156,207.07565705089982,194.5886801073033,0.062176179403641126
2025-06-17,195.2289581298828,197.97318035709665,194.79986887227625,196.78567812068,38856200,AAPL,200.17654876708986,200.93237579345703,223.21798072814943,-0.014010737856372857,0.013619352723048027,-0.24286945318410216,40.523382255665815,-1.8791066668416363,-1.4229924421171747,200.17654876708986,205.82542948993125,194.52766804424846,0.05643898606138928
2025-06-18,196.1669921875,197.15491770400297,194.6601701411749,195.5283374204853,45394700,AAPL,199.66362838745118,201.23888336181642,223.05629570007324,0.004804789548654709,0.013652362214130345,-0.23923160024579398,43.441050041486,-1.978779576877571,-1.5341498690692539,199.66362838745118,204.75931205961757,194.5679447152848,0.05104268327006573
2025-06-20,200.5777130126953,201.27623931614943,196.44641147314488,197.82351706190548,96813500,AAPL,199.6092430114746,201.8137890625,222.92059211730958,0.022484520846297373,0.0138321360472228,-0.2221260873023162,50.2567675659377,-1.6824683200311483,-1.563813559261633,199.6092430114746,204.63774463911346,194.58074138383574,0.05038345471156158
2025-06-23,201.0766448974609,201.87496712850407,198.54198818263384,201.2063766376904,55814300,AAPL,199.61622772216796,201.871875,222.81835891723634,0.002487474192778505,0.013819700420091098,-0.22019114601924514,49.65349120853149,-1.3913413636598477,-1.5293191201412761,199.61622772216796,204.65287595706144,194.5795794872745,0.05046331445461077
2025-06-24,199.87918090820312,203.0125832870988,199.77938491343545,202.16436301176623,54064000,AAPL,199.86719970703126,202.07403747558592,222.71968467712404,-0.005955261437092463,0.011951305177544794,-0.22483511161566,44.78764748156264,-1.2429188942651592,-1.4720390749660528,199.86719970703126,204.3787617554054,195.35563765865712,0.04514559722643104
2025-06-25,201.1365203857422,203.2420878888105,200.19849288768373,201.02675088646447,39525700,AAPL,199.9345573425293,202.14727325439452,222.6196898651123,0.006290497448638854,0.010628375808149194,-0.21995893886300394,47.84982543302526,-1.0121685807845324,-1.3800649761297488,199.9345573425293,204.48131532439038,195.38779936066823,0.04548246228461185
2025-06-26,200.5777130126953,202.2142668779585,199.0409551450961,201.00680230384165,50799100,AAPL,199.96349639892577,202.12223083496093,222.5246573638916,-0.002778249181079495,0.010650312915071292,-0.2221260873023162,50.668611880170474,-0.8644238398016171,-1.2769367488641223,199.96349639892577,204.51933809587428,195.40765470197726,0.04556673371883469
2025-06-27,200.6575469970703,202.79305039965564,199.57981417332653,201.46584280819525,73188600,AAPL,200.01987838745117,202.1063589477539,222.42957664489745,0.00039802021458856807,0.010633483398516561,-0.2218164777606614,44.19463855037565,-0.7324499062061989,-1.1680393803325375,200.01987838745117,204.58103411671084,195.4587226581915,0.045607024322096824
2025-06-30,204.7389373779297,206.95427439094752,198.84135059390303,201.58557286233471,91912800,AAPL,200.23542404174805,202.32897857666015,222.35888046264648,0.02034007911458713,0.011513458650220309,-0.20598816335264528,57.131918296702715,-0.2951235186630754,-0.9934562079986451,200.23542404174805,205.26153289831203,195.20931518518407,0.05020199478306158
2025-07-01,207.3833770751953,209.74839282792448,205.70689884063933,206.23578409144605,78788900,AAPL,200.5407814025879,202.55047180175782,222.28872787475586,0.01291615425542747,0.011796965425502117,-0.19573258398987284,59.36023745139945,0.26182680091656607,-0.742399606215603,200.5407814025879,206.49036789144148,194.5911949137343,0.05933542741024551
2025-07-02,211.99366760253903,212.8917706186518,207.7026988246806,208.47108532398715,67941800,AAPL,200.99831771850586,202.9403106689453,222.241079788208,0.022230762139012095,0.012612148106910559,-0.1778531063683938,74.18559760023172,1.0629725714190101,-0.3813251706886803,200.99831771850586,208.80951581618453,193.1871196208272,0.07772401467178543
2025-07-03,213.1013336181641,214.1990133776075,211.3649838836884,211.7042658878765,34955800,AAPL,201.53369064331054,203.2211508178711,222.20031242370607,0.0052249957659196156,0.012582174144690513,-0.17355739233020462,74.80129177523955,1.7668980558634075,0.048319474621737246,201.53369064331054,211.03297931146108,192.03440197516,0.09426998173683125
2025-07-07,209.50889587402344,215.77570049162512,208.36131809352125,212.23315593085263,50229000,AAPL,201.99871139526368,203.33327362060547,222.17231002807617,-0.01685788485292916,0.01298959716744506,-0.18748946664785654,72.66624528448173,2.0116948056150363,0.4409945408203971,201.99871139526368,212.1153588131529,191.88206397737446,0.10016546489837097
2025-07-08,209.5687713623047,210.985786168202,208.01205130024096,209.658593847986,42848900,AAPL,202.30257186889648,203.37145111083984,222.14227020263672,0.00028578971805215403,0.01256537272406454,-0.18725725949161545,70.7929891015709,2.185338226216487,0.7898632778996151,202.30257186889648,212.95869654912008,191.64644718867288,0.10534838565601005
2025-07-09,210.69639587402344,210.8859991217609,206.7846335910969,209.0897778625777,48749400,AAPL,202.78605422973632,203.41404327392578,222.09847755432128,0.00538068961510163,0.012167003672134092,-0.1828841430680128,79.55765888706159,2.3864324543893076,1.1091771131975536,202.78605422973632,214.05809855372166,191.51400990575098,0.11117179006023009
2025-07-10,211.9637451171875,213.03148920420767,209.58874045798785,210.06772774811225,44443600,AAPL,203.27203140258788,203.4648403930664,222.02035049438476,0.0060150494644521935,0.0121663606234117,-0.17796915077037861,79.81175150692096,2.6178881858382397,1.4109193277256908,203.27203140258788,215.2610008940282,191.28306191114757,0.11795985319491112
2025-07-11,210.7163543701172,211.68431760849728,209.41908263784933,210.12759762046792,39765800,AAPL,203.88973083496094,203.46936279296875,221.93931785583496,-0.005884925020458898,0.011251542677552006,-0.18280674068259908,71.72798085035416,2.669887708593592,1.6627130038992712,203.88973083496094,216.08485648372013,191.69460518620176,0.1196247167409384
2025-07-14,208.1816864013672,210.46688365912564,207.10395364435493,209.4889316669829,38840100,AAPL,204.3597412109375,203.39747985839844,221.85421340942383,-0.01202881464197092,0.011749222997341567,-0.1926366069255962,64.00473044181271,2.4780062692726403,1.825771656973945,204.3597412109375,216.45004724550176,192.26943517637324,0.11832375557850022
2025-07-15,208.6706695556641,211.44482767792792,208.48106630115817,208.7804390594974,42296300,AAPL,204.99141159057618,203.31903228759765,221.7670790863037,0.0023488288655426626,0.011116343349698535,-0.19074024848296048,67.8267789526316,2.338439623773951,1.9283052503339464,204.99141159057618,216.55973420049207,193.42308898066028,0.11286641250142708
2025-07-16,209.7184600830078,211.9537441254909,208.20164932080104,209.85816533566305,47490500,AAPL,205.57717819213866,203.4203973388672,221.69015571594238,0.005021264030900197,0.011010019694319735,-0.18667674160101272,67.55102168187432,2.286028081775072,1.9998498166221716,205.57717819213866,216.83791901505677,194.31643736922055,0.10955244081026815
2025-07-17,209.5787506103516,211.3550095983717,209.1496461257956,210.1275981014208,48068100,AAPL,206.2946678161621,203.6477279663086,221.60681594848631,-0.0006661763232522766,0.0103111572394623,-0.1872185582989085,68.72917981653478,2.207768390575154,2.0414335314127685,206.2946678161621,216.56420831307398,196.02512731925023,0.0995618607657227
2025-07-18,210.7363128662109,211.34503189230253,209.25942654413325,210.42696659875529,48974600,AAPL,207.02313385009765,203.90578399658204,221.52792167663574,0.00552328064027563,0.01031681521909641,-0.18272933829718552,70.07148309493476,2.213635212574502,2.0758738676451154,207.02313385009765,216.28535577794608,197.76091192224922,0.08948006684658794
2025-07-21,212.03358459472656,215.3266544851033,211.18537954340883,211.6543933122032,51377400,AAPL,207.5959274291992,204.23483154296875,221.42960945129394,0.006155900285392368,0.00934750293444148,-0.1776983015975663,66.33881626615556,2.2964911772411085,2.119997329564314,207.5959274291992,216.5929550512452,198.5988998071532,0.08667826708801356
2025-07-22,213.9495391845703,214.49838667908327,211.78410018506472,212.6921919281017,46404100,AAPL,208.23957214355468,204.57748260498047,221.37463699340822,0.009036090171780309,0.009449294897213816,-0.17026790930239383,65.20326846247444,2.4880756618279065,2.1936129960170327,208.23957214355468,217.11387177070787,199.3652725164015,0.08523163523439715
2025-07-23,213.7000732421875,214.69797228179937,211.9637386583707,214.54829351655,46989300,AAPL,208.9306167602539,204.89441528320313,221.31558319091798,-0.0011660036442873167,0.009265304356673923,-0.17123537994392943,54.95076724474544,2.5899229103388848,2.2728749788814033,208.9306167602539,217.19528790395157,200.66594561655626,0.07911402619541677
2025-07-24,213.31089782714844,215.23685093304425,213.08138530657155,213.45060308663847,46022600,AAPL,209.53933563232422,204.95369079589844,221.26010246276854,-0.0018211290671763525,0.009309057849837881,-0.1727446672833609,50.63445632811741,2.609157639906016,2.340131511086326,209.53933563232422,217.15477561221132,201.92389565243712,0.07268744989484749
2025-07-25,213.4306488037109,214.7877920897316,212.95164630742312,214.24891808809048,40268800,AAPL,210.181982421875,204.97265106201172,221.1996019744873,0.0005613917422049308,0.009229878698036511,-0.17228025297087882,65.03443079795684,2.6040463789803425,2.3929144846651296,210.181982421875,216.70397177310275,203.65999307064726,0.06206040380889432
2025-07-28,213.6002960205078,214.39861831079745,212.6123704732672,213.5803337758995,37858000,AAPL,210.82911987304686,205.00697875976562,221.1653567504883,0.0007948587409905006,0.00922407447396629,-0.17162233269486227,65.32625946688454,2.5838991989228646,2.4311114275166767,210.82911987304686,215.7418723290513,205.91636741704244,0.04660411672697487
2025-07-29,210.8261260986328,214.3586818606333,210.3770745937549,213.73000061776605,51411700,AAPL,211.13347930908202,205.00338623046875,221.0969548034668,-0.012987668901023652,0.008965850867782107,-0.18238102756282376,50.438310684016244,2.317366922216337,2.408362526456609,211.13347930908202,215.12554755312405,207.14141106504,0.03781558715468305
2025-07-30,208.6107940673828,211.9437731540036,207.28358653790625,211.454797150492,45512500,AAPL,211.1948501586914,204.9592791748047,220.99873184204102,-0.010507862911703691,0.008926490017459522,-0.19097245563920168,39.35359650848311,1.905414954529249,2.307773012071137,211.1948501586914,214.97636304306147,207.41333727432132,0.03581065429889651
2025-07-31,207.1339111328125,209.39913099136336,206.72476887181696,208.0519764228089,80698400,AAPL,210.95186233520508,204.93513031005858,220.8956105041504,-0.007079609380583052,0.00742129783346481,-0.1967000546314084,38.788302498407354,1.4431324100847291,2.1348448916738554,210.95186233520508,215.1218426043918,206.78188206601837,0.03953489884398896
2025-08-01,201.95480346679688,213.131269164684,201.07664747870345,210.4269561886582,104434500,AAPL,210.39453582763673,204.84571838378906,220.77400177001954,-0.025003668581794036,0.008974109096348895,-0.21678550023717796,33.27976871886604,0.6513510881159732,1.838146130962279,210.39453582763673,216.06460643204733,204.72446522322613,0.053899409336901564
2025-08-04,202.9227752685547,207.44325668811337,201.2562704772093,204.0803265791815,75109300,AAPL,210.0652297973633,204.8708654785156,220.6385878753662,0.004793012026163446,0.0084604214932793,-0.21303154372074923,34.952992832285574,0.10080391590901172,1.4906776879516257,210.0652297973633,216.64406470659003,203.48639488813654,0.06263611465422365
2025-08-05,202.49366760253903,204.908581407206,201.73526982787087,202.97265486934364,44155100,AAPL,209.711474609375,204.90199981689454,220.4883497619629,-0.0021146353111313188,0.008449856285418637,-0.21469569500714386,30.45357494934673,-0.36591603471487133,1.1193589434183262,209.711474609375,217.11224704495464,202.31070217379533,0.07058051972945126
2025-08-06,212.8019561767578,214.9274858636443,205.15804638253505,205.1979708684584,108483100,AAPL,209.8167526245117,205.26084411621093,220.3999452972412,0.05090672067065438,0.014452494582067158,-0.1747184281114102,55.62520172178526,0.09490378806407307,0.9144679123474756,209.8167526245117,217.33548211218337,202.29802313684004,0.07166948676521737
2025-08-07,219.5677185058593,220.38600300495352,216.12496995802368,218.42014073215765,90224800,AAPL,210.19695129394532,205.6564111328125,220.34352996826172,0.031793703641904925,0.016025281305217423,-0.14847967039365892,62.88959412059454,0.994582367342673,0.9304908033465151,210.19695129394532,218.85543518405393,201.5384674038367,0.08238448594813677
2025-08-08,228.86813354492188,230.5146607452676,218.78934791515115,220.3660301058977,113854000,AAPL,211.10454025268555,206.23379516601562,220.31944648742675,0.042357843413190155,0.018268202177342374,-0.11241110560904552,69.9173424214666,2.4300379255363964,1.2304002277844914,211.10454025268555,223.1393432339573,199.0697372714138,0.1140174717878305
2025-08-11,226.95997619628903,229.3376761213044,224.54232171734583,227.6992650180531,61806100,AAPL,212.04345474243163,206.78239654541017,220.2784635925293,-0.008337365796965868,0.018112570527093617,-0.11981125889890738,65.39578810216136,3.374772173511957,1.6592746169299848,212.04345474243163,225.90892764407945,198.17798184078381,0.1307795415660451
2025-08-12,229.4275817871093,230.57647717809445,226.8500938879156,227.78917070894937,55626200,AAPL,213.0813003540039,207.3623876953125,220.25290130615235,0.01087242619679385,0.018159990970195793,-0.11024147177203682,67.68273267647416,4.2733356665096665,2.1820868268459215,213.0813003540039,228.8592568767191,197.30334383128871,0.14809330050551017
2025-08-13,233.10403442382807,234.77241529044048,230.2068337695816,230.8462285986664,69878500,AAPL,214.2505790710449,207.99894378662108,220.27107864379883,0.016024457949132875,0.01832952731969577,-0.09598357365156546,70.72204289514933,5.221917694248873,2.7900530003265116,214.2505790710449,232.2841180747162,196.21704006737363,0.1683406325608241
2025-08-14,232.5545654296875,234.89229562265464,230.6264418350812,233.83332460758467,51916300,AAPL,215.3993698120117,208.59317626953126,220.28745330810546,-0.002357183544672292,0.0183631271195297,-0.09811450629586742,69.84287570299992,5.861767423637332,3.4043958849886757,215.3993698120117,235.03583452146185,195.76290510256158,0.18232611104282917
2025-08-15,231.3657073974609,234.0531046408583,229.11788646444973,233.77337703316005,56038700,AAPL,216.43083953857422,209.17261291503905,220.29370719909667,-0.005112168105708692,0.018511914256109686,-0.10272509655178301,68.0514985419558,6.201435745531711,3.963803857097283,216.43083953857422,237.17213972992892,195.68953934721952,0.1916667720328091
2025-08-18,230.66639709472656,232.8942332130852,229.88715369469057,231.4756102221476,37476200,AAPL,217.36248016357422,209.78177124023438,220.28657035827638,-0.0030225322092914952,0.01859118695892485,-0.1054371388480442,71.04723703336796,6.3411005804669,4.439263201771206,217.36248016357422,238.92957716727187,195.79538315987656,0.19844360431908512
2025-08-19,230.3367156982422,232.64447617946885,229.1278960385577,231.0560196461585,39402600,AAPL,218.1818389892578,210.31867431640626,220.27644248962403,-0.001429256279357305,0.018600561157286293,-0.10671569843462551,74.00809763019878,6.351961971303865,4.821802955677738,218.1818389892578,240.4371474815853,195.92653049693033,0.20400697505738072
2025-08-20,225.7911071777344,230.2467944412184,225.5513493703436,229.75726351111007,42263900,AAPL,218.78639068603516,210.8139614868164,220.2613366699219,-0.019734624185850036,0.019314268178495304,-0.12434432841713768,69.30755325250192,5.925471931476835,5.042536750837558,218.78639068603516,241.18551742884497,196.38726394322535,0.20475795292910345
2025-08-21,224.68218994140625,226.30063142153253,223.56327948127884,226.0508735335389,30621200,AAPL,219.35495529174804,211.2627212524414,220.26151901245117,-0.00491125292837713,0.019366563304514743,-0.12864489489844902,75.68321332009049,5.435339933483874,5.121097387366821,219.35495529174804,241.7461579208197,196.96375266267637,0.20415497429078605
2025-08-22,227.53941345214844,228.8681272027074,225.1916985271248,225.9509569942965,42477800,AAPL,220.0603935241699,211.84626220703126,220.29090362548828,0.012716733406805902,0.019483804461501265,-0.11756410432421327,76.6790011820761,5.217318848352221,5.140341679563901,220.0603935241699,242.55447870277717,197.56630834556265,0.2044355626051052
2025-08-25,226.94000244140625,229.0779292721956,226.01089520624416,226.26065308481304,30983100,AAPL,220.72737884521484,212.40943267822266,220.32176597595216,-0.002634317288807808,0.019522829309171326,-0.11988872046045661,76.3969874664501,4.939231719846816,5.100119687620484,220.72737884521484,243.20601030680797,198.24874738362172,0.20367778187912314
2025-08-26,229.08792114257807,229.26775474756235,224.4724002828088,226.65028173376103,54575100,AAPL,221.6404685974121,213.0704458618164,220.3562082672119,0.009464698502091418,0.019184909393319224,-0.11155873255132487,71.34756108049379,4.836413589973404,5.047378468091068,221.6404685974121,243.90827092547045,199.37266626935377,0.20093625021616054
2025-08-27,230.26678466796875,230.676376013076,228.03893336267103,228.38860049855515,31259500,AAPL,222.7232681274414,213.71571899414062,220.40017440795899,0.005145899965005141,0.018864157713864377,-0.10698690266425165,66.4308337481032,4.79478264591603,4.996859303656061,222.7232681274414,244.42217987130562,201.02435638357719,0.1948508741479869
2025-08-28,232.33477783203125,233.1839607581121,229.11789497993007,230.59647266873003,38074700,AAPL,223.98331146240236,214.45783538818358,220.43081367492675,0.008980857430412437,0.018658354215051968,-0.0989668793535883,56.844185500051225,4.872492527381297,4.971985948401108,223.98331146240236,244.7785641838081,203.1880587409966,0.18568573333104255
2025-08-29,231.9151763916016,233.15398096397084,231.145917853049,232.284813175836,39418400,AAPL,225.48133010864257,215.17279907226563,220.46069885253905,-0.0018060207961333452,0.01730692368929553,-0.1005941639074806,60.39396329222845,4.844376877698636,4.946464134260614,225.48133010864257,243.75918650865097,207.20347370863416,0.16212301383180305
2025-09-02,229.49752807617188,230.6264386017744,226.75019132336067,229.02798202980685,44075600,AAPL,226.81006774902343,215.75119537353515,220.49208442687987,-0.010424709383172859,0.01774180842597191,-0.10997020836627472,50.147026561002725,4.574281538651462,4.872027615138784,226.81006774902343,241.74015562942637,211.8799798686205,0.13165277916078943
2025-09-03,238.2390594482422,238.6186963224971,234.133039090421,236.9802851593088,66427800,AAPL,228.5973373413086,216.49444366455077,220.56717765808105,0.038089871578786294,0.018971042239339046,-0.07606908790165211,58.898895574311524,5.007869954678256,4.899196083046678,228.5973373413086,239.20278403350994,217.99189064910723,0.09278714105376329
2025-09-04,239.5477752685547,239.66765417218173,236.51072617258424,238.2190615253141,47549400,AAPL,229.93462829589845,217.2878155517578,220.64438446044923,0.005493288226302795,0.016108490041882584,-0.07099366910030497,61.80835358045558,5.394905218374561,4.998337910112254,229.93462829589845,238.7474145276463,221.1218420641506,0.07665471092424447
2025-09-05,239.45787048339844,241.0862967595893,238.25903569310344,239.7675678194568,54870400,AAPL,230.92913589477538,218.05424255371094,220.70571151733398,-0.00037531045761318715,0.014969332930876883,-0.07134233489148044,64.19063847276875,5.62948568178939,5.124567464447681,230.92913589477538,239.2938251037536,222.56444668579718,0.07244377524358503
2025-09-08,237.64962768554688,239.9174183063481,236.11111057683257,239.06825064349684,48999500,AAPL,231.36821060180665,218.79568084716797,220.77402481079102,-0.007551402650500583,0.012226000630800565,-0.0783550028451886,61.78753066952941,5.604872822450545,5.220628536048254,231.36821060180665,240.18696655512525,222.54945464848805,0.07623135374025959
2025-09-09,234.123046875,238.5487492683241,233.13400016518185,236.7704743513664,66313900,AAPL,231.7263641357422,219.46499084472657,220.80967315673828,-0.014839412310012845,0.012594959840723991,-0.09203167296142947,55.7686522646995,5.240393362897038,5.224581501418011,231.7263641357422,240.3714209152046,223.08130735627978,0.07461435656409168
2025-09-10,226.5703582763672,232.19491077497392,225.73117543382176,231.96513778704136,83440800,AAPL,231.58350296020507,219.9016192626953,220.80626396179198,-0.03225948363240483,0.014480551176353192,-0.12132226234627223,51.08757272100387,4.292619272895536,5.038189055713516,231.58350296020507,240.47930435597445,222.68770156443568,0.07682586438204125
2025-09-11,229.8072204589844,230.2268118701716,226.43048902665416,226.6602772530751,50208600,AAPL,231.41866226196288,220.3500961303711,220.81545532226562,0.014286344459361944,0.014380860677151774,-0.10876916951737826,56.75177903751059,3.7593537152638987,4.782421987623592,231.41866226196288,240.31800944349618,222.51931508042958,0.07691123174378527
2025-09-12,233.84332275390625,234.28288383192944,228.7982103662064,228.9980136278554,55824200,AAPL,231.48310012817382,220.78708923339843,220.84721633911133,0.01756299165387709,0.01493300398231224,-0.09311648987993398,58.05465969002858,3.6206797011557796,4.55007353033003,231.48310012817382,240.43558245309546,222.53061780325217,0.0773489064209404
2025-09-15,236.47076416015625,237.95932665324483,234.8023833057073,236.7704766731017,42699500,AAPL,231.73835296630858,221.2544778442383,220.88539505004883,0.011235905200573493,0.015063297381186691,-0.0829268327322616,61.57767209842712,3.680367127624862,4.376132249788997,231.73835296630858,240.96369443950195,222.51301149311521,0.07961859877837829
2025-09-16,237.9193572998047,240.98639147239973,236.09114297984144,236.9502954777413,63421100,AAPL,232.1010009765625,221.8226870727539,220.91588424682618,0.006125886829152938,0.015067246227612281,-0.07730894629552656,60.91357904569899,3.800746562606804,4.261055112352558,232.1010009765625,241.7111200815159,222.49088187160908,0.0828098031849836
2025-09-17,238.7585601806641,239.86748583209587,237.4997706474641,238.73857528095925,46508000,AAPL,232.5220932006836,222.4064828491211,220.9396686553955,0.0035272576825344792,0.015054571687443973,-0.07405437718774162,60.582677949947865,3.9186925427596577,4.192582598433979,232.5220932006836,242.53626597354716,222.50792042782004,0.08613523674260574
2025-09-18,237.64962768554688,240.9664044724694,236.4208079152849,239.737599946219,44249600,AAPL,233.11501922607422,222.94554748535157,220.95855560302735,-0.004644576907643083,0.014270711358443506,-0.0783550028451886,56.78571484233149,3.8779810456306905,4.129662287873321,233.11501922607422,242.85156545435336,223.3784729977951,0.08353426785287195
2025-09-19,245.26223754882807,246.0614658116388,239.9773675285625,240.9963687007352,163741300,AAPL,234.1440216064453,223.61151733398438,221.0035595703125,0.032032913063739565,0.015571014432134841,-0.04883202877569805,64.39655356863639,4.40916477861893,4.185562786022443,234.1440216064453,244.4607628751266,223.82728033776402,0.0881230381019243
2025-09-22,255.8319854736328,256.3914711896616,247.8797028858207,248.05953649140056,105517400,AAPL,235.55865020751952,224.51382995605468,221.09016311645507,0.04309570046510092,0.01774416961426525,-0.007840778795817715,74.15688062838919,5.618258252555762,4.472101879329107,235.55865020751952,249.26451073409643,221.8527896809426,0.11636898508717464
2025-09-23,254.18359375,257.0907792625319,253.33442606621003,255.63220171436936,60275200,AAPL,236.92082977294922,225.43386810302735,221.15329360961914,-0.00644325892472386,0.017862053698610356,-0.014233517552588648,66.81415687126383,6.37003233819874,4.851687971103034,236.92082977294922,252.32955716977594,221.5121023761225,0.1300749065550169
2025-09-24,252.06564331054688,255.4923293909784,250.79686899703333,254.9728287261993,42303700,AAPL,238.06971588134766,226.301767578125,221.20404251098634,-0.00833236483994404,0.018113246781471328,-0.022447283531328792,62.97907927548736,6.717482856416211,5.224846948165669,238.06971588134766,254.41725272221436,221.72217904048097,0.13733403075101075
2025-09-25,256.6212158203125,256.9209435623003,251.466224879955,252.9647721258288,55202100,AAPL,239.38743743896484,227.2398226928711,221.27741989135743,0.018072960876120314,0.018349891056956016,-0.004780011532245313,66.28743352559974,7.276556905868006,5.635188939706136,239.38743743896484,257.2638784248169,221.51099645311277,0.1493515380514477
2025-09-26,255.2126007080078,257.3505275669758,253.5342198150173,253.8539172209246,46076300,AAPL,240.53132858276368,228.15249969482423,221.34474967956544,-0.0054890828406448655,0.018493911430715698,-0.010242856493610397,66.79404382649741,7.519286002253324,6.012008352215574,240.53132858276368,259.4074899454675,221.65516722005987,0.15695386936848663
2025-09-29,254.18359375,254.75304905914027,252.76497075706976,254.3134727315257,40127700,AAPL,241.6447494506836,229.0214453125,221.38747245788574,-0.004031959845059219,0.018542822238030218,-0.014233517552588648,70.14446163982652,7.541682477104388,6.317943177193337,241.6447494506836,261.0019029878365,222.28759591353074,0.16021166262586983
2025-09-30,254.38340759277344,255.67215158054225,252.8648753735947,254.61318058017173,37704300,AAPL,242.88904342651367,229.86844177246093,221.42611724853515,0.0007861004710238984,0.01822649599485617,-0.013458606056417107,82.76838798938036,7.489224039136502,6.55219934958197,242.88904342651367,262.1576445076465,223.6204423453808,0.15866175607845062
2025-10-01,255.20260620117188,258.53938316103813,254.6831055272507,254.7929996074261,48713900,AAPL,243.73722076416016,230.69350311279297,221.4752291870117,0.003220330351537015,0.016513864817550093,-0.010281616862452884,81.72743313705658,7.428126017590785,6.727384683183733,243.73722076416016,263.6273853396934,223.84705618862696,0.16320990707265762
2025-10-02,256.8809814453125,257.9299523535748,253.9038565188199,256.33149581258533,42630200,AAPL,244.60388107299804,231.55712127685547,221.5254161834717,0.006576638338942287,0.016522267522252356,-0.0037725969991544914,80.5835729032634,7.429493672407034,6.867806481028394,244.60388107299804,265.2225928708464,223.98516927514964,0.16858859072391474
2025-10-03,257.7701110839844,258.9889308017334,253.70406057825727,254.423364518044,49155600,AAPL,245.51949310302734,232.4463055419922,221.57920265197754,0.0034612513299712155,0.01649559426725174,-0.0003244035755641379,79.64406916441197,7.416826322742224,6.977610449371161,245.51949310302734,266.7920345436843,224.2469516623704,0.17328596741384067
2025-10-06,256.44140625,258.819106172963,254.8029951481629,257.7401350456914,44664100,AAPL,246.45908203125,233.30652069091798,221.61186111450195,-0.0051546117135026215,0.016417156208576617,-0.005477343114596244,75.86498890064615,7.216385975732663,7.025365554643462,246.45908203125,267.9271572270339,224.99100683546612,0.17421208436588934
2025-10-07,256.23162841796875,257.15072039039774,255.18262697514496,256.56129542181253,31955800,AAPL,247.56451110839845,234.1591473388672,221.6313256072998,-0.0008180341665524615,0.01586305643961229,-0.006290896627338996,74.83675540052994,6.96037338705051,7.012367121124872,247.56451110839845,268.6311079185568,226.49791429824015,0.17019076535516925
2025-10-08,257.8100891113281,258.2696351050741,255.8619653198879,256.2715719294531,36496900,AAPL,249.1264976501465,235.09882659912108,221.68571006774903,0.00616028826380699,0.013274407837407695,-0.0001693621001941924,78.27922642199195,6.806390321461549,6.971171761192208,249.1264976501465,268.17479364723766,230.07820165305532,0.15292067424992337
2025-10-09,253.79396057128903,257.75013209688524,252.8948383011137,257.5603136690899,38322000,AAPL,250.32583465576172,236.0024899291992,221.711353225708,-0.01557785637436726,0.01401854889523336,-0.015744580176089353,63.31048798893522,6.287807690567206,6.834498947067209,250.32583465576172,267.14224932299317,233.50941998853028,0.13435620570570925
2025-10-10,245.032470703125,256.1317117503244,243.76369637579657,254.69310389004832,61999100,AAPL,250.88529205322266,236.76046112060547,221.66979461669922,-0.034522058162621216,0.016237567816086873,-0.04972310302612555,32.144023081475936,5.110932560747273,6.489785669803222,250.88529205322266,266.0569256431278,235.71365846331753,0.1209447828985258
2025-10-13,247.420150756836,249.44818352992385,245.32217845998096,249.1384861966953,38142900,AAPL,251.43276138305663,237.66976806640625,221.63629203796387,0.00974434142079006,0.01619853727712109,-0.04046328049772316,39.08414474912327,4.32110535436675,6.056049606715929,251.43276138305663,265.1331789638371,237.73234380227612,0.10897877830572743
2025-10-14,247.5300445556641,248.60900042906025,244.46301046499008,246.36117950382103,35478000,AAPL,251.9132957458496,238.56191345214845,221.5887548828125,0.0004441586446857215,0.016179371493579855,-0.040037093968862826,42.17240331405879,3.661817956062123,5.577203276585168,251.9132957458496,264.2214675473969,239.6051239443023,0.09771752431808742
2025-10-15,249.09852600097656,251.5761352503302,247.2303418581919,249.24838988167792,33893600,AAPL,252.43029403686523,239.4940106201172,221.54497871398925,0.006336529564029414,0.01620454016266753,-0.033954260634424985,35.5248021506374,3.228673152958777,5.107497251859891,252.43029403686523,263.1821634799592,241.6784245937713,0.08518683927471654
2025-10-16,247.2103576660156,248.79881419551728,244.8926123625184,248.0095859666744,39777000,AAPL,252.90833053588867,240.18217864990234,221.50883430480957,-0.007580006053321875,0.0162833367569225,-0.041276893186601875,34.88106598092094,2.701897577904191,4.6263773170687505,252.90833053588867,261.5329228956237,244.2837381761536,0.06820330782667662
2025-10-17,252.045654296875,253.13461023404025,247.03052706557392,247.77980070207627,49147000,AAPL,253.24750137329102,240.83173736572266,221.51374008178712,0.019559441912186948,0.015284744783373366,-0.022524804269013765,46.46862054607942,2.644112484492325,4.229924350553466,253.24750137329102,261.10548830852275,245.38951443805925,0.062057764776513605
2025-10-20,261.98602294921875,264.1239650925819,255.3824390623343,255.64218177653177,90483000,AAPL,253.55520324707032,241.4940951538086,221.5772077178955,0.03943876231500254,0.014773988579545627,0.0,59.50061990617697,3.36167080825129,4.056273642093031,253.55520324707032,262.27410462774634,244.83630186639428,0.06877320022638322
2025-10-21,262.5155029296875,265.0330818858,261.5764108568555,261.6263807259345,46695900,AAPL,253.9717987060547,242.20520568847655,221.6760247039795,0.0020210237725979407,0.01466153090253991,0.0,59.20522713722886,3.927788458547127,4.0305766053838505,253.9717987060547,263.56908402790197,244.3745133842074,0.07557756704282838
2025-10-22,258.19970703125,262.5954395959732,255.18261234613632,262.3956210979312,45015300,AAPL,254.27850189208985,242.78064819335938,221.75570175170898,-0.016440156296572916,0.015060641418897756,-0.016440156296572885,51.5566114199054,3.9822867914272138,4.020918642592523,254.27850189208985,264.01041250544876,244.54659127873092,0.07654528826419567
2025-10-23,259.3285827636719,260.36758405794774,257.76012648314656,259.6882499566228,32754900,AAPL,254.41387023925782,243.30513916015624,221.83286003112792,0.004372103072468825,0.01456137729723578,-0.01213993128196019,51.82925213003207,4.069655494800827,4.0306660130341845,254.41387023925782,264.3560336844004,244.4717067941152,0.07815740105516045
2025-10-24,262.56549072265625,263.87421967110856,258.9290010880386,260.93706434715574,38253700,AAPL,254.78151473999023,243.90535766601562,221.9400901031494,0.012481878875396424,0.014717843297385432,0.0,56.879941634628096,4.3499437976500985,4.094521569957368,254.78151473999023,265.3707755652687,244.19225391471176,0.08312424734647658
2025-10-27,268.5496520996094,268.8593494221352,264.3936774471076,264.6234656652487,44888200,AAPL,255.49981765747071,244.6490365600586,222.0748020172119,0.02279111912415832,0.01539161771716534,0.0,62.249137237241236,4.997339884965328,4.2750852329589595,255.49981765747071,267.73878930450473,243.2608460104367,0.09580415171522262
2025-10-28,268.7394714355469,269.6286240979669,267.8902885694659,268.7294713644567,41534800,AAPL,256.2176208496094,245.410498046875,222.2395812988281,0.0007068314349076843,0.01539219143637638,0.0,61.17694092356896,5.4627515826236674,4.512618502891901,256.2176208496094,269.7919872527211,242.6432544464976,0.10595966318085076
2025-10-29,269.4388122558594,271.1471476128123,266.85129379808274,269.01920560410514,51086700,AAPL,256.92943115234374,246.19253997802736,222.42005226135254,0.0026023003490212027,0.015392052662814265,0.0,67.163566469458,5.820924669501977,4.774279736213916,256.92943115234374,271.7183845670825,242.14047773760495,0.11512074228638931
2025-10-30,271.1371459960937,273.87451306817263,268.2199910571769,271.7265709290392,69886500,AAPL,257.6422393798828,247.09946075439453,222.61458961486815,0.006303226049785282,0.015388671138616252,0.0,83.89108076904478,6.170688900100515,5.0535615689912365,257.6422393798828,273.73788986828623,241.54658889147942,0.12494574280322907
2025-10-31,270.108154296875,277.05143573891627,268.89933466249033,276.721738255342,86167100,AAPL,258.25914154052737,248.0079800415039,222.78113525390626,-0.0037950967413130643,0.015458055222012096,-0.00379509674131304,80.53245303026509,6.292314655758844,5.3013121863447585,258.25914154052737,275.2938037270458,241.22447935400888,0.13191914202847535
2025-11-03,268.7894287109375,270.5877038096653,265.9921525413924,270.15812755648943,50194600,AAPL,258.87654266357424,248.83298034667968,222.98892097473146,-0.004882213161503057,0.015451117236688882,-0.008658781431556475,77.70837037381756,6.210700717800933,5.483189892635994,258.87654266357424,276.5180771084837,241.23500821866483,0.13629303190931183
2025-11-04,269.7784729003906,271.2270502723956,267.36080327265466,268.0701070960229,49274800,AAPL,259.5538848876953,249.68974975585937,223.19309066772462,0.0036796245826942187,0.01543350431670343,-0.005011017913873899,77.36651041710842,6.154879069638696,5.617527728036535,259.5538848876953,277.7978076838494,241.30996209154117,0.14057907708873596
2025-11-05,269.8783874511719,271.43687417180433,266.67147434431234,268.3498399683747,43683100,AAPL,260.1572998046875,250.50555908203125,223.4342946624756,0.0003703577594871277,0.015419323736384846,-0.004642516023754094,81.48769887900335,6.048973479606502,5.703816878350529,260.1572998046875,278.9484833670014,241.3661162423736,0.14446016757109134
2025-11-06,269.5087280273437,273.1352174017799,267.6305743388968,267.6305743388968,51204000,AAPL,260.9430381774902,251.29039794921874,223.66772712707518,-0.0013697259247743565,0.0148646386171057,-0.006005882973974583,77.69330091486664,5.867576342727659,5.736568771225955,260.9430381774902,279.92710452265686,241.95897183232358,0.14550352810910336
2025-11-07,268.2099914550781,272.02629915101613,266.51162568814635,269.5386899523433,48227400,AAPL,262.1019142150879,252.0079022216797,223.89551208496093,-0.004818903572331834,0.0121408152630232,-0.010795844775388098,63.59670234284068,5.554986194476896,5.700252255876143,262.1019142150879,279.78138646495694,244.42244196521887,0.1349053272107031
2025-11-10,269.42999267578125,273.7300109863281,267.4599914550781,268.9599914550781,41312400,AAPL,263.20240631103513,252.7581985473633,224.13377723693847,0.004548679242277531,0.012080343483894857,-0.00629627236814331,64.66281998514143,5.344096731892307,5.629021151079376,263.20240631103513,279.7369166902272,246.6678959318431,0.12564102745818104
2025-11-11,275.25,275.9100036621094,269.79998779296875,269.8099975585937,46208300,AAPL,264.58840408325193,253.67324798583985,224.36590187072753,0.021601185771556786,0.012634982449180748,0.0,83.9883976717477,5.582242646250677,5.6196654501136365,264.58840408325193,280.21364987156386,248.96315829493997,0.11810983056835331
2025-11-12,273.4700012207031,275.7300109863281,271.70001220703125,275.0,48398000,AAPL,265.8069778442383,254.37786682128908,224.54731559753418,-0.006466843884820661,0.01290627736439636,-0.006466843884820618,77.47651914045835,5.563214697655951,5.6083752996221,265.8069778442383,280.08948431546827,251.52447137300834,0.10746524855791746
2025-11-13,272.95001220703125,276.70001220703125,272.0899963378906,274.1099853515625,49602800,AAPL,267.0939605712891,255.04591156005858,224.7206541442871,-0.0019014480979659965,0.012681105181191057,-0.008355995614782017,72.55864398869295,5.443427697550533,5.575385779207787,267.0939605712891,278.710778006541,255.4771431360372,0.08698674736339676
2025-11-14,272.4100036621094,275.9599914550781,269.6000061035156,271.04998779296875,47431300,AAPL,268.11217803955077,255.70495422363283,224.9001028442383,-0.0019784155368063328,0.012291744694416715,-0.010317879520038601,60.98402620272385,5.244466514994997,5.50920192636523,268.11217803955077,277.5387706700358,258.68558540906577,0.07031827274249686
2025-11-17,267.4599914550781,270.489990234375,265.7300109863281,268.82000732421875,45018300,AAPL,268.38587646484376,256.30116149902346,225.0627156829834,-0.018171183658773127,0.010094617000502782,-0.028301575095084016,47.13541951352827,4.633946477788072,5.3341508366497985,268.38587646484376,277.37107406440833,259.4006788652792,0.06695730578610798
2025-11-18,267.44000244140625,270.7099914550781,265.32000732421875,269.989990234375,45634800,AAPL,268.63210144042966,256.9675006103516,225.26499862670897,-7.473646268785217e-05,0.010095241777513706,-0.028374196398160762,45.38453841156016,4.101215741247131,5.087563817569266,268.63210144042966,277.20017305291486,260.06402982794447,0.0637903777437054
2025-11-19,269.435302734375,272.2099914550781,265.5,265.5249938964844,11665780,AAPL,269.1938812255859,257.8247994995117,225.45341598510743,0.007460739884662226,0.009308848979240667,-0.02112514901226158,46.12343070057153,3.7962658628692907,4.829304226629271,269.1938812255859,276.2157214651739,262.17204098599797,0.0521693896430255
2025-11-20,266.25,275.42999267578125,265.9200134277344,270.8299865722656,45823600,AAPL,269.53995208740236,258.55365509033203,225.6275493621826,-0.011822143208587876,0.009798907490052078,-0.0326975476839237,41.99775169382526,3.259984505126056,4.515440282328629,269.53995208740236,275.02968726965804,264.05021690514667,0.040734111138192655
2025-11-21,271.489990234375,273.3299865722656,265.6700134277344,265.95001220703125,58784100,AAPL,269.9861770629883,259.3065884399414,225.82414947509767,0.019680714495305063,0.010345778290076048,-0.01366034428928247,54.817621567474575,3.2206751466148944,4.256487255185882,269.9861770629883,274.44248817924705,265.52986594672956,0.033011402026105065
2025-11-24,276.9200134277344,276.9800109863281,270.8999938964844,270.8999938964844,35818314,AAPL,270.40469512939455,260.11557342529295,226.07572387695313,0.02000082282470772,0.010061632313546395,0.0,60.99749798391266,3.5863386088287257,4.122457525914451,270.40469512939455,275.7720467640509,265.0373434947382,0.0396986570968227
2025-11-25,276.9700012207031,280.3800048828125,275.25,275.2699890136719,46914200,AAPL,270.8162216186523,260.89658630371093,226.32620292663574,0.00018051347156178288,0.010064734218463281,0.0,60.93743234058736,3.8359447509273537,4.065154970917032,270.8162216186523,276.8648560021968,264.76758723510784,0.044669660830449195
2025-11-26,277.54998779296875,279.5299987792969,276.6300048828125,276.9599914550781,33431400,AAPL,271.22178039550784,261.672414855957,226.55481658935548,0.0020940411225383038,0.010062598402837656,0.0,62.322133038034224,4.034057383681898,4.0589354534700055,271.22178039550784,277.93296802215826,264.5105927688574,0.04948855963458297
2025-11-28,278.8500061035156,279.0,275.989990234375,277.260009765625,20135600,AAPL,271.60742340087893,262.4964224243164,226.76875274658204,0.004683906927485104,0.010028644566275198,0.0,66.30372975197336,4.247006834303249,4.096549729636655,271.60742340087893,279.1348950653108,264.0799517364471,0.055429056909992384
2025-12-01,283.1000061035156,283.4100036621094,276.1400146484375,278.010009765625,40170975,AAPL,272.25701599121095,263.2531777954102,226.98071830749512,0.015241168753721723,0.010400984301351184,0.0,69.16682284619867,4.704479972718161,4.2181357782529565,272.25701599121095,281.324490304925,263.1895416774969,0.06660966499395392
2025-12-02,286.19000244140625,287.3999938964844,282.6300048828125,283.0,53669500,AAPL,273.1270446777344,263.86033813476564,227.1928360748291,0.010914857899228636,0.010418442987159925,0.0,66.61069254079902,5.255782225237169,4.425665067649799,273.1270446777344,283.96077010112157,262.2933192543472,0.07933103392357227
2025-12-03,284.1499938964844,288.6199951171875,283.29998779296875,286.20001220703125,43538700,AAPL,273.8456207275391,264.4596661376953,227.3954016113281,-0.00712816145749029,0.010669131454179314,-0.007128161457490258,66.08887540341489,5.465083510946499,4.633548756309139,273.8456207275391,285.61060961610565,262.0806318389725,0.08592424342817637
2025-12-04,280.70001220703125,284.7300109863281,278.5899963378906,284.1000061035156,43989100,AAPL,274.386701965332,265.032353515625,227.57872413635255,-0.012141410394363561,0.011165255378632064,-0.01918302591824117,60.72794863129436,5.291573631235906,4.765153731294493,274.386701965332,286.37669289128127,262.39671103938275,0.08739483976496908
2025-12-05,278.7799987792969,281.1400146484375,278.04998779296875,280.5400085449219,47265800,AAPL,274.8502655029297,265.4755291748047,227.74766296386719,-0.00684009028940924,0.011318786096832366,-0.02589190257834558,58.493188587425344,4.942166544563804,4.800556293948356,274.8502655029297,286.7628245148451,262.9377064910143,0.08668399130062629
2025-12-08,277.8900146484375,279.6700134277344,276.1499938964844,278.1300048828125,38211800,AAPL,275.33426666259766,265.9290774536133,227.91354705810548,-0.00319242461710445,0.011274839142431551,-0.02900166924827525,65.59485882671811,4.5410976822357725,4.74866457160584,275.33426666259766,286.8921733979941,263.7763599272012,0.08395545440451715
2025-12-09,277.17999267578125,280.0299987792969,276.9200134277344,278.1600036621094,32193300,AAPL,275.72176666259764,266.3890054321289,228.06815742492677,-0.002555046727945598,0.011296706553224746,-0.0314826153561031,64.2687000622322,4.118479610715724,4.622627579427817,275.72176666259764,286.96147884002255,264.48205448517274,0.08152937878987992
2025-12-10,278.7799987792969,279.75,276.44000244140625,277.75,33038300,AAPL,275.8982666015625,266.8769372558594,228.2310668182373,0.00577244442526248,0.010325516231692323,-0.02589190257834558,63.850017956666996,3.868070159968056,4.471716095535865,275.8982666015625,287.2173705462497,264.5791626568753,0.08205273693171569
2025-12-11,278.0299987792969,279.5899963378906,273.8099975585937,279.1000061035156,33248000,AAPL,276.1262664794922,267.3334851074219,228.42351234436035,-0.0026902934331158868,0.010221799203069737,-0.02851253919598408,68.81787841530988,3.5679707879011175,4.290967034008916,276.1262664794922,287.4231050913526,264.82942786763175,0.08182371605491179
2025-12-12,278.2799987792969,279.2200012207031,276.82000732421875,277.8999938964844,39532900,AAPL,276.3927658081055,267.76146545410154,228.6324557495117,0.0008991835452922814,0.010200899501454242,-0.027638993656771246,62.90384131340278,3.3121325814339,4.095200143493913,276.3927658081055,287.6254034627201,265.16012815349086,0.08128025798195629
2025-12-15,274.1099853515625,280.1499938964844,272.8399963378906,280.1499938964844,50409100,AAPL,276.47776489257814,268.0882629394531,228.7979264831543,-0.014984955605960026,0.010798959640711064,-0.04220978016979115,44.391165624440355,2.7412937977279626,3.824418874340723,276.47776489257814,287.6087732797094,265.3467565054469,0.08052009818189951
2025-12-16,274.6099853515625,275.5,271.7900085449219,272.82000732421875,37648600,AAPL,276.8352645874023,268.4516345214844,228.98488227844237,0.0018240853187405648,0.009878806292705693,-0.04046268909136549,45.37252344166063,2.3027016589528557,3.52007543126315,276.8352645874023,287.17816597868057,266.4923631961241,0.0747224267594188
2025-12-17,271.8399963378906,276.1600036621094,271.6400146484375,275.010009765625,50138700,AAPL,277.0552642822266,268.7638018798828,229.16845237731934,-0.010086993049891024,0.010204002687719897,-0.05014153527761196,39.68944626476971,1.711865940486291,3.158433533107778,277.0552642822266,286.7217870928478,267.38874147160533,0.06978046662036563
2025-12-18,272.19000244140625,273.6300048828125,266.95001220703125,273.6099853515625,51630700,AAPL,277.1929992675781,269.05140014648435,229.35471923828126,0.001287544541755281,0.010086697477752676,-0.048918550195918606,37.546749264166294,1.2573727340993628,2.778221373306095,277.1929992675781,286.473147187162,267.9128513479942,0.06695802523227253
2025-12-19,273.6700134277344,274.6000061035156,269.8999938964844,272.1499938964844,144632000,AAPL,277.56399993896486,269.4489212036133,229.5504291534424,0.005437418615868328,0.009702881796602975,-0.043747122215546934,30.329619963078486,1.0050228335990141,2.423581665364679,277.56399993896486,285.4977361264325,269.6302637514972,0.057166896205648195
2025-12-22,270.9700012207031,273.8800048828125,270.510009765625,272.8599853515625,36571800,AAPL,277.5380004882812,269.96767181396484,229.7140026855469,-0.009865941003960987,0.009000096538168342,-0.053181456692636304,17.726949762576822,0.5804739567646493,2.054960123644673,277.5380004882812,285.55848101942746,269.517519957135,0.057797350395517394
2025-12-23,272.3599853515625,272.5,269.5599975585937,270.8399963378906,29642000,AAPL,277.3099990844727,270.4664685058594,229.9422787475586,0.005129660569795913,0.007788475834893866,-0.048324598944280976,24.29132878431561,0.3521170300055019,1.714391504916839,277.3099990844727,285.65705974217747,268.9629384267679,0.06020021409442326
2025-12-24,273.8099975585937,275.42999267578125,272.20001220703125,272.3399963378906,17910600,AAPL,277.15199890136716,270.992067565918,230.2108917236328,0.005323881205087977,0.007906609836486814,-0.043257992163255966,33.540379915898086,0.28486266766390145,1.4284857374662514,277.15199890136716,285.64452048695216,268.65947731578217,0.06128421674207238
2025-12-26,273.3999938964844,275.3699951171875,272.8599853515625,274.1600036621094,21521800,AAPL,276.94449920654296,271.4780969238281,230.49668884277344,-0.0014974020881819428,0.007884297944269024,-0.04469061964364204,36.14831949411956,0.19621736038857307,1.1820320620507159,276.94449920654296,285.5973588813254,268.2916395317605,0.062488041463710245
2025-12-29,273.760009765625,274.3599853515625,272.3500061035156,272.69000244140625,23715200,AAPL,276.68999938964845,272.0090899658203,230.8206616973877,0.0013168100847762432,0.007798236502608435,-0.04343265861750755,39.06832097449063,0.15324902817673092,0.9762754552759189,276.68999938964845,285.4060646649823,267.9739341143146,0.06300238747016985
2025-12-30,273.0799865722656,274.0799865722656,272.2799987792969,272.8099975585937,22139600,AAPL,276.1889984130859,272.4297766113281,231.12224937438964,-0.0024840121606569676,0.006813266128351637,-0.04580878352598894,39.13046292355905,0.06359108833339633,0.7937385818874144,276.1889984130859,284.49600861497595,267.8819882111959,0.06015453366803212
2025-12-31,271.8599853515625,273.67999267578125,271.75,273.0599975585937,27293600,AAPL,275.4724975585938,272.627255859375,231.41519561767578,-0.004467559984957958,0.00613996470249731,-0.05007169002270664,31.277092914764026,-0.10470045579745602,0.6140507743504403,275.4724975585938,282.5246833469717,268.42031177021585,0.05120065234009726
2026-01-02,271.010009765625,277.8399963378906,269.0,272.260009765625,37838100,AAPL,274.8154983520508,272.7971459960938,231.71041969299316,-0.0031265196488491354,0.006047329187832226,-0.05304165954884871,31.10879702249052,-0.30316395784603856,0.43060782791114455,274.8154983520508,280.83677966928195,268.7942170348196,0.04382053671163512
2026-01-05,267.260009765625,271.510009765625,266.1400146484375,270.6400146484375,45647200,AAPL,274.1434982299805,272.97835205078127,231.9741872406006,-0.013837127282653072,0.006201791414370222,-0.06614484263704119,25.045368539043068,-0.7543457448317099,0.19361711336257367,274.1434982299805,280.3950901538916,267.89190630606936,0.04560817210165332
2026-01-06,262.3599853515625,267.54998779296875,262.1199951171875,267.0,52352100,AAPL,273.32249755859374,273.0389801025391,232.21913528442383,-0.01833429707033085,0.007099411135960835,-0.08326642051279426,24.243818901851526,-1.4901243546194678,-0.14313118023383462,273.32249755859374,281.1295740231119,265.5154210940756,0.057127214439012745
2026-01-07,260.3299865722656,263.67999267578125,259.8099975585937,263.20001220703125,48309800,AAPL,272.44449615478516,272.99427001953126,232.43315437316895,-0.007737455757884204,0.007177981457086757,-0.09035960602584338,20.66564272952374,-2.2115448278202052,-0.5568139097511088,272.44449615478516,281.8705519124402,263.0184403971301,0.06919615474485317
2026-01-08,259.0400085449219,259.2900085449219,255.6999969482422,257.0199890136719,50419300,AAPL,271.53749694824216,272.8040771484375,232.62846542358398,-0.004955164959399183,0.0071860946240915125,-0.0948670242317182,22.003583071455708,-2.854461738317468,-1.0163434754643808,271.53749694824216,282.4229523676222,260.6520415288621,0.08017644370828768
2026-01-09,259.3699951171875,260.2099914550781,256.2200012207031,259.0799865722656,39997000,AAPL,270.5669967651367,272.6166876220703,232.81037788391114,0.00127388264893602,0.006951993683698552,-0.09371399103890711,21.935218366108828,-3.2993183748133106,-1.472938455334167,270.5669967651367,282.17098219159084,258.9630113386826,0.08577532045807396
2026-01-12,260.25,261.29998779296875,256.79998779296875,259.1600036621094,45263800,AAPL,269.67799682617186,272.43291137695314,233.00775260925292,0.0033928553779511983,0.007123858927358494,-0.09063909367944163,19.829134654571092,-3.5400538871163576,-1.8863615416906052,269.67799682617186,281.5946978426476,257.76129580969615,0.08837725848399074
2026-01-13,261.04998779296875,261.8099975585937,258.3900146484375,258.7200012207031,45697500,AAPL,268.81649627685545,272.2311682128906,233.19756675720214,0.003073920434077726,0.007207031457355067,-0.08784379060755135,25.614515207028816,-3.6245051467509484,-2.233990262702674,268.81649627685545,280.6053519701507,257.0276405835602,0.08770931737131088
2026-01-14,259.71697998046875,261.57525710051715,256.4700180914029,259.247418118488,40019400,AAPL,268.09684600830076,272.0233447265625,233.41036460876464,-0.00510633164080887,0.006673119536212752,-0.09250156272093227,18.833523412885725,-3.755702567156959,-2.5383327235935313,268.09684600830076,280.27589232141713,255.91779969518439,0.09085557323370591
2026-01-15,257.9685974121094,260.7959687899761,256.8096782083212,260.40631875644857,39388600,AAPL,267.2647766113281,271.80692810058594,233.59334251403808,-0.00673187624656213,0.006643907472743569,-0.09861072989464349,11.515233292458191,-3.955164653359475,-2.8216991095467203,267.2647766113281,279.83774007814304,254.6918131445132,0.09408619890902614
2026-01-16,255.29112243652344,258.6579671912775,254.69167723491495,257.6589020182799,72142800,AAPL,266.4373329162598,271.5171810913086,233.75765113830568,-0.010379073276537754,0.006660375161513984,-0.10796631517975183,10.372486598643135,-4.27995301349813,-3.1133498903370023,266.4373329162598,279.8899374106058,252.98472842191376,0.10098137785048404
2026-01-20,246.46937561035156,254.55180921698133,243.19244305608962,252.49373739571587,80267500,AAPL,265.151301574707,271.0490008544922,233.87436294555664,-0.03455563492367564,0.009591095530675355,-0.13879110553202142,6.419486435237147,-5.189371526651826,-3.528554217599967,265.151301574707,280.99373810024497,249.3088650491691,0.1194973317607818
2026-01-21,247.41848754882812,251.3248360900433,244.9507953165175,248.46750904444812,54641700,AAPL,263.8387252807617,270.60719604492186,234.09896759033202,0.003850831106810837,0.009507231303473822,-0.13547473553174205,9.370237620107403,-5.767028138427634,-3.976249001765501,263.8387252807617,281.00414576960935,246.67330479191406,0.13012055353573446
2026-01-22,248.1178436279297,250.76536025794266,247.9180183962477,248.96703988447874,39708300,AAPL,262.69611740112305,270.2053530883789,234.4008666229248,0.0028266120532465244,0.009587615802535572,-0.13303105799885986,11.779010899122326,-6.098097897600894,-4.40061878093258,262.69611740112305,280.87519939828917,244.51703540395692,0.13840388793723682
2026-01-23,247.80812072753906,249.17685039145397,244.45126111041233,247.08880782235642,41689000,AAPL,261.46852416992186,269.7729156494141,234.73569915771483,-0.001248289505752287,0.009359016428871415,-0.13411328623097304,11.987526492703537,-6.312696283336379,-4.7830342814133395,261.46852416992186,280.2071572386262,242.7298911012175,0.14333375788304514
2026-01-26,255.17123413085938,256.32015295784896,249.5664780183616,251.24490015634893,55969200,AAPL,260.53658599853514,269.37134033203125,235.15239318847657,0.029712962519965025,0.011957834752513339,-0.10838522675821834,32.291087359647506,-5.821518493168156,-4.990731123764303,260.53658599853514,278.5299852293282,242.5431867677421,0.13812570055626822
2026-01-27,258.0285339355469,261.70511669708895,257.96859246831417,258.92771692213245,49648300,AAPL,259.7680130004883,269.0625109863281,235.45167411804198,0.011197578028024013,0.012395889691685872,-0.09840130076390448,43.250914409727834,-5.142417750147644,-5.021068449040971,259.7680130004883,276.731630097142,242.80439590383457,0.13060589639742765
2026-01-28,256.2002868652344,258.61800761819165,254.27208306792676,257.409147241713,41288000,AAPL,258.89002685546876,268.7275164794922,235.78382026672364,-0.007085445328186779,0.012390835887518693,-0.10478952905530614,43.52456294316993,-4.697598783303022,-4.956374515893382,258.89002685546876,274.5738499100995,243.20620380083804,0.1211620489605541
2026-01-29,258.0385437011719,259.4072580677027,254.17216647920577,257.75880668092503,67253000,AAPL,258.13795471191406,268.4400872802734,236.08663932800292,0.007175077196164281,0.012608025323920557,-0.09836632481946335,48.456230541758835,-4.148918434523154,-4.794883299619336,258.13795471191406,272.32819426523565,243.94771515859247,0.1099430695432457
2026-01-30,259.2374267578125,261.6551472598355,251.94423313215475,254.93144331105526,92443400,AAPL,257.50682678222654,268.2756359863281,236.3736772918701,0.0046461394466286166,0.012707103865223519,-0.09417720903479829,49.800975877946534,-3.57612215179239,-4.551131070053947,257.50682678222654,270.1677657420828,244.8458878223703,0.09833478294976317
2026-02-02,269.7575988769531,270.2371306501278,258.9676766447768,259.7869174093499,73913400,AAPL,257.44420623779297,268.3219879150391,236.71520957946777,0.04058122413384724,0.015911444239462384,-0.05741781132909229,61.069567244214454,-2.2473805971084175,-4.090380975464842,257.44420623779297,269.8334126817044,245.0549997938816,0.0962477006180351
2026-02-03,269.22808837890625,271.6258386480508,267.3598109321867,268.9483513556569,64394700,AAPL,257.54261016845703,268.3178436279297,237.0933102416992,-0.0019629122599374993,0.015590657706318591,-0.05926801746323314,59.58200051346193,-1.2229727453100736,-3.5168993294338886,257.54261016845703,270.28627968228614,244.79894065462796,0.09896358125355284
2026-02-04,276.23150634765625,278.68922850453845,272.03545112075,272.03545112075,90545700,AAPL,258.2361862182617,268.5174737548828,237.49292419433593,0.026012954335186356,0.01592378251780327,-0.03479679935985491,67.07997745175831,0.15224022719922914,-2.7830714181072653,258.2361862182617,273.3696421301349,243.10273030638854,0.11720631514502267
2026-02-05,275.6520690917969,279.2387093202658,272.97458180817284,277.86999494352693,52977400,AAPL,259.0022903442383,268.60071533203126,237.9086759185791,-0.0020976508564164442,0.015778511335334082,-0.036821458680293635,68.7421200565383,1.1817284419205976,-1.9901114461016927,259.0022903442383,276.01648091025453,241.98809977822208,0.13138254911493463
2026-02-06,277.8599853515625,280.6473855638201,276.67109542368036,276.8609202349588,50453400,AAPL,259.9432891845703,268.6195147705078,238.30267921447754,0.008009793893585249,0.01570143536034479,-0.029106597081598667,74.16046132279104,2.1509706087414884,-1.1618950351330566,259.9432891845703,278.9332831975173,240.95329517162327,0.14610874604624516
2026-02-09,274.6199951171875,278.20001220703125,271.70001220703125,277.9100036621094,44623400,AAPL,260.70578918457034,268.5725146484375,238.65626541137695,-0.01166051394653178,0.016065708270155205,-0.040427713146924345,84.22614707782293,2.6273751297622425,-0.40404100215399674,260.70578918457034,280.79188440568606,240.6196939634546,0.15409013573454244
2026-02-10,273.67999267578125,275.3699951171875,272.94000244140625,274.8900146484375,34376900,AAPL,261.3772888183594,268.49511474609375,238.98636589050292,-0.003422920610733904,0.016128713292940758,-0.04371225290508275,81.93639419654752,2.895698988458207,0.2559069959684441,261.3772888183594,282.2805611793418,240.47401645737693,0.1599471205435059
2026-02-11,275.5,280.17999267578125,274.45001220703125,274.70001220703125,51931300,AAPL,262.09978942871095,268.42811462402346,239.3210319519043,0.0066501292492171515,0.016153560484296503,-0.037352815787458866,82.41567758691636,3.2181105846566993,0.8483477137060951,262.09978942871095,283.9336163018879,240.26596255553397,0.16660697760015256
2026-02-12,261.7300109863281,275.7200012207031,260.17999267578125,275.5899963378906,81077200,AAPL,262.20044097900393,268.0007147216797,239.58256256103516,-0.049981811301894274,0.019976807213432802,-0.08546766569906995,62.498051428053245,2.335577975634351,1.1457937660917463,262.20044097900393,284.0065594887764,240.39432246923144,0.16633166922490908
2026-02-13,255.77999877929688,262.2300109863281,255.4499969482422,262.010009765625,56290700,AAPL,262.0910110473633,267.3925146484375,239.80901138305663,-0.022733396848946263,0.02059577329670936,-0.10625809218592615,50.560730850316226,1.1428739266868888,1.145209798210775,262.0910110473633,284.0082304304587,240.17379166426784,0.16724892086539128
2026-02-17,263.8800048828125,266.2900085449219,255.5399932861328,258.04998779296875,58469100,AAPL,262.52045516967775,266.98711486816404,240.0695322418213,0.031667863563111576,0.021624832293828673,-0.07795519538863499,54.915067240250536,0.84154931623425,1.08447770181547,262.52045516967775,284.2120978475272,240.82881249182827,0.16525678095315866
2026-02-18,264.3500061035156,266.82000732421875,262.45001220703125,263.5,33598417,AAPL,263.41448669433595,266.66011474609377,240.32831703186037,0.0017811172199722058,0.019856768212658263,-0.07631292550955579,57.00537660358986,0.6333714502521843,0.9942564515028129,263.41448669433595,283.752313644755,243.07665974391688,0.15441692069137353
