Date,Close,High,Low,Open,Volume,symbol,sma_20,sma_50,sma_200,daily_return,volatility,drawdown,rsi,macd,macd_signal,bb_middle,bb_upper,bb_lower,bb_width
2023-03-02,173.46066284179688,173.93771766126915,170.37965030933574,171.32384184255076,17352000,META,176.30959854125976,149.19286849975586,148.99121311187744,0.006400623108835379,0.05633904423605082,-0.13863388986360733,44.310196525690884,5.781536815615112,7.783883398517458,176.30959854125976,189.4322728872634,163.18692419525613,0.14885944332670784
2023-03-03,184.114974975586,185.47657614545184,175.96521933226344,177.82375700678676,45877700,META,176.134676361084,150.5995964050293,148.9177161026001,0.061422065148605265,0.02418571540743169,-0.08572700453000903,65.10615572403486,6.334619272155493,7.494030573245065,176.134676361084,188.70454311003033,163.56480961213765,0.14273017680150102
2023-03-06,183.76712036132807,188.49796577179592,183.5087188285636,186.84813287377065,33209400,META,176.0536750793457,151.9474870300293,148.82965892791748,-0.0018893336313575704,0.024045020739466662,-0.08745437124859248,58.597913922642896,6.6680075036676385,7.3288259593295795,176.0536750793457,188.39122704864477,163.71612311004665,0.1401567103184712
2023-03-07,183.3795166015625,189.1936801879104,182.88258006137207,187.8420121919804,36701500,META,175.9766502380371,153.2345524597168,148.79124561309814,-0.0021092116968663976,0.0240430815506359,-0.08937912316267925,57.82268127489467,6.822300462008769,7.227520859865418,175.9766502380371,188.09848341192492,163.8548170641493,0.13776638159086507
2023-03-08,183.83670043945312,184.1249169530522,180.22893639214087,181.749560955076,19432400,META,175.64618759155275,154.58323822021484,148.75983921051025,0.0024931019906873075,0.023000027206424717,-0.08710885244187473,62.89205847170686,6.901908750204541,7.162398437933243,175.64618759155275,186.38906804874787,164.90330713435762,0.1223240948693586
2023-03-09,180.57681274414065,187.77244455246625,179.195329689893,185.2082652036732,26582800,META,175.55972137451172,155.848438873291,148.70095233917237,-0.017732518520621077,0.021254397657043147,-0.10329671162326022,66.03129969070696,6.625577664119845,7.055034283170564,175.55972137451172,186.1028822055192,165.01656054350426,0.12010910872336525
2023-03-10,178.41014099121094,183.6379228006776,177.70449963708444,179.9009505264796,25665000,META,175.63873443603515,157.0933642578125,148.61786449432373,-0.011998615547610059,0.020285052381660663,-0.11405590964077043,60.836885476689815,6.160733879470797,6.876174202430612,175.63873443603515,186.24546883950833,165.03200003256197,0.12077898918516733
2023-03-13,179.7916259765625,182.6539851704362,173.74889126884975,176.8696519923319,24728000,META,175.9741668701172,158.39096466064453,148.61597606658935,0.007743309756252037,0.019668930707178248,-0.1071957701223979,64.14371447366861,5.836536168056199,6.668246595555729,175.9741668701172,186.66457265315955,165.28376108707482,0.12149971752311495
2023-03-14,192.83126831054688,193.12943328165085,185.4169681117896,186.4307229474229,41642600,META,176.69919815063477,159.85712646484376,148.66661396026612,0.07252641641766022,0.024523243730864584,-0.04244387876684654,76.41904180272519,6.556221267886173,6.645841530021817,176.69919815063477,189.7654114591292,163.63298484214033,0.1478921630120312
2023-03-15,196.53839111328125,196.56820609087097,189.6707248561998,191.76779755003813,42123600,META,177.6070999145508,161.39584075927735,148.69702640533447,0.019224697504785393,0.024729126388815897,-0.02403515199228355,77.85485073956548,7.341087238992344,6.784890671815923,177.6070999145508,193.4033669122725,161.81083291682907,0.17787877855470324
2023-03-16,203.6744079589844,204.4993244552846,194.88857335776035,197.04527617398145,50447100,META,178.98709259033203,162.9898146057129,148.74572612762452,0.0363085135951382,0.025280391393713145,0.0,83.41719276241182,8.44160651186391,7.1162338398255205,178.98709259033203,198.5846112297638,159.38957395090026,0.2189824791923608
2023-03-17,194.41151428222656,200.66296929867016,194.2326092414136,199.3311830077388,50141100,META,180.13849563598632,164.34625274658202,148.75551578521728,-0.04547892771399731,0.026920967832201402,-0.045478927713997266,71.67082967697993,8.468715774094704,7.386730226679358,180.13849563598632,200.54427848797096,159.73271278400168,0.22655660335056302
2023-03-20,196.59800720214844,198.1385133185927,192.4535587912009,197.26390026351768,25186300,META,181.37735748291016,165.7549676513672,148.80108478546143,0.0112467254215598,0.026921326391752494,-0.03474369130490365,70.07900995469349,8.56786673071835,7.6229575274871575,181.37735748291016,202.6471347448685,160.1075802209518,0.23453619081381144
2023-03-21,200.92138671875,202.3028697017696,196.7371743536808,201.9550080555266,31827000,META,182.8721435546875,167.1889276123047,148.8174837112427,0.021990963072967995,0.026969200128767946,-0.013516775464440295,74.03814174499105,8.892794572921957,7.876924936574118,182.8721435546875,205.2518340988044,160.4924530105706,0.24475778660541922
2023-03-22,198.5857849121093,206.099463243779,198.44664328246,201.2593060210093,28477800,META,184.2978546142578,168.58710815429689,148.86235721588136,-0.011624455936639966,0.027167592778467288,-0.02498410624028843,70.71452401883388,8.859709466734984,8.073481842606292,184.2978546142578,206.87614296090396,161.71956626761164,0.24501954614613775
2023-03-23,203.02838134765625,206.6063303216433,200.911426940939,201.59720175806143,27389700,META,185.8999786376953,170.00417205810547,148.9121998977661,0.02237117041138248,0.02734234186101877,-0.00317185952718345,67.3726493833769,9.087217894447093,8.276229052974452,185.8999786376953,209.04137121228845,162.75858606310217,0.248966059535638
2023-03-24,204.74777221679688,206.308160113352,202.3028531180641,203.92285580314848,27716400,META,187.67006607055663,171.45761169433592,148.96368244171143,0.008468721750760633,0.026992955674262527,0.0,68.7978563421103,9.299066584985496,8.480796559376662,187.67006607055663,210.89564608170036,164.4444860594129,0.24751501928295608
2023-03-27,201.5972137451172,204.59871472036025,200.12628581959336,203.555144943788,18527200,META,189.3248649597168,172.7721081542969,148.99449253082275,-0.015387510386895564,0.027391580404128296,-0.015387510386895557,65.55235773073638,9.107746033279199,8.60618645415717,189.3248649597168,211.49186342661937,167.1578664928142,0.2341689082585018
2023-03-28,199.450424194336,199.79828580667703,196.6874584975696,198.9236727232811,19127300,META,190.60397872924804,174.03830200195313,149.077381401062,-0.010648904867779696,0.027202569661481543,-0.025872555120413185,62.955612958183174,8.68280516925006,8.621510197175748,190.60397872924804,211.9528570909042,169.2551003675919,0.22401293513376358
2023-03-29,204.09182739257807,204.4595555510816,201.2990315131024,202.31278622324268,18851100,META,192.1906967163086,175.42952545166017,149.2253689956665,0.023270961779051857,0.027156788430824832,-0.0032036725826948714,69.07446253900707,8.621179332400402,8.62144402422068,192.1906967163086,212.5224856728284,171.8589077597888,0.21157932515881786
2023-03-30,206.5665740966797,206.8150423628176,201.57734223164755,202.1339087213484,22608300,META,193.84599227905272,176.91675689697266,149.4419340133667,0.012125653122510238,0.027160007289095192,0.0,72.72581722593443,8.672065615168435,8.63156834241023,193.84599227905272,213.12026973200454,174.5717148261009,0.19886175851606325
2023-03-31,210.64146423339844,210.8700507968512,205.50314219958747,205.97026376314287,25440300,META,195.17231674194335,178.4232699584961,149.68150714874267,0.019726764383532602,0.024393058387199146,0.0,73.86224499551142,8.938169287899683,8.692888531508121,195.17231674194335,215.2606839576918,175.08394952619489,0.20585262860110723
2023-04-03,211.7645263671875,212.18195120533684,206.9243545681473,207.5604326784652,17924600,META,196.57218704223632,179.88823852539062,149.8987677383423,0.0053316289737934675,0.024307360392828957,0.0,67.95474422220173,9.134384594439808,8.78118774409446,196.57218704223632,217.20867512187408,175.93569896259856,0.20996345810817799
2023-04-04,213.4044189453125,214.9151102023673,211.2377678465405,212.0825659910519,21026400,META,198.07343215942382,181.3084829711914,150.1663681411743,0.007743943739101589,0.024204279595734325,0.0,66.64704762547348,9.314836626087299,8.887917520493028,198.07343215942382,219.03484925035553,177.1120150684921,0.21165299013004887
2023-04-05,210.18426513671875,213.87154076826883,208.65370733597848,212.8379043195905,19396600,META,199.39081039428712,182.66690826416016,150.40360553741456,-0.015089442967059385,0.024724156009275574,-0.01508944296705943,56.963627804760485,9.093186072121767,8.928971230818776,199.39081039428712,219.8915822295579,178.89003855901632,0.20563406903990575
2023-04-06,214.7759704589844,215.61082017465736,207.3716041632705,207.9679340546365,26104400,META,201.10076828002929,184.1497668457031,150.69704647064208,0.021846094517488757,0.024218640362453178,0.0,74.20268009312537,9.182192061849491,8.979615397024919,201.10076828002929,220.6783889137239,181.52314764633468,0.1947045831911802
2023-04-10,213.43423461914065,214.3386627221577,209.36929753894145,213.39448637040647,16106100,META,202.8519729614258,185.49050170898437,150.98974201202392,-0.0062471413211468985,0.023989429287103414,-0.006247141321146912,70.41947515361163,9.040252675559174,8.99174285273177,202.8519729614258,219.99846752058852,185.70547840226305,0.16905425477348746
2023-04-11,212.53976440429688,214.6964671698892,212.1024578222782,214.1597672136664,16710100,META,204.4893798828125,186.72509094238282,151.26355403900146,-0.004190846967169537,0.024177156181766954,-0.010411807475057247,65.36944544024695,8.754670031833513,8.944328288552118,204.4893798828125,218.29222078699487,190.68653897863013,0.13499811982502388
2023-04-12,212.68882751464844,215.51142326816176,211.2775296378917,213.52367721662296,18972200,META,205.48225784301758,188.05568817138672,151.48141094207764,0.0007013422206867403,0.0189665972715677,-0.00971776749454635,69.80182683189892,8.443045701172423,8.844071771076178,205.48225784301758,218.5936488249315,192.37086686110365,0.12761579631785677
2023-04-13,218.9999237060547,219.7950099814035,214.3684718421848,214.40822008983272,23310400,META,206.60533447265624,189.474541015625,151.73415279388428,0.029672908846006818,0.01951260171646377,0.0,71.3073457152268,8.606127808360128,8.796482978532968,206.60533447265624,220.3248882479496,192.8857806973629,0.13280928888222004
2023-04-14,220.1329498291016,220.74914627427404,216.2170875407357,216.54506747083383,21591200,META,207.42826156616212,190.83356323242188,152.03633991241455,0.005173637067416026,0.01812706758462416,0.0,70.85130943798751,8.726207009751846,8.782427784776743,207.42826156616212,222.33100668238967,192.52551644993457,0.14369059455742594
2023-04-17,217.51904296875,219.6260488524338,215.7996469441457,218.4433375691326,15481900,META,208.5836380004883,191.43167572021486,152.3092573928833,-0.011874219022553811,0.014486313348459151,-0.011874219022553761,71.89714864668056,8.51232541503353,8.728407310828102,208.5836380004883,222.80464819746877,194.36262780350782,0.13635786903809954
2023-04-18,216.5550079345703,219.089387358378,214.885308415304,218.56263583156425,12281000,META,209.58148803710938,192.05503295898438,152.5907222366333,-0.004431956949710325,0.014595898492158033,-0.016253549944744684,74.31480493338701,8.170844727954602,8.616894794253403,209.58148803710938,223.04175839833903,196.12121767587973,0.12844903896136395
2023-04-19,214.37843322753903,215.99845129835265,211.6254003839352,212.1621003720099,15898100,META,210.25434036254882,192.64420135498048,152.86736682891845,-0.010050909132929942,0.014383537880824847,-0.026141096124092413,65.72473554692507,7.636557948309587,8.42082742506464,210.25434036254882,223.22847166673205,197.28020905836559,0.12341368346367061
2023-04-20,211.7645263671875,215.4219717101903,211.46636143556705,212.17200276959383,16475400,META,210.91327743530275,193.0705728149414,153.09039196014405,-0.012192956264295285,0.014415203373222378,-0.03801531514664591,57.91224488373873,6.922414107040453,8.121144761459803,210.91327743530275,222.6740499561878,199.1525049144177,0.11152235329985459
2023-04-21,211.5856475830078,212.1024658508928,208.29592998734284,208.9220749048707,17717200,META,211.3411407470703,193.65616302490236,153.30467098236085,-0.0008447060858036703,0.013717879849657106,-0.038827909464391436,51.63062898776514,6.269742258794878,7.750864260926818,211.3411407470703,222.50139978857848,200.18088170556214,0.10561369170297598
2023-04-24,211.4862365722656,212.6093179553876,209.418994003684,212.3707829673363,15750900,META,211.67806396484374,194.3492901611328,153.50642711639404,-0.00046983815716150623,0.013646782658315483,-0.03927950478812372,49.50177022094975,5.67900939382767,7.336493287506989,211.67806396484374,222.39840629076465,200.95772163892283,0.10128911919471621
2023-04-25,206.2783660888672,209.9656268178701,205.86094120437443,209.52833539028245,19198200,META,211.91212158203126,195.0131979370117,153.688653755188,-0.024625103589750008,0.014391832906319584,-0.06293734650351206,38.68730896739569,4.736023784208129,6.816399386847217,211.91212158203126,221.88402737744016,201.94021578662236,0.0941135950219702
2023-04-26,208.11700439453125,212.79815299309683,207.600201342966,211.19801682372628,41992700,META,212.345450592041,195.60892517089843,153.91982860565184,0.00891338408639486,0.014204381416168336,-0.054584947159881436,46.567644859169064,4.089917615479891,6.271103032573752,212.345450592041,220.6512929458552,204.0396082382268,0.07822952957698556
2023-04-27,237.0983428955078,240.2091702704428,235.3193168799164,238.42019581895784,71196500,META,213.9957763671875,196.78328491210937,154.29397205352782,0.13925502428449388,0.03363529613062306,0.0,70.4777558384432,5.849001977773781,6.186682821613759,213.9957763671875,227.1170745211654,200.87447821320958,0.1226313750367068
2023-04-28,238.8475799560547,238.95689143346272,234.3055728134763,237.545593514613,39554000,META,215.60982666015624,198.0387454223633,154.67576847076415,0.007377685728144456,0.033621573254794916,0.0,73.14029572534567,7.300086961862235,6.4093636496634545,215.60982666015624,232.33117222547543,198.88848109483706,0.1551074533506799
2023-05-01,241.6900329589844,242.50501611214727,235.0112202378066,237.1579744285822,29143900,META,217.16225509643556,199.44487701416017,155.0988103866577,0.011900698359400108,0.03352068037253855,0.0,75.63362441430465,8.580533420149692,6.843597603760703,217.16225509643556,237.3477527179607,196.9767574749104,0.18590244987611995
2023-05-02,237.77420043945312,243.41939223838253,237.5257321701629,241.6900476246149,24350100,META,218.46273880004884,200.76394561767577,155.46922695159913,-0.016201878379468848,0.03393372266847891,-0.01620187837946883,70.68855599732102,9.173574251493221,7.309592933307206,218.46273880004884,240.45460165265655,196.47087594744113,0.20133284946808325
2023-05-03,235.5777282714844,240.268810289534,231.3239528227054,238.00278094449465,34463900,META,219.57140426635743,202.0549868774414,155.81608860015868,-0.009237638751005028,0.03410817831885124,-0.025289850030916577,64.66761692789851,9.358448071750729,7.719363960995911,219.57140426635743,242.69602378863684,196.44678474407803,0.21063416340160046
2023-05-04,232.08924865722656,236.7405674477833,231.5028520074018,234.6136796378168,17889400,META,220.66665344238282,203.29534057617187,156.10301975250243,-0.014808189381288361,0.0340993127703609,-0.03972354252352279,60.15534317804196,9.118359977974592,7.999163164391647,220.66665344238282,243.9933481807993,197.33995870396635,0.21142020667392952
2023-05-05,231.353759765625,233.24211243247143,228.44171910413144,230.8170750089872,27000500,META,221.49554290771485,204.50269775390626,156.3499473953247,-0.0031689916523786055,0.03392587225211508,-0.0427666506012414,62.13814050850298,8.767672357845925,8.152865003082503,221.49554290771485,245.1171775313084,197.87390828412128,0.21329218921064624
2023-05-08,231.8407592773437,234.17635173139905,228.8591402732147,230.0020881586781,16400500,META,222.415869140625,205.75259246826172,156.59891246795655,0.0021049993404560485,0.03384138432120642,-0.04075167503209437,63.52444132550907,8.431849569701626,8.208661916406328,222.415869140625,246.1490859642713,198.6826523169787,0.21341298096531683
2023-05-09,231.9401397705078,234.4347707344073,229.66417724759447,230.0418538447456,16865600,META,223.38588790893556,207.02137054443358,156.91744869232178,0.00042865841827777196,0.033793597642735346,-0.04034048516237813,66.13107765517414,8.080578882493938,8.18304530962385,223.38588790893556,247.0050909207684,199.76668489710272,0.21146548900583487
2023-05-10,231.65191650390625,235.2994285286325,229.30637565937425,234.72298037913848,19119000,META,224.33404235839845,208.1770458984375,157.24756351470947,-0.0012426622959128553,0.03380904481402573,-0.041533017858380844,69.0825992182714,7.690288267175049,8.08449390113409,224.33404235839845,247.66591465133237,201.00217006546453,0.2080100910913795
2023-05-11,234.3453063964844,236.7504923855175,230.87669935596904,231.62210410087727,20449000,META,225.10131149291993,209.41680267333984,157.6284155654907,0.011626883702180457,0.033347499969683635,-0.030389033724640288,70.83332052996448,7.511723722191562,7.9699398653455855,225.10131149291993,248.70231862862295,201.50030435721692,0.20969231124577728
2023-05-12,232.37747192382807,235.5081813532053,230.03193075237007,235.2895280534279,16161400,META,225.71353759765626,210.59513885498046,157.9475979232788,-0.008397157608640127,0.0334577104863542,-0.03853100982752031,68.49055543730863,7.1292407877368476,7.801800049823838,225.71353759765626,249.4069623198736,202.0201128754389,0.20994243388672465
2023-05-15,237.39651489257807,238.78793108217465,233.88814427531784,235.4683987689237,20653200,META,226.70741119384766,211.6607696533203,158.33590404510497,0.021598664135545897,0.03350098340092814,-0.017764564032042476,77.63463176526147,7.14870925781949,7.671181891422969,226.70741119384766,250.6201200074358,202.79470238025954,0.2109565689772833
2023-05-16,237.3567657470703,238.17173375066983,234.07698169506943,234.3453164957857,18163800,META,227.74749908447265,212.73256256103517,158.73206188201905,-0.000167437780313473,0.033452153426967474,-0.01792902735318614,76.82353906206907,7.079324688495348,7.552810450837445,227.74749908447265,251.6104216891424,203.8845764798029,0.20955595737030586
2023-05-17,241.00428771972656,242.34600727348624,236.68093377191283,236.98903199910285,21193100,META,229.07879180908202,213.88505798339844,159.1423327255249,0.015367255115630751,0.03332926581679968,-0.002837292174866864,56.695116158879124,7.235257907629972,7.4892999421959505,229.07879180908202,252.7715591888631,205.38602442930093,0.20685256101339164
2023-05-18,245.3375701904297,245.57609001832188,239.7122450480493,239.82157169093304,22943300,META,230.75744400024413,215.11507537841797,159.5729779434204,0.017980105298966542,0.03312750713299898,0.0,60.21912120862642,7.620649682020854,7.515569890160931,230.75744400024413,254.0388164824738,207.47607151801446,0.20178220107347905
2023-05-19,244.13497924804688,247.1662951314435,241.91864655785503,245.95376877808485,21733600,META,232.3849105834961,216.38623870849608,159.95482395172118,-0.004901780601517247,0.03319602701055319,-0.0049017806015171994,54.05944557325044,7.739816613196581,7.560419234768061,232.3849105834961,254.54715286492097,210.2226683020712,0.1907373609222529
2023-05-22,246.798568725586,252.01640235796663,243.6181627602761,243.9063944439659,27738500,META,234.1505271911621,217.75400726318358,160.34119213104248,0.010910314801030108,0.033146716808138486,0.0,65.6336257462981,7.957458051919218,7.639826998198293,234.1505271911621,254.8828289369468,213.4182254453774,0.17708524507278775
2023-05-23,245.22824096679688,250.06839785063008,245.13878086697943,245.29780419410025,17748100,META,236.0980209350586,219.06273956298827,160.73690265655517,-0.006362791189989281,0.03243779628487487,-0.006362791189989268,67.08908232944297,7.912023254753819,7.694266249509399,236.0980209350586,252.7156294450196,219.4804124250976,0.14076872346619002
2023-05-24,247.6830902099609,248.0607516272005,243.449181640286,243.7771615411268,17724300,META,238.0763252258301,220.15977600097656,161.12928371429444,0.010010467120287414,0.032438304917349545,0.0,78.66275730229157,7.982089113925014,7.751830822392522,238.0763252258301,249.17104773538756,226.98160271627262,0.09320307257795114
2023-05-25,251.14178466796875,254.05382543946865,247.6433472684531,251.8474260443769,22371400,META,238.77849731445312,221.2518438720703,161.54750553131103,0.01396419293330009,0.011043055505073177,0.0,83.06217226631078,8.221927289539252,7.845850115821868,238.77849731445312,251.29862838055965,226.2583662483466,0.104868161973718
2023-05-26,260.4344787597656,260.7028135397748,251.16164222922555,251.3802803282078,25727200,META,239.85784225463868,222.38704528808594,161.9634412765503,0.03700178408815025,0.013404084711527016,0.0,86.91305865454076,9.057435049385617,8.08816710253462,239.85784225463868,255.6875746993276,224.02810980994977,0.13199261942733315
2023-05-30,260.9115600585937,267.0040071257697,259.6891155348495,263.6248445901685,23816500,META,240.81891860961915,223.71704620361328,162.38598636627196,0.0018318668906667224,0.013297000655692592,0.0,87.03944809267418,9.646874280517807,8.399908538131257,240.81891860961915,259.2390780147469,222.3987592044914,0.15297933826360088
2023-05-31,263.0980834960937,263.3763667458465,256.8665101905946,258.40700133554753,25473700,META,242.08511276245116,225.0470477294922,162.80450634002685,0.008380324110625725,0.0124485050113596,0.0,88.34227738901527,10.173173276783558,8.754561485861718,242.08511276245116,262.9440965449023,221.22612898,0.17232768710498347
2023-06-01,270.9397277832031,272.3212259333044,264.2609297536013,264.2708478596671,25609500,META,243.85321273803712,226.44741455078125,163.2602964401245,0.029805022457435992,0.01311749844410743,0.0,89.64259951428852,11.095126470245162,9.222674482738407,243.85321273803712,268.10813486762106,219.59829060845317,0.19893051116484695
2023-06-02,270.9397277832031,273.6629606673439,269.4588665888467,270.9894396359303,19416900,META,245.79573669433594,227.89449340820312,163.72314319610595,0.0,0.012201899394418288,0.0,93.6347111307866,11.691014283125355,9.716342442815797,245.79573669433594,272.21045103736975,219.3810223513021,0.21493224169207095
2023-06-05,269.7272644042969,273.88164713325983,267.90845944901474,268.64391591694124,20742900,META,247.71441192626952,229.22847106933594,164.20288593292236,-0.004475029885157467,0.012267229451366489,-0.00447502988515742,90.03211898383094,11.927926296801047,10.158659213612847,247.71441192626952,275.2625417268658,220.1662821256733,0.22241846638132426
2023-06-06,269.4588928222656,274.87551380789125,268.03766144833685,268.4849165134261,19419000,META,249.59531860351564,230.52269348144532,164.6822310256958,-0.0009949738771272143,0.012361836929307165,-0.0054655512244495,89.525259892094,11.956201779070966,10.51816772670447,249.59531860351564,277.7111160588975,221.47952114813376,0.22529106405272026
2023-06-07,261.9849548339844,272.5696972670213,261.1898381568145,270.0055180183233,26163600,META,251.09755935668946,231.73044830322266,165.15750118255616,-0.027736839226200738,0.014621737480792324,-0.033050793335055166,73.60770918915534,11.245890345555495,10.663712250474676,251.09755935668946,278.4414859095543,223.75363280382464,0.21779523961061034
2023-06-08,262.9588928222656,266.01009007037004,257.2938351828572,259.0231644170162,20899400,META,252.66290817260742,233.00061767578126,165.6620405960083,0.0037175340427408887,0.014530457765864133,-0.029456126741677014,71.44928887523523,10.638913303028119,10.658752460985365,252.66290817260742,278.8809448895174,226.4448714556974,0.2075337207707518
2023-06-09,263.3266906738281,266.3083099817155,260.09660309028345,260.8718228971102,16949800,META,254.11197738647462,234.18531494140626,166.1780595779419,0.0013986895351398854,0.014518947128716384,-0.02809863718275637,73.8454264105556,10.071460311394532,10.5412940310672,254.11197738647462,279.24851642219147,228.97543835075774,0.19783828605203546
2023-06-12,269.3892822265625,270.0850055045359,263.7043270796276,265.53308021076936,15442500,META,255.96256790161132,235.4417691040039,166.7137073135376,0.023023080331206813,0.014584966200724548,-0.005722474032605656,75.88249300449527,9.995725694675855,10.43218036378893,255.96256790161132,279.77667334211355,232.14846246110912,0.18607490646566766
2023-06-13,269.6576843261719,274.03072034690825,267.44133616767954,273.1958704972715,16164000,META,257.575626373291,236.62209350585937,167.2232663345337,0.0009963354792401624,0.014262073504013963,-0.004731840057273174,78.84981879304927,9.843889046279088,10.314522100286961,257.575626373291,280.4464256001647,234.70482714641736,0.17758511974831184
2023-06-14,271.6752319335937,273.3051681295707,266.6760511965219,270.22418562547983,19175100,META,259.2915496826172,237.8203076171875,167.77769863128663,0.007481884347050327,0.014176527128929556,0.0,78.62908761578822,9.773691606146855,10.206356001458941,259.2915496826172,280.88934497909,237.69375438614435,0.16659081503357415
2023-06-15,280.10321044921875,282.24997973980226,269.757019350332,270.63160210078024,25973500,META,261.2464958190918,239.1542834472656,168.3872407913208,0.03102225571186823,0.015074172180296176,0.0,80.89484252552954,10.279629885282361,10.221010778223626,261.2464958190918,282.9525347738887,239.5404568642949,0.16617286204541418
2023-06-16,279.2783203125,286.086356606878,278.4136556327555,283.00534416008674,43127700,META,262.9435333251953,240.53616455078125,169.00264682769776,-0.002944950667990609,0.015045792230911612,-0.0029449506679906415,74.53422812391975,10.49307029380941,10.275422681340784,262.9435333251953,284.7195542159745,241.16751243441607,0.16563267873827286
2023-06-20,282.5879211425781,283.05504270613227,274.5276249753558,277.022256126528,20701600,META,264.8661804199219,241.89240356445313,169.60592784881592,0.01185054688947873,0.014836252316545792,0.0,76.2834968039781,10.804730277888837,10.381284200650395,264.8661804199219,286.439241042393,243.29311979745074,0.1628978119310586
2023-06-21,279.9144287109375,282.2599546202207,276.6544958923145,281.7928330595618,20556200,META,266.52197341918946,243.22200744628907,170.18376575469972,-0.009460745600275433,0.0152784312552174,-0.009460745600275426,70.15253428986054,10.712507447189012,10.447528849958118,266.52197341918946,287.32588834484534,245.7180584935336,0.15611406938620545
2023-06-22,283.1345520019531,283.5122286040647,276.08799589967447,277.3700702629299,17563100,META,268.41728897094725,244.6339031982422,170.80274982452391,0.011503956069163435,0.015011347406418565,0.0,66.43457017594366,10.775049167750922,10.51303291351668,268.41728897094725,287.91910517090736,248.91547277098715,0.14530968757434196
2023-06-23,286.9609680175781,287.8952110829365,277.2408910940516,279.78520359910493,51092000,META,270.3811828613281,246.1193460083008,171.44971157073974,0.013514479206333752,0.015064769186227818,0.0,69.57268360482405,11.006497671799366,10.611725865173216,270.3811828613281,288.9813946132735,251.7809711093827,0.13758510525848974
2023-06-26,276.7638244628906,288.0144744656378,275.8991597778569,286.9311565003175,24232700,META,271.6622848510742,247.2746240234375,172.03649417877196,-0.03553494966626558,0.017769154368591947,-0.03553494966626563,57.04893355279409,10.24895444785318,10.539171581709208,271.6622848510742,288.08503314079314,255.2395365613553,0.12090561852354224
2023-06-27,285.2912292480469,287.5771553202061,278.930448187067,280.2821312234858,26108300,META,272.9051223754883,248.5777896118164,172.65761493682862,0.030811124978870286,0.017228393454903335,-0.005818696462680487,63.60838252483008,10.218889290040579,10.475115123375483,272.9051223754883,289.5113877441621,256.2988570068145,0.12169991698305578
2023-06-28,283.54205322265625,287.77593182512726,282.31957844224354,283.07493167215046,16722100,META,274.0366470336914,249.89824981689452,173.2347571182251,-0.006131194534094164,0.017389655634051274,-0.011914215436827092,70.55151181187583,9.939343978731188,10.367960894446623,274.0366470336914,290.2820676668625,257.7912264005203,0.11856385493706459
2023-06-29,279.8050842285156,284.8142129946825,278.9702344892543,282.7568884601105,15395700,META,274.8719970703125,251.16325134277344,173.79415851593018,-0.013179593473586437,0.017787837977673932,-0.024936784394399444,65.25659635201032,9.308952330979196,10.15615918175314,274.8719970703125,290.45374439876696,259.290249741858,0.1133745706694789
2023-06-30,285.2217102050781,287.2790044495299,282.6773975218588,283.0153107326895,19694900,META,275.5860961914062,252.5801168823242,174.45930812835692,0.019358568810489363,0.017106859995157077,-0.00606095604052137,68.1676192907129,9.14106633350923,9.953140612104358,275.5860961914062,291.70872889869855,259.4634634841139,0.11700614022337667
2023-07-03,284.2675476074219,287.62684323655463,283.1047331700127,284.9434043059661,8629300,META,276.2524871826172,254.0301773071289,175.12793605804444,-0.003345336499701257,0.01715106058661883,-0.009386016602757143,63.48892429141307,8.829244489142752,9.728361387512038,276.2524871826172,292.6656329150268,259.8393414502076,0.11882713455216531
2023-07-05,292.5663757324219,296.29339929866484,284.6054436891364,285.8875482884907,33865500,META,277.3944427490234,255.64979187011718,175.84759937286378,0.029193723289373974,0.01805444659614288,0.0,68.12959898449206,9.146336233708666,9.611956356751364,277.3944427490234,295.02869233659146,259.7601931614554,0.12714205384080368
2023-07-06,290.2010192871094,296.2934667158696,289.5251928059992,294.0771489424345,47600500,META,278.4315490722656,257.2240875244141,176.57163600921632,-0.008084854041722878,0.018231118225968578,-0.00808485404172293,64.5807663096973,9.10184878172015,9.509934841745121,278.4315490722656,296.5342721150373,260.32882602949394,0.13003356195151008
2023-07-07,288.7499694824219,294.38524367476765,286.89143151632925,290.3898541389388,25586000,META,279.7697998046875,258.87351959228516,177.2798204421997,-0.005000154059596529,0.016809798424080237,-0.013044582585561524,57.645065947284266,8.847515907204581,9.377451054837014,279.7697998046875,296.67060514016225,262.8689944692128,0.12081936897601882
2023-07-10,292.298095703125,296.3034032326317,285.2912718878283,293.7391935536377,37058300,META,281.2367599487305,260.55714141845704,178.01533641815186,0.012287884314111208,0.016884203068901052,-0.0009169885931876228,60.982615509605594,8.830467274894318,9.268054298848474,281.2367599487305,297.0520687411905,265.42145115627045,0.11246971267442538
2023-07-11,296.4623718261719,298.3407759365932,290.1115090938908,292.09925500111933,27585900,META,282.89354400634767,261.74442199707033,178.79140209198,0.014246675514699048,0.016966642483559585,0.0,61.53720832030663,9.04867094572171,9.224177628223122,282.89354400634767,297.7205390903031,268.06654892239226,0.1048238490986752
2023-07-12,307.4447021484375,307.5540439617173,298.26132437934064,299.9012089337365,36677100,META,284.7963150024414,263.11636444091795,179.61890087127685,0.03704460115668584,0.01796395270321567,0.0,70.11329827840841,9.992592811015356,9.377860664781569,284.7963150024414,301.9164631875028,267.67616681738,0.12022731533527485
2023-07-13,311.4897155761719,314.30236259502635,308.38883691787754,311.6984203968585,30281000,META,286.8879165649414,264.5123580932617,180.4786008834839,0.013156881219509087,0.01796363495989107,0.0,70.46923562944406,10.940936166252527,9.69047576507576,286.8879165649414,306.2899569049337,267.4858762249491,0.13525867922429816
2023-07-14,306.9775695800781,312.9507564229896,305.4768115419985,309.8796922833436,23054100,META,288.6530334472656,265.8964254760742,181.33581638336182,-0.014485698148163584,0.01861739456517183,-0.01448569814816357,64.30807704456572,11.199313915923767,9.992243395245362,288.6530334472656,308.6421972845745,268.66386960995675,0.13849959308299256
2023-07-17,308.7168273925781,309.8001453263646,302.8430343041564,305.6557118882692,25323100,META,290.0837142944336,267.3592074584961,182.21151782989503,0.005665748852201613,0.017684600350232157,-0.008902021623618151,75.98197057165318,11.412863329729703,10.276367382142231,290.0837142944336,311.5384945852202,268.62893400364703,0.1479213015661408
2023-07-18,310.1380615234375,312.27491276551416,305.7352113559145,308.9752470835531,20731900,META,291.62670135498047,268.9201837158203,183.05849620819092,0.004603682095540851,0.017585864733944783,-0.004339321605640109,72.84364894142945,11.563487805917134,10.533791466897211,291.62670135498047,314.218107311063,269.0352953988979,0.15493372761215943
2023-07-19,314.0738220214844,316.7274459935439,308.6174385296386,311.11206950979573,21763700,META,293.2009963989258,270.5745849609375,183.95099422454834,0.012690349835534187,0.017603069743775436,0.0,76.9852885247688,11.863684597008785,10.799770092919527,293.2009963989258,317.4665049086782,268.9354878891734,0.1655213236501901
2023-07-20,300.6664733886719,313.6067203081429,300.36832359676674,311.57921073138994,23836900,META,294.2385986328125,271.95109924316404,184.78008312225342,-0.04268852636784026,0.020425467891036633,-0.04268852636784024,65.74646112000266,10.894150743571231,10.818646223049868,294.2385986328125,317.8786132744355,270.5985839911895,0.16068601979119637
2023-07-21,292.4571228027344,303.5884838835339,289.4158733904119,302.7039525520134,42139300,META,294.70472717285156,273.1614389038086,185.55356510162355,-0.02730384433426758,0.021469862422949428,-0.06882680982330103,55.24045207270721,9.355517612301014,10.526020500900097,294.70472717285156,317.7838459029609,271.62560844274225,0.15662537178491096
2023-07-24,289.82330322265625,295.6970965406235,286.53358588004187,293.9677671533127,24915700,META,294.8478439331055,274.3248666381836,186.30557903289795,-0.00900583153809753,0.021415893387409783,-0.07721279870682522,53.92833360593797,7.8333149633246535,9.987479393385009,294.8478439331055,317.7596658516933,271.9360220145177,0.15541454611271294
2023-07-25,292.6658020019531,296.47232248683173,290.0717775362577,293.3813918203589,19585600,META,295.64294281005857,275.491276550293,187.07826572418213,0.00980769575010032,0.019708391426382574,-0.06816238259445521,50.07617987616679,6.778189543092481,9.345621423326504,295.64294281005857,316.96061980676564,274.3252658133515,0.1442123176970472
2023-07-26,296.7406616210937,299.9210369448367,290.1115155280028,299.3446039644183,47256900,META,296.2154144287109,276.7785403442383,187.87087947845458,0.013923251679105908,0.018793877994176145,-0.05518817292325942,54.882729813518786,6.19934002913152,8.716365144487508,296.2154144287109,316.97011440311417,275.46071445430766,0.14013247767292145
2023-07-27,309.80010986328125,323.3565506334248,307.9415724129924,323.1279489498484,64229200,META,297.5283172607422,278.22661224365237,188.75671825408935,0.04400963511654865,0.02086317102204668,-0.013607349159812434,63.39485490109567,6.716957050001838,8.316483525590375,297.5283172607422,318.22946928179687,276.82716523968753,0.13915416328532512
2023-07-28,323.48583984375,324.2014297162644,312.32463358608067,314.93852479166225,39220300,META,299.7123550415039,279.9491937255859,189.7092961502075,0.04417600105599839,0.02218427179111318,0.0,67.57787371643819,8.137690075621322,8.280724835596564,299.7123550415039,321.7163432934991,277.70836678950866,0.1468340419196141
2023-07-31,316.64794921875,323.66469029091354,315.64412776599033,321.7067592345927,25799600,META,301.2836669921875,281.4620669555664,190.65377376556395,-0.021138145114181328,0.022883261117125804,-0.021138145114181304,61.04404688636958,8.61259003072928,8.347097874623108,301.2836669921875,323.41860606884535,279.1487279155296,0.14693753098293144
2023-08-01,320.7328186035156,322.15408036057033,312.7321513080248,315.59451103693,22817900,META,303.1069305419922,282.9699719238281,191.62384380340575,0.012900350041249453,0.022841511495703022,-0.008510484544127613,57.86379333822881,9.212371997410798,8.520152699180647,303.1069305419922,325.34735905782713,280.86650202615726,0.1467497194872208
2023-08-02,312.3842163085937,316.4392350831681,308.7466375342772,316.05161005931467,20461100,META,304.09782257080076,284.33495666503904,192.5383062362671,-0.02602977247938676,0.02326230860488753,-0.03431873104714138,50.503701071260494,8.911316979148523,8.598385555174223,304.09782257080076,326.1258025433831,282.06984259821843,0.14487430252779088
2023-08-03,311.2710876464844,314.01418683536014,308.03105195704984,308.03105195704984,15180200,META,305.15132598876954,285.62440704345704,193.46474491119386,-0.0035633319610799408,0.02316516645329563,-0.037759773977017325,52.51395190595042,8.485097604567954,8.57572796505297,305.15132598876954,326.38183399891125,283.92081797862784,0.13914740787279456
2023-08-04,308.826171875,316.4591093262651,308.2994203919709,313.0302353033232,17612800,META,306.15513610839844,286.8963656616211,194.3427820968628,-0.007854618911028122,0.023230711627521782,-0.04531780425328944,50.06349893861249,7.859432761179107,8.432468924278197,306.15513610839844,325.9718543887592,286.3384178280377,0.12945540311526493
2023-08-07,314.6204528808594,315.1273378463386,308.5578211596519,311.31086894247983,16236500,META,307.27125396728513,288.23511291503905,195.2559525680542,0.018762273192974854,0.02340230059894234,-0.027405796084220505,52.477211957216525,7.7418951691204825,8.294354173246655,307.27125396728513,326.30068089635216,288.2418270382181,0.12386076916321677
2023-08-08,310.7244873046875,315.94232085738867,308.2099593514396,312.47368326135734,15183500,META,307.98435974121094,289.42676696777346,196.14750644683838,-0.012383065183773079,0.023542521559799103,-0.03944949350866945,48.1481618965889,7.250791309788781,8.08564160055508,307.98435974121094,326.3662052723881,289.6025142100338,0.11936869486893939
2023-08-09,303.3399658203125,311.70838971495243,300.99444013006075,310.96298497482377,19955800,META,307.7791229248047,290.28487670898437,197.01058559417726,-0.023765495756161492,0.022776165573989534,-0.062277452494267915,51.58363711761233,6.1943145915042805,7.70737619874492,307.7791229248047,326.2776286165805,289.2806172330289,0.12020637082844159
2023-08-10,303.86676025390625,310.4263289606165,302.0082223586352,306.05329326634325,14358900,META,307.3979751586914,291.14398071289065,197.8838522720337,0.0017366469735340395,0.022559837542050633,-0.0606489594701275,57.43518517413683,5.338023674827241,7.233505693961385,307.3979751586914,325.8886982801758,288.907252037207,0.12030478152589474
2023-08-11,299.7919006347656,302.85301648010613,298.5197139316003,300.7161953513463,14046300,META,307.03869171142577,291.87785705566404,198.7381856918335,-0.013410020943836476,0.02252724628161095,-0.07324567659724769,56.37636296415153,4.281248272771904,6.6430542097234895,307.03869171142577,325.8404353835964,288.23694803925514,0.12247149417794999
2023-08-14,304.3139953613281,304.3338619035578,296.4226408204972,299.13592519949583,15641900,META,306.8185501098633,292.54534240722654,199.57641819000244,0.015084112402595329,0.022769813555156167,-0.05926641021344938,57.29398293418048,3.76523808384718,6.067490984548228,306.8185501098633,325.6406536817288,287.99644653799777,0.12269208341624607
2023-08-15,300.0999755859375,305.34762400687663,298.1917260098696,304.2643060364655,11623600,META,306.31664581298827,293.12854736328126,200.43179500579834,-0.0138476042496406,0.022926575651237395,-0.07229331666915724,52.09990927189364,2.9818867790020818,5.450370143438999,306.31664581298827,325.30069422919354,287.332597396783,0.12395048506632816
2023-08-16,292.4869384765625,299.23531534249935,292.4769900392472,298.36073244619973,18547700,META,305.2373016357422,293.58374084472655,201.40753005981446,-0.02536833631695823,0.023272787780762114,-0.09582769181538388,38.386767926961575,1.726860582389861,4.705668231229172,305.2373016357422,324.80988876537924,285.66471450610516,0.12824505409233486
2023-08-17,283.34326171875,294.2361017593766,283.2041352648721,291.2544826353271,23950100,META,304.3711410522461,293.86142822265623,202.33128532409668,-0.03126182935018551,0.022377929112460934,-0.12409377221701466,21.326179875799795,-0.005511484894100249,3.7634322880045175,304.3711410522461,326.19874850072847,282.54353360376376,0.14342757577490298
2023-08-18,281.5145568847656,283.93960968649634,272.6989072996462,277.3204111700281,35347900,META,303.82401275634766,294.25202026367185,203.27591201782226,-0.006454026197381668,0.021646416247640028,-0.1297468939575758,22.969935315732016,-1.5085998265325316,2.709025865097108,303.82401275634766,327.3884987219336,280.2595267907617,0.15511931234009177
2023-08-21,288.123779296875,288.720109168506,280.1231137051673,281.7133165859842,20181500,META,303.7390365600586,294.75531799316406,204.24344734191894,0.023477373551289427,0.022277571706936856,-0.10931563670284786,25.85010213384936,-2.141809704325624,1.738858751212562,303.7390365600586,327.52729898443545,279.95077413568174,0.15663618805002155
2023-08-22,285.837890625,291.1054055726011,284.9930924800381,290.75754394460523,12980200,META,303.39764099121095,295.2055419921875,205.22271041870118,-0.007933703623676513,0.022217112523094877,-0.1163820624634905,28.400450926932976,-2.795856315118442,0.8319157379463611,303.39764099121095,328.0358239047433,278.7594580776786,0.16241512513438502
2023-08-23,292.43719482421875,295.577837283612,285.90747197497666,286.7323732562124,18287000,META,303.1824676513672,295.66650024414065,206.24307014465333,0.023087576614804428,0.02263060249260312,-0.09598146563240095,35.93168782178908,-2.7499841644900584,0.11553575745907718,303.1824676513672,328.13855661032403,278.2263786924103,0.16462752053099675
2023-08-24,284.9931030273437,297.6252212635556,284.8837915482528,296.67111160823754,18360900,META,301.94211730957034,295.97320861816405,207.21686698913575,-0.025455352221353533,0.020689036155866182,-0.11899357583935993,33.434639366642116,-3.2765362791104167,-0.5628786498548216,301.94211730957034,327.95677190099497,275.9274627181457,0.17231550751002217
2023-08-25,283.750732421875,286.6230398586669,274.3387541997715,284.37687724473807,23701400,META,299.9553619384766,296.2147186279297,208.15498363494874,-0.004359300601563976,0.01731715053492948,-0.12283414767418517,27.094363958901425,-3.750844151923161,-1.2004717502684894,299.9553619384766,325.0969453144361,274.8137785625171,0.16763549891877746
2023-08-28,288.48162841796875,289.66433988550926,284.0489323586986,286.2354654072445,14239300,META,298.5470458984375,296.38228698730467,209.11799709320067,0.01667271818371896,0.017682281857706237,-0.10820940861797528,33.697575753237885,-3.702314808690062,-1.700840361952804,298.5470458984375,322.89456616126375,274.1995256356112,0.16310675719168918
2023-08-29,296.16424560546875,297.3171420810114,286.41435258373576,286.81189577136405,20844500,META,297.31861724853513,296.7200054931641,210.09457683563232,0.026631218180621863,0.018634299119256955,-0.08445993880745481,44.763591759071865,-3.0092432705878878,-1.962520943679821,297.31861724853513,319.31908024253056,275.3181542545397,0.1479925017652343
2023-08-30,293.2919006347656,296.4623576314401,291.6321195362387,295.3492248295846,17717000,META,296.36400146484374,296.9340850830078,211.00511341094972,-0.009698486611140367,0.017954887644804924,-0.09333929183289333,42.53853180152134,-2.6610780657994155,-2.10223236810374,296.36400146484374,317.2401430347542,275.48785989493325,0.14088176341745692
2023-08-31,294.0771179199219,299.25518813400873,293.84851619427843,293.98764265248815,17229900,META,295.5043029785156,297.2173388671875,211.9138613510132,0.002677255264999845,0.017998666732049987,-0.09091192967838442,45.77143120373147,-2.2953349673252887,-2.14085288794805,295.5043029785156,315.17710065875514,275.8315052982761,0.13314728402902345
2023-09-01,294.5640869140625,299.8912316773539,292.66578582943225,297.5357575016883,12842300,META,294.79119873046875,297.4459295654297,212.81908084869386,0.0016559227646988361,0.017980469963528308,-0.08940655004762271,42.3275416961852,-1.943779913805031,-2.1014382931194464,294.79119873046875,313.43795130608595,276.14444615485155,0.12650820415209313
2023-09-05,298.3109741210937,299.5433972627484,293.699419184796,295.2001467861527,14956000,META,293.9757247924805,297.6729296875,213.72882244110107,0.012720108708039302,0.017657448324266384,-0.07782370237539998,48.5817610336775,-1.34729671958803,-1.9506099784131632,293.9757247924805,310.2462736231698,277.70517596179116,0.11069314544372552
2023-09-06,297.3370361328125,301.44170666109693,293.848531758492,299.8614520321195,15418100,META,293.30635223388674,298.08439392089844,214.65282638549806,-0.0032648412990862186,0.017506170650625243,-0.08083446163692322,54.29728396770873,-0.9423058317927371,-1.748949149089078,293.30635223388674,307.6648251202764,278.94787934749706,0.09790768441959977
2023-09-07,296.8400573730469,305.1686874983564,290.4295644962477,296.17414912853707,33748700,META,292.9813568115234,298.31537048339845,215.58319091796875,-0.0016714324129593061,0.016744512752895825,-0.08237078471061843,64.1222914576459,-0.6539117799482028,-1.5299416752609032,292.9813568115234,306.6618347360492,279.3008788869977,0.09338804402715956
2023-09-08,296.0648498535156,303.37974075580405,294.961635024311,297.38668763075606,17548000,META,292.5912612915039,298.5658264160156,216.50669776916504,-0.0026115327102130825,0.016736031962542065,-0.08476720342219385,65.56782680472696,-0.4823499542212062,-1.3204233310529638,292.5912612915039,305.3807384060211,279.80178417698664,0.08742214007393265
2023-09-11,305.6756286621094,307.1465718675452,299.4341063897172,299.56331475425844,19489300,META,292.8854476928711,299.0832373046875,217.48914142608643,0.03246173537097996,0.018060636009866248,-0.05505715857684314,67.64590557457447,0.4242332609709365,-0.9714920126481839,292.8854476928711,306.608892809362,279.1620025763802,0.09371203127088602
2023-09-12,299.8117370605469,306.76884815895613,298.3905059297866,304.4531070510654,13480400,META,292.660334777832,299.3750378417969,218.4344140625,-0.01918337954264715,0.018290848686156037,-0.07318435574997094,63.105847979662414,0.6619098600883149,-0.6448116381008842,292.660334777832,305.7263997753308,279.59426978033326,0.08929166986306929
2023-09-13,303.19091796875,305.2979240357972,299.4738423723781,300.5074485328093,13210900,META,292.8148818969727,299.7535052490234,219.39260711669922,0.011271009405214416,0.01819446693817613,-0.06273820790672892,60.734107715758704,1.1101448764604243,-0.2938203351886225,292.8148818969727,306.3172948564646,279.31246893748073,0.09222490928068876
2023-09-14,309.81011962890625,310.95306761186254,303.1611062560932,304.86062074084737,19343100,META,293.68104095458983,300.09838012695315,220.38802070617675,0.021831793988098536,0.01769359434674394,-0.042276101548832525,75.1865130788349,1.9767024162919142,0.1602842151074849,293.68104095458983,309.1710915346929,278.1909903744868,0.10548893813338256
2023-09-15,298.4700012207031,310.08837913459786,296.9195617514779,309.7007541019929,28131100,META,294.4373779296875,300.263759765625,221.3398031616211,-0.03660344736894472,0.018269405619276695,-0.07733209785977035,62.39742305218826,1.728477910191657,0.4739229541243193,294.4373779296875,309.2651361563214,279.6096197030536,0.1007192655422627
2023-09-18,300.6962890625,301.73987399777747,295.9753919193005,296.363016980272,14234200,META,295.3964645385742,300.50268615722655,222.29933792114258,0.007459000344060218,0.018164576449503315,-0.07044991766025308,60.74106793990479,1.6918978781459941,0.7175179389286543,295.3964645385742,309.147056403142,281.6458726740064,0.09309923113702125
2023-09-19,303.2008361816406,304.2941025217708,297.9730546201246,300.6267088125045,15924400,META,296.1503173828125,300.7207409667969,223.22846004486084,0.00832915872340556,0.0175927179616231,-0.06270754748309054,56.807642865283235,1.8437503539602176,0.9427644219349671,296.1503173828125,309.87524340409567,282.4253913615293,0.09268891651088082
2023-09-20,297.8339233398437,306.1725017043269,297.5953732045817,303.1809343882213,19379500,META,296.75011901855464,300.7481719970703,224.11911933898926,-0.017700851057619538,0.018033500464466824,-0.07929842158252332,54.19190499554141,1.5135818920307997,1.0569279159541338,296.75011901855464,309.59795493064973,283.90228310645955,0.08659026627916376
2023-09-21,293.9181213378906,298.4203655519059,291.4731715195021,293.8883063562323,21319600,META,296.8241653442382,300.4776403808594,224.97504302978516,-0.013147602388747792,0.017641825409490587,-0.09140343985424884,49.861275751853476,0.9252824314798431,1.0305988190592759,296.8241653442382,309.58411052482353,284.0642201636529,0.08597645791936862
2023-09-22,297.2475891113281,303.5090085918817,296.4425542300661,297.4662424328193,25369600,META,297.43688964843744,300.1927978515625,225.85288162231444,0.011327875118015918,0.016696461370493767,-0.08111097148825885,52.230704795458486,0.7194180903937877,0.9683626733261783,297.43688964843744,308.91752401093987,285.956255285935,0.07719711146840082
2023-09-25,298.9867858886719,299.10607612024654,291.9004972403228,293.82861318774314,18987000,META,298.1986923217773,300.03298217773437,226.78071159362793,0.005851003813162503,0.016640065521441965,-0.07573454827856343,50.581178376227825,0.6886692117766984,0.9124239810162824,298.1986923217773,307.7083328368616,288.689051806693,0.06378056483777421
2023-09-26,297.1282958984375,298.46008222359,294.19638842796746,295.83627299017616,19417200,META,298.63102569580076,299.80121154785155,227.70019325256348,-0.006215960296407141,0.01641775700002916,-0.08147974562980473,49.82317960299168,0.5084745160690431,0.8316340880268347,298.63102569580076,306.9981816939897,290.2638696976118,0.056036749555366715
2023-09-27,295.9157409667969,299.4539264640221,285.0328496808238,298.60915866807244,36429800,META,298.61860046386715,299.51676513671873,228.6066550064087,-0.004080913694113786,0.015355824172072855,-0.08522814751418492,49.22640520552061,0.264773725556779,0.7182620155328235,298.61860046386715,307.0019028157339,290.2352981120004,0.05614722149822094
2023-09-28,302.09765625,304.45313062279126,294.8821582340951,297.1084242521594,22167100,META,299.05888824462886,299.27724182128907,229.54119384765625,0.020890795680574392,0.015847136135369765,-0.06611783564956325,54.63005338720927,0.5639669324986016,0.6874029989259792,299.05888824462886,307.1852829722631,290.9324935169946,0.05434645179973313
2023-09-29,298.37066650390625,308.73678708760275,297.52586821318613,305.49675073216946,25373700,META,299.2735656738281,299.23132568359375,230.46301128387452,-0.012337036282762504,0.01614621569731636,-0.07763917379497931,43.83698913635098,0.4946408677931231,0.648850572699408,299.2735656738281,307.06581241629283,291.4813189313634,0.052074407072473156
2023-10-02,304.9401550292969,305.2979347903727,299.7819511595849,300.8851357535023,16265600,META,299.7923690795898,299.480986328125,231.3906428527832,0.022017876630994637,0.016827362172649865,-0.057330746914334964,54.2758085839819,0.9587504046756408,0.7108305390946545,299.7923690795898,307.6458118300035,291.93892632917607,0.052392546044617634
2023-10-03,299.0961608886719,304.8904274788593,297.8041380438366,302.3958267248528,17362300,META,299.8316284179688,299.6664434814453,232.2818985748291,-0.019164396830793073,0.017250097712877166,-0.07539643456065594,46.72078222017148,0.8452554903921623,0.7377155293541561,299.8316284179688,307.6617056955422,292.00155114039535,0.05222982858004696
2023-10-04,303.70770263671875,305.01962229611473,296.67109503462666,296.8996967471357,16880500,META,300.15016174316406,299.8872814941406,233.22324527740477,0.015418257908577315,0.01755167302880496,-0.061140658325522,44.950613156424836,1.114574708499731,0.8130873651832711,300.15016174316406,308.0707506954229,292.22957279090525,0.052777509139151434
2023-10-05,302.9225769042969,304.3338596571605,297.6649799511563,302.76355357583645,19130000,META,300.45428771972655,300.0109197998047,234.1443668746948,-0.0025851360555085856,0.017560746679149208,-0.0635677374607358,54.463975386362634,1.2502469752740808,0.900519287201433,300.45428771972655,308.3065332196526,292.6020422198005,0.05226915255242325
2023-10-06,313.4973449707031,314.3719580408893,299.0663203044193,299.5930717675184,21803900,META,301.32591247558594,300.0848645019531,235.14296070098877,0.03490914468797479,0.01907533665630042,-0.030877688117265083,60.99354275311763,2.1858663237675273,1.157588694514652,301.32591247558594,310.8242108326397,291.82761411853215,0.06304335580713362
2023-10-09,316.4093933105469,318.36732433122893,309.9094857370149,310.5853120967943,22503700,META,301.8626007080078,299.9433355712891,236.14314472198487,0.009288909097829423,0.017859014992241226,-0.02187559905750801,61.2646606271719,3.1262914207939616,1.551329239770514,301.8626007080078,313.39164520666486,290.3335562093507,0.07638604101081828
2023-10-10,319.8681335449219,322.67086312994786,316.21068760266763,317.16479734182053,19038000,META,302.86542053222655,300.0077392578125,237.14735416412353,0.010931218565247702,0.01724884440125278,-0.011183507446803694,69.42362685992997,4.103375359715926,2.0617384637595966,302.86542053222655,316.8672612949778,288.8635797694753,0.09246245899017315
2023-10-11,325.8114318847656,326.8251713565072,320.9712755582684,321.03090550774766,22036300,META,303.99644622802737,300.1093115234375,238.19439926147462,0.018580463999265717,0.017500343460819093,0.0,77.14434282472797,5.296244121198185,2.7086395952473143,303.99644622802737,321.3598920627281,286.63300039332665,0.11423453168710014
2023-10-12,322.17388916015625,328.51480402545536,320.7128945741685,325.99035800443886,20530500,META,304.61463470458983,300.30510498046874,239.21868480682372,-0.011164564433994162,0.017259679036966832,-0.01116456443399419,71.10406136619784,5.880297501921177,3.342971176582087,304.61463470458983,323.6495136971788,285.57975571200086,0.12497678590556674
2023-10-13,312.7619323730469,323.05844326558616,310.4561394714202,321.547767052762,21341000,META,305.32923126220703,300.334921875,240.2016751098633,-0.029213903124317375,0.0164475314192627,-0.04005230705451168,60.321793430588166,5.520065876998274,3.7783901166653244,305.32923126220703,324.46564136711805,286.192821157296,0.12534934847739673
2023-10-16,319.1823425292969,319.84825085704006,313.58683207904073,316.68774165332815,16536100,META,306.2535339355469,300.54204528808594,241.22302879333495,0.020528106178190786,0.01690932195006029,-0.020346398888217508,65.46775894108114,5.6870958599419055,4.160131265320641,306.2535339355469,326.2156994140322,286.2913684570616,0.1303636579925081
2023-10-17,322.0148620605469,322.4124052068477,315.3559006202656,316.2305137404862,16387800,META,307.19423522949216,300.6899334716797,242.23548721313477,0.008874298962794347,0.016918592336403495,-0.0116526599519735,67.89809327762538,5.979105571465368,4.523926126549586,307.19423522949216,328.2916052950921,286.09686516389223,0.1373552472417912
2023-10-18,315.0279541015625,323.94299691938124,313.6265894069877,319.4208864985658,16851000,META,308.05393676757814,300.7760028076172,243.21261360168458,-0.021697470465418034,0.017199112199636057,-0.03309729717224002,58.77042637892547,5.582389974689136,4.735618896177496,308.05393676757814,328.94558879218266,287.1622847429736,0.13563632553325847
2023-10-19,310.8934020996094,319.9177856749948,309.83989917521274,317.92009129448974,18709200,META,308.90270080566404,300.9270715332031,244.1472020339966,-0.01312439721022396,0.017197969799537485,-0.04578731230779073,58.44727915453306,4.878134119797608,4.764121940901519,308.90270080566404,328.728381218328,289.07702039300005,0.128361975217152
2023-10-20,306.7589416503906,313.36819203110264,304.59230546295385,312.2153258681484,22312300,META,309.3782684326172,300.9849151611328,245.0480487060547,-0.013298643269033072,0.017446495108489113,-0.058477046444194644,51.26854565299941,3.940960931329016,4.599489738987018,309.3782684326172,328.46948659298124,290.2870502722531,0.12341667213463085
2023-10-23,312.0861511230469,315.415602269371,305.3775066385832,307.60377302837463,17796800,META,310.0332366943359,301.2308001708984,245.97766815185548,0.017366109832024357,0.017776863294709483,-0.04212645542337252,59.12589070782383,3.586759776571739,4.396943746503963,310.0332366943359,328.5123825634572,291.55409082521464,0.11920751507903657
2023-10-24,310.635009765625,316.39949165621766,308.72679049402075,314.83910368776947,19525500,META,310.7085723876953,301.3572204589844,246.88472625732422,-0.004649810163635637,0.017740806723139355,-0.046580385566422626,55.092808226246916,3.1526164299269226,4.148078283188555,310.7085723876953,328.1606271311914,293.2565176441992,0.11233713063905944
2023-10-25,297.69482421875,308.9752905681572,297.00904931693026,308.1006773408739,42192500,META,310.79752655029296,301.30911743164063,247.72981658935547,-0.041657202633529344,0.020269894374515533,-0.08629717963966356,46.73940973881093,1.7442828647999704,3.6673191995108385,310.79752655029296,327.9476319251674,293.6474211754185,0.11036191674517222
2023-10-26,286.58331298828125,293.19256300342494,277.68813665644586,293.19256300342494,66684100,META,310.02180938720704,301.191044921875,248.50185722351074,-0.037325174395050564,0.02133874579154874,-0.12040129675486262,33.32515270609224,-0.2653786062035124,2.8807796383679687,310.02180938720704,329.9991897333403,290.0444290410738,0.12887725792982627
2023-10-27,294.9119567871094,297.4761358736204,291.1749844672782,292.6757424568994,29596300,META,309.8488739013672,301.4224188232422,249.3160380554199,0.02906185887790569,0.022311391528076114,-0.09483852337196354,37.518772480022676,-1.1724822065851868,2.070127269377338,309.8488739013672,330.30506625973027,289.39268154300413,0.13203980444269614
2023-10-30,300.8056335449219,307.50432847654946,297.21773591231505,297.2574993285472,28435100,META,309.64214782714845,301.8082403564453,250.14070426940918,0.01998452969496589,0.022208520818844564,-0.07674929696355132,39.23679532748994,-1.3996634375249641,1.3761691279968777,309.64214782714845,330.3887140076814,288.8955816466155,0.13400350259884078
2023-10-31,299.4241638183594,301.81940183622095,295.0411794285565,301.4516736103082,19434200,META,309.65854797363284,302.034248046875,250.95712142944336,-0.004592566004440135,0.021797361257830754,-0.08098938675589201,34.29183186447773,-1.6719065631719445,0.7665539897631133,309.65854797363284,330.37050239993414,288.94659354733153,0.13377285763198057
2023-11-01,309.9393310546875,310.8238623382184,300.0006000946565,300.0006000946565,20434600,META,309.9701293945312,302.51627685546873,251.83416481018065,0.035117964770227994,0.022932877082553135,-0.04871560441651979,43.26808439754945,-1.0273326334940975,0.4077766651116712,309.9701293945312,330.4917669408889,289.44849184817355,0.1324104202327035
2023-11-02,308.96533203125,316.8666354692739,306.440885813312,315.3559289149485,21631800,META,310.2722671508789,302.8468395996094,252.71796646118165,-0.003142547349905822,0.022938142729326403,-0.051705060672867446,47.69712790253846,-0.5883150023283861,0.20855833162365978,310.2722671508789,330.53329800316334,290.0112362985945,0.13060162313786108
2023-11-03,312.6724548339844,313.61661599458813,309.11437247507706,310.63499696628685,16764300,META,310.231022644043,303.4004266357422,253.60474967956543,0.011998507335313047,0.021707195650165073,-0.04032693688731063,45.916956394910386,0.058074020624417244,0.17846146942381128,310.231022644043,330.4677545674806,289.99429072060536,0.1304623357842398
2023-11-06,313.8651428222656,316.37964079217926,312.5234382736112,314.04406304860873,12887700,META,310.1038101196289,304.00271484375,254.48149490356445,0.0038144965117394847,0.021619477041462422,-0.03666626733565695,44.78108911370953,0.6589855559560647,0.27456628673026195,310.1038101196289,330.20856823579226,289.9990520034656,0.1296646958862422
2023-11-07,316.8666381835937,319.03327432489834,313.1892954750228,315.1174117712226,14055600,META,309.9537353515625,304.5704150390625,255.35386711120606,0.009563009559897973,0.02158460248856256,-0.027453897640815638,51.240789327358286,1.361710912393562,0.49199521186292194,309.9537353515625,329.7946794747302,290.1127912283948,0.12802519770031642
2023-11-08,317.8207397460937,319.3612309239011,312.9507676062576,316.1908036286654,13609700,META,309.55420074462893,305.003544921875,256.23165580749514,0.0030110508571343786,0.021146070790472045,-0.024525511865704314,54.884400688048586,1.9728718044754032,0.7881705303854183,309.55420074462893,328.3446250323251,290.76377645693276,0.1214031290319823
2023-11-09,318.58599853515625,322.1937626103969,316.84672067314426,317.46294745053154,16103100,META,309.3748062133789,305.5094268798828,257.12142059326175,0.0024078315017261875,0.021021036906090303,-0.02217673366404435,58.75511855529666,2.490264978829657,1.128589420074266,309.3748062133789,327.72120067342667,291.02841175333117,0.11860302837584037
2023-11-10,326.7555847167969,327.08357976124097,317.50263037903414,317.97970029341013,19096200,META,310.0744888305664,306.1629962158203,258.0232110595703,0.02564326812604456,0.020631749398944573,0.0,60.42069710068895,3.5189557939808083,1.6066626948555747,310.0744888305664,329.96699534599315,290.18198231513963,0.12830792104471772
2023-11-13,327.173095703125,330.2938415366344,323.7044882105345,324.2014247719074,16908900,META,310.4740264892578,306.81517639160154,258.90502502441404,0.0012777470557694404,0.02018544313867377,0.0,61.923222473531816,4.31811379571252,2.148952915026964,310.4740264892578,331.42935679790037,289.5186961806153,0.13498926493529134
2023-11-14,334.2494506835937,336.0284919764558,331.28769800766355,332.49030626377095,17179400,META,311.0857559204102,307.53394592285156,259.8454774475098,0.02162878021880421,0.020629549018980346,0.0,78.78834490005256,5.4595210172125235,2.811066535464076,311.0857559204102,334.0751975547724,288.09631428604797,0.14780131328317037
2023-11-15,330.6715393066406,336.32668016288505,327.998018009164,335.8595585521207,14531200,META,311.86793518066406,308.2006359863281,260.75854873657227,-0.01070431490503776,0.020102696168365998,-0.010704314905037737,89.39615485513495,6.006151738833466,3.4500835761379545,311.86793518066406,336.43264852525107,287.30322183607706,0.15753279240045467
2023-11-16,332.1424560546875,332.5300507945053,324.3803095154677,327.3519803996048,18932600,META,312.93038787841795,308.90668395996096,261.65835182189943,0.004448271390792069,0.01975947519504547,-0.006303659211995866,87.91504824346315,6.483315586228741,4.0567299781561115,312.93038787841795,339.10309278590773,286.75768297092816,0.16727493347599467
2023-11-17,332.9872131347656,333.4443862149523,327.33207342795106,328.2365014832876,14494400,META,314.2418014526367,309.64513122558594,262.3852207946777,0.0025433577209985625,0.019364300891772258,-0.0037763339513246473,86.52984392147309,6.850665996288512,4.615517181782592,314.2418014526367,341.70888479517936,286.77471811009406,0.17481495597066551
2023-11-20,337.88702392578125,339.7753766653028,332.14243887763337,332.8381621487933,16960500,META,315.53184509277344,310.2893591308594,263.14772018432615,0.014714711549697279,0.019278955007266903,0.0,90.4304645321478,7.4512739761452735,5.182668540655129,315.53184509277344,344.92843864940767,286.1352515361392,0.18633043867880258
2023-11-21,334.91534423828125,337.8174364978858,333.8419443818045,336.2570485629804,12027900,META,316.74586181640626,310.9914312744141,263.8976968383789,-0.008794891419543704,0.01940051285405399,-0.00879489141954367,81.20192454326418,7.599863911490104,5.666107614822125,316.74586181640626,347.27461598025275,286.2171076525598,0.1927649756102683
2023-11-22,339.3977355957031,340.8189972653128,336.5055610613419,337.13170600484096,10702700,META,318.8310073852539,311.71556762695315,264.6424557495117,0.013383654808699408,0.01623629367126295,0.0,84.95439355095165,7.9872420726914015,6.130334506395981,318.8310073852539,349.5769327724072,288.0850819981006,0.19286659499840933
2023-11-24,336.1576843261719,339.7654179309521,334.7066078709448,338.04603700845905,5467500,META,321.3097259521484,312.2425189208984,265.41171348571777,-0.009546472853875665,0.013170474644227449,-0.009546472853875663,77.26749616267162,7.941255151018254,6.492518635320436,321.3097259521484,348.945136808896,293.67431509540086,0.17201726947327586
2023-11-27,332.6493225097656,337.8174441798354,332.1523859839552,334.1202352145816,15684500,META,323.19659423828125,312.92610534667966,266.1908106994629,-0.010436655117489813,0.012817032611025332,-0.019883494726601048,70.69645424601455,7.534857558643466,6.700986419985043,323.19659423828125,348.2783111165403,298.1148773600222,0.15521027959698855
2023-11-28,336.9130249023437,337.3006499613328,331.35727803769555,331.35727803769555,12637200,META,325.00196380615233,313.65044006347654,267.0099609375,0.012817408917022322,0.012505271241427598,-0.007320940692189135,71.48944829093332,7.470711971334481,6.854931530254931,325.00196380615233,348.4418651948167,301.56206241748794,0.14424467541153163
2023-11-29,330.1646423339844,337.8174466899702,328.75332924473264,337.60874184014665,16024500,META,326.5389877319336,314.1897161865234,267.76913093566895,-0.020030043570786193,0.013605757590000317,-0.02720434550193164,61.7702946902218,6.796986625723719,6.843342549348689,326.5389877319336,346.7221917322987,306.3557837315685,0.12361895368484536
2023-11-30,325.1455993652344,331.4567000194309,320.42470183872075,329.8565787849226,23146400,META,327.29930114746094,314.73594970703124,268.5029571533203,-0.015201636775124094,0.01233351005461505,-0.041992431698030415,55.785453854448136,5.791301099595955,6.632934259398143,327.29930114746094,345.9359915426722,308.6626107522497,0.11388163879283507
2023-12-01,322.829833984375,324.8573130590916,318.79471204525896,323.48579380169986,15276400,META,327.9925262451172,315.3141839599609,269.2367335510254,-0.00712224119096283,0.012460275114666002,-0.048815592662244854,46.13885695590445,4.752639690058629,6.256875345530241,327.9925262451172,344.68812969828235,311.296922791952,0.10180477978750117
2023-12-04,318.0592956542969,318.8941455160356,311.7382765594453,315.34604118629704,19037100,META,328.2618682861328,315.7304180908203,269.97011276245115,-0.014777253611291119,0.012794059079343483,-0.06287148588058052,41.74320068787995,3.50415672816348,5.706331622056889,328.2618682861328,344.0668885337923,312.45684803847337,0.0962951946272532
2023-12-05,316.33984375,319.90784415875646,313.4576181335451,317.0256185423016,16952100,META,328.3856033325195,316.07747924804687,270.6927081298828,-0.005406073420239799,0.01285072703753176,-0.0679376714321103,32.030289297699824,2.348902896955167,5.0348458770365445,328.3856033325195,343.74862398267675,313.02258268236227,0.093566956006904
2023-12-06,315.5050048828125,320.2755832851544,315.0975133016453,319.9575366368389,11294300,META,328.3175216674805,316.44501342773435,271.41510482788084,-0.0026390569625723836,0.012684937645342054,-0.07039743700986882,33.896120308353304,1.3504245395438943,4.297961609538015,328.3175216674805,343.9058909665487,312.72915236841226,0.0949591067811246
2023-12-07,324.5889892578125,326.2288736913434,315.82302185306463,315.82302185306463,15905100,META,328.6559341430664,317.0184783935547,272.1876919555664,0.02879188676697564,0.014236891710367848,-0.04363242527796673,43.09589958158995,1.277399798956253,3.6938492474216624,328.6559341430664,343.56383410334377,313.74803418278907,0.09072040642837031
2023-12-08,330.7112731933594,331.1287132397736,321.0210104927275,321.1104554318306,14087400,META,329.26219787597654,317.5907507324219,272.9863188171387,0.01886165008106322,0.01477850405517392,-0.025593754734684573,48.10276000109899,1.6940167429387998,3.29388274652509,329.26219787597654,343.41278452559067,315.1116112263624,0.08595330251026412
2023-12-11,323.2870178222656,327.86878826016766,318.03936943973395,327.3817698509065,25802500,META,329.08876953125,318.0890777587891,273.7560237884521,-0.02244935680421445,0.014636231794359385,-0.04746854820690049,38.320879035033954,1.4088727037160993,2.916880737963292,329.08876953125,343.45212829647755,314.7254107660225,0.08729169813777919
2023-12-12,332.1722717285156,332.4207400057845,322.571453855172,322.6112172721031,18485500,META,329.3387283325195,318.63372009277344,274.57437896728516,0.027484103649144664,0.015914598854510555,-0.021289075056748777,47.995366494330106,1.8782089082000653,2.709146372010647,329.3387283325195,343.7356757273607,314.94178093767835,0.08742942239277228
2023-12-13,332.6890563964844,336.29682043546865,330.60194724752364,331.884021649177,16353300,META,329.2607086181641,319.3055780029297,275.368483505249,0.0015557730489650368,0.015151766602872794,-0.01976642297699432,44.795656789391586,2.265743356357973,2.620465768880112,329.2607086181641,343.56220070437627,314.9592165319519,0.08687032319302512
2023-12-14,331.1287536621094,332.6493784736908,326.6265091940465,331.8045801715669,19607300,META,329.2835693359375,319.8539990234375,276.1623399353027,-0.0046899731276868195,0.014989570708593747,-0.024363692112088556,45.99434889817127,2.419078180447684,2.5801882511936265,329.2835693359375,343.5960144710621,314.9711242008129,0.08693081871038004
2023-12-15,332.8679504394531,336.5850256635905,329.1906082963232,329.9558795687644,31776900,META,329.3198440551758,320.4529064941406,276.95937637329104,0.0052523278576963595,0.015002706561139903,-0.019239330353188925,50.17919210474184,2.6503838034348632,2.594227361641874,329.3198440551758,343.666434662907,314.97325344744456,0.0871286129075631
2023-12-18,342.508544921875,345.43053427983546,334.9551032504846,335.4123067172568,18993900,META,329.79591064453126,321.03313049316404,277.75134422302244,0.028962219011155366,0.016323371649061807,0.0,54.21472055874464,3.570452625701421,2.7894724144537832,329.79591064453126,345.2444778848465,314.347343404216,0.09368562035910989
2023-12-19,348.2133483886719,351.4335177061077,343.0054632952736,343.462636407215,17729400,META,330.3122268676758,321.66920959472657,278.5735753631592,0.016655944943207546,0.016411389977005746,0.0,63.81198954116974,4.705699385504261,3.172717808663879,330.3122268676758,347.49257574919983,313.1318779861518,0.10402490422134165
2023-12-20,347.1399841308594,352.7851758802444,345.6591229646782,346.5138392448475,16369900,META,330.9234588623047,322.2146466064453,279.39237770080564,-0.0030824902686223954,0.016269437909771072,-0.003082490268622393,67.9132404156936,5.455887027057031,3.6293516523425096,330.9234588623047,349.5982010249021,312.2487166997073,0.1128644202305878
2023-12-21,351.9205017089844,354.2262944451578,347.0703964124121,350.8173171913434,15289600,META,331.5495971679687,322.7368280029297,280.23279670715334,0.01377115226324066,0.016284033413136056,0.0,72.77827453990295,6.362817356134769,4.176044793100962,331.5495971679687,352.1600949227909,310.93909941314655,0.12432829314752897
2023-12-22,351.22479248046875,355.0114461673292,349.068074734513,353.4013464367252,11772800,META,332.3029525756836,323.3178460693359,281.086036605835,-0.0019768931481318752,0.01608985459510534,-0.0019768931481318804,77.73900347896668,6.945366395090332,4.729909113498836,332.3029525756836,354.65088496563635,309.95502018573086,0.1345033633720898
2023-12-26,352.6559753417969,354.7928267507616,351.2844559546684,352.8149986759421,9898600,META,333.3032852172852,324.11572692871096,281.9572657775879,0.004074834385182857,0.015809206084357465,0.0,80.52131118781575,7.436798418593469,5.271286974517762,333.3032852172852,357.43627266823955,309.1702977663308,0.14481097859699604
2023-12-27,355.6376037597656,356.80044865097256,353.13305442641285,353.8884077003798,13207900,META,334.23951416015626,324.84483215332034,282.8364956665039,0.00845477923656035,0.015696936064118226,0.0,82.55409530080725,7.974924368713459,5.812014453356902,334.23951416015626,360.3351529053014,308.1438754150111,0.15614933387343907
2023-12-28,356.1246337890625,359.6826863146204,355.6177487776216,357.4961835866546,11798800,META,335.53751373291016,325.52702758789064,283.6529624938965,0.0013694559409580531,0.014758357205256544,0.0,79.72654204854699,8.3445020884526,6.318511980376042,335.53751373291016,363.3084718315795,307.76655563424083,0.16553116693101072
2023-12-29,351.7912902832031,357.79429189534807,349.66441776440286,356.7904704261837,14987100,META,336.8697982788086,326.2622943115234,284.4292269897461,-0.01216805324516268,0.014566104025974129,-0.012168053245162685,70.56427844166979,8.193283417257192,6.693466267752273,336.8697982788086,365.0945271371684,308.6450694204488,0.1675705510115202
2024-01-02,344.16827392578125,350.996176270686,337.9267529843931,349.1674536739744,19042200,META,337.9367202758789,326.9277917480469,285.1316963195801,-0.021669144654732908,0.015487208229063777,-0.0335735265939597,70.29168987243794,7.3733326302042315,6.829439540242665,337.9367202758789,365.5330528479378,310.34038770381994,0.1633224856389109
2024-01-03,342.3594665527344,345.81815584543017,341.0773617664747,342.86635153742765,15451100,META,339.15172882080077,327.6398022460937,285.8714360809326,-0.005255590099617735,0.015041589399103286,-0.03865266799960101,61.47819784034627,6.502602136170992,6.764072059428331,339.15172882080077,365.1570814036,313.14637623800155,0.15335527065256266
2024-01-04,344.99322509765625,346.0169131758849,341.29601595802046,342.389282432488,12099900,META,340.5843978881836,328.2979437255859,286.61341217041013,0.007692962521064661,0.014904427503066978,-0.03125705900479644,63.2322081325062,5.956402548860353,6.602538157314736,340.5843978881836,364.3597163117569,316.8090794646103,0.13961484184826883
2024-01-05,349.79364013671875,351.3341312674623,344.1384999255131,344.8640078571411,13920700,META,342.29882965087893,329.0811163330078,287.3577734375,0.013914519734999686,0.01494960715307412,-0.017777466234177117,68.76495324493469,5.843528259367133,6.450736177725216,342.29882965087893,363.23512929412766,321.3625300076302,0.12232761452677068
2024-01-08,356.4624938964844,356.7805405358962,349.8929775931583,352.52676530820344,13890200,META,343.8925048828125,330.2564697265625,288.14715698242185,0.019065108665666575,0.01428795165756878,0.0,71.58181284257799,6.220489406447882,6.404686823469749,343.8925048828125,363.98825450562566,323.7967552599993,0.11687227454789198
2024-01-09,355.2400207519531,358.43037493472315,353.1826963531045,354.2163327704473,13463900,META,345.1189422607422,331.6296038818359,288.90821517944335,-0.003429457980749784,0.013999099919389815,-0.003429457980749729,63.76527449379781,6.3474213431275075,6.393233727401301,345.1189422607422,364.81758902697015,325.4202954945142,0.11415569737893647
2024-01-10,368.2001647949219,370.6550325399752,356.87993574330466,357.96328410212465,22117200,META,347.364599609375,333.0953680419922,289.725477142334,0.03648278146008277,0.014406778268852307,0.0,68.67918242925658,7.408391800157403,6.596265341952522,347.364599609375,366.82264960868076,327.9065496100692,0.11203242944840736
2024-01-11,367.4050598144531,370.49599040824944,360.70633490419993,369.8499789987696,17205400,META,349.12623901367186,334.4273565673828,290.55451637268067,-0.00215943678599817,0.013652783488684893,-0.00215943678599819,69.03825621653485,8.09178316491375,6.8953689065447685,349.12623901367186,369.1639422774267,329.088535749917,0.11478772446530533
2024-01-12,372.1954650878906,374.74972580582926,367.275812266384,367.8920086321384,19310000,META,351.1015594482422,335.8827825927734,291.4182415771484,0.01303848476081626,0.013735268244710087,0.0,69.04400728772885,8.917130288288604,7.299721182893536,351.1015594482422,372.08346029684526,330.11965859963914,0.11952040817805663
2024-01-16,365.2085876464844,373.3086470528875,364.9800162533216,371.3606643397932,15306900,META,352.80555114746096,336.98816772460935,292.223825378418,-0.01877206494108241,0.014628625277221514,-0.0187720649410824,61.74653964647151,8.904792309415598,7.620735408197948,352.80555114746096,372.4506351431726,333.16046715174934,0.11136493704148451
2024-01-17,366.1130065917969,366.2819783539216,356.41279602355684,364.0556821213397,12724800,META,354.4678039550781,338.1311212158203,293.0215575408936,0.002476444902735908,0.014639380426663356,-0.016342108022883706,61.40498347291264,8.865794067367176,7.869747140031794,354.4678039550781,372.5755694028259,336.36003850733033,0.10216874562769938
2024-01-18,373.8254699707031,374.5410597700138,368.6772149223667,369.2138845239013,16354300,META,356.03365020751954,339.3541815185547,293.8374775695801,0.021065800012686653,0.01405010760261247,0.0,64.27011651127042,9.34944444279904,8.165686600585245,356.03365020751954,375.1738032201572,336.8934971948819,0.10751878650504822
2024-01-19,381.1006774902344,382.0050753800212,375.6542416236057,376.6779297709729,21670800,META,357.67801666259766,340.6988922119141,294.6841583251953,0.019461508388129323,0.0141913940155854,0.0,67.70966548301448,10.202184858808891,8.572986252229974,357.67801666259766,379.45806952552647,335.89796379966884,0.12178580649799466
2024-01-22,379.44085693359375,387.9583563663196,378.8246604871784,385.57306708026704,17680500,META,359.2930603027344,341.95037658691405,295.5143405151367,-0.004355333523864302,0.014230543691209834,-0.004355333523864327,70.37798257250547,10.621614771576787,8.982711956099337,359.2930603027344,382.52491051661946,336.0612100888493,0.12931978254358883
2024-01-23,382.83990478515625,386.00041375357046,379.7389954417294,382.2634414403674,15506100,META,360.83903045654296,343.2507598876953,296.3776187133789,0.00895804389393251,0.014106626665269066,0.0,80.39372012656455,11.100333024478857,9.40623616977524,360.83903045654296,386.03703955184795,335.64102136123796,0.13966343421011757
2024-01-24,388.3062133789063,393.7228033115795,385.4339057011945,387.610490110571,15698500,META,362.69310150146487,344.6451641845703,297.24526992797854,0.014278314578564322,0.014193142022568305,0.0,84.14830365660427,11.78495646628835,9.881980229077863,362.69310150146487,390.25823727411193,335.1279657288178,0.152002536902598
2024-01-25,390.7710266113281,393.0668710954235,383.2971116570602,387.77948914058,15091100,META,364.5988540649414,345.92547302246095,298.13195388793946,0.00634760183457761,0.014193379698204505,0.0,84.10839581416691,12.38366413335467,10.382317009933224,364.5988540649414,394.4201198559566,334.7775882739262,0.1635839798097858
2024-01-26,391.72509765625,394.3588548981143,389.1907034445504,391.93380248242914,13163700,META,366.4032287597656,347.2165130615234,299.0278805541992,0.002441509170204803,0.014185380396554587,0.0,83.14215226561384,12.787720945798071,10.863397797106193,366.4032287597656,398.2404007351512,334.56605678438007,0.173782158433215
2024-01-29,398.56292724609375,400.46122825720647,390.6914703140472,392.5698744541917,18742400,META,368.5251434326172,348.5027825927734,299.95725105285646,0.017455684179429776,0.014426323102348,0.0,83.1870618410626,13.504028547377459,11.391523947160447,368.5251434326172,403.02357199083696,334.02671487439744,0.18722428671696648
2024-01-30,397.60882568359375,403.87021338411336,397.12183762461456,401.11719612269314,18614700,META,370.8160202026367,349.8415283203125,300.8502955627441,-0.002393854263095796,0.013945143510881925,-0.0023938542630957934,83.54052647625417,13.83523547756215,11.880266253240787,370.8160202026367,406.6931464040059,334.9388940012675,0.19350364734384312
2024-01-31,387.7496643066406,395.56149228401387,384.728281601652,386.61663441829495,20180800,META,372.9950897216797,350.95367248535155,301.6883791351318,-0.0247961331341241,0.014287751484163363,-0.02713062906820846,66.27507451598905,13.1505757776643,12.134328158125491,372.9950897216797,407.3177933259508,338.67238611740856,0.1840383669923479
2024-02-01,392.3611755371094,398.0461302206506,390.6417643552189,391.5263258699511,29727100,META,375.49517517089845,352.14115173339843,302.56258979797366,0.011893011535457854,0.014085063564185103,-0.015560282417223133,69.53480261240558,12.832167213192918,12.273895969138977,375.49517517089845,407.6370424262879,343.353307915509,0.1711972317128218
2024-02-02,472.0797424316406,482.9825308213264,450.2344325689633,456.7840522194359,84707600,META,381.84950103759763,354.82500610351565,303.840213470459,0.20317649111282043,0.046094595893851634,0.0,85.98027938129461,18.79578216750764,13.57827320881271,381.84950103759763,433.144076057861,330.55492601733425,0.2686638315927134
2024-02-05,456.5952453613281,469.0087106976629,456.40640704552834,467.0010979509387,40832400,META,387.1895812988281,357.25860412597655,305.05129753112794,-0.03280059633686727,0.04740844630561391,-0.03280059633686724,81.02020682085346,22.018702582885908,15.266359083627352,387.1895812988281,446.1041540799305,328.2750085177257,0.3043189983752835
2024-02-06,451.9339904785156,464.25801121326106,450.2245274832361,461.15713190335873,21655200,META,391.96315612792966,359.5093292236328,306.2521448516846,-0.010208724094627364,0.04770687684621636,-0.04267446819335231,78.40651004365753,23.921019298494798,16.997291126600842,391.96315612792966,455.6711197633529,328.2551924925064,0.3250711840611373
2024-02-07,466.71282958984375,468.6309972463656,453.3849887014917,455.19384488408633,23066000,META,397.5367965698242,362.12043212890626,307.52778076171876,0.032701322367189034,0.047739736848251564,-0.01136865736740235,79.37149144417546,26.317772901673266,18.861387481615328,397.5367965698242,466.9652340175095,328.10835912213895,0.3492931373737158
2024-02-08,467.1203308105469,467.706712266999,462.1807805672625,465.4506313755039,18815100,META,402.4828048706055,364.8098522949219,308.80595123291016,0.0008731305309546133,0.04754880768143517,-0.010505453158291147,78.43487208457752,27.92816088870211,20.674742163032683,402.4828048706055,477.0177602332576,327.9478495079534,0.37037584940611024
2024-02-09,465.2419128417969,470.6883482382959,464.6058498426156,470.0522852391146,18413100,META,407.37464752197263,367.3764300537109,310.1007689666748,-0.004021272132365916,0.04758172440423054,-0.014484480004633751,78.32168142118877,28.721745930733732,22.284142916572893,407.37464752197263,484.99462312027515,329.7546719236701,0.38107415898588004
2024-02-12,466.0270385742188,476.2142367136162,463.7212459599096,465.32139724444704,19382000,META,412.06622619628905,370.09367797851564,311.3903191375732,0.0016875644922578203,0.04764689567716777,-0.012821359006520552,77.9410239221306,29.078818361912,23.643078005640714,412.06622619628905,492.0404296643999,332.0920227281782,0.3881618942971311
2024-02-13,457.3008728027344,465.023285979823,452.3016924663456,454.07078532038025,20916600,META,416.67084045410155,372.7367834472656,312.4913317871094,-0.01872459117003511,0.047645268795934066,-0.031305875470914325,72.67743141101549,28.33108902722489,24.580680209957553,416.67084045410155,495.8865796007145,337.4551013074886,0.3802317390882504
2024-02-14,470.3802185058594,471.2051197614083,463.2342691140207,465.0629918187606,16858400,META,421.8842010498047,375.6877911376953,313.6489949798584,0.028601182462135943,0.04772052796370436,-0.0036000780652589623,74.45955459174658,28.46576639628364,25.35769744722277,421.8842010498047,500.813754533544,342.9546475660654,0.3741763891007686
2024-02-15,481.06439208984375,485.62626594797376,469.3267532855638,472.3680025243172,24212300,META,427.2461471557617,378.94789306640627,314.8458667755127,0.02271390922416372,0.04773555200270144,0.0,75.9004788563222,29.099185402715534,26.10599503832132,427.2461471557617,506.9951580655365,347.49713624598695,0.3733164661199417
2024-02-16,470.4200134277344,476.0254418261027,466.3351792976931,475.1806436421215,23324600,META,431.71211395263674,382.0294964599609,316.0090958404541,-0.02212672323525755,0.04837131477052876,-0.02212672323525751,70.38232445164266,28.414714982826183,26.567739027222295,431.71211395263674,510.5793957950723,352.8448321102012,0.3653697883079931
2024-02-20,468.8595581054688,473.26240793774696,463.7013551351581,466.8419972562567,18015500,META,436.1830490112305,385.0965875244141,317.175504989624,-0.0033171533474846138,0.04835386217350747,-0.02537047884869343,70.14104938868017,27.43015380213012,26.740221982203863,436.1830490112305,512.6760370359899,359.69006098647105,0.3507380133095908
2024-02-21,465.6559448242188,466.6210257722033,459.4476065641492,464.13370687149865,12921800,META,440.32385101318357,387.91792663574216,318.343338470459,-0.006832778016075625,0.04852851040541658,-0.03202990601463443,72.88348023761654,26.090620720150298,26.610301729793154,440.32385101318357,513.5550314701632,367.092670556204,0.33262418235339697
2024-02-22,483.66412353515625,487.5045292150567,473.6451960516841,477.8039858272761,21625800,META,445.0917465209961,390.97698364257815,319.60489028930664,0.03867271300001418,0.04892423407166514,0.0,74.86185939981821,26.180349846877334,26.524311353209992,445.0917465209961,516.4562158665101,373.7272771754821,0.3206730742743511
2024-02-23,481.5748291015625,491.8524183640176,479.903357937024,485.5744273230188,18374300,META,449.63193664550784,394.1427398681641,320.8535606384277,-0.00431972174889228,0.049047860032956345,-0.004319721748892307,54.47918457203189,25.78563151730981,26.376575386029955,449.63193664550784,517.9334720052004,381.33040128581524,0.30381087192897455
2024-02-26,479.29638671875,483.67409221525327,478.1621851039499,481.017622305456,12101400,META,454.0105010986328,397.08522216796877,322.09034187316894,-0.0047312322927326456,0.049143970704782235,-0.009030516434590937,62.23317112799859,25.000769826657233,26.101414274155413,454.0105010986328,517.7576410424856,390.26336115478,0.28081790967211073
2024-02-27,484.5794982910156,484.798383587851,477.4856896731583,477.54538290295136,10809600,META,458.3113296508789,400.1230310058594,323.35497978210446,0.011022640100489145,0.04912174763681269,0.0,67.4748641024686,24.522385438586923,25.78560850704172,458.3113296508789,517.7696784707824,398.8529808309754,0.2594670695363181
2024-02-28,481.5648193359375,488.5591587618415,480.3012722845568,482.5398592605076,12715500,META,462.5091293334961,403.13175231933593,324.59107734680174,-0.006221226786750411,0.04918348935414564,-0.006221226786750377,59.095703841924234,23.627638261333857,25.35401445790015,462.5091293334961,515.4165017418187,409.6017569251735,0.22878412144886892
2024-02-29,487.6438598632813,489.2059034516527,480.16198502612906,485.96242982330085,17732000,META,467.50383911132815,406.2272705078125,325.867409286499,0.012623514599190644,0.0484702007889246,0.0,61.752656915004266,23.142302386620713,24.911672043644263,467.50383911132815,508.13047624921506,426.87720197344123,0.17380236797675738
2024-03-01,499.7520751953125,501.6921959813033,489.3551009528809,489.6137614583092,16273600,META,472.8733840942383,409.37214111328126,327.17918708801267,0.024830037510214842,0.04854747229093731,0.0,67.6894962940298,23.464221059567308,24.622181846828873,472.8733840942383,496.52380253680104,449.22296565167557,0.10002854564489287
2024-03-04,495.6629943847656,501.86140439982125,493.9019834245991,500.44859381709546,12324100,META,474.0525466918945,412.3211340332031,328.47071823120115,-0.008182218771075167,0.019062645754025772,-0.008182218771075209,64.693352555065,23.122843532862873,24.322314184035676,474.0525466918945,499.79542049738524,448.3096728864038,0.10860768066803374
2024-03-05,487.7333679199219,493.0661648294916,485.4152001681584,492.4891202300566,15325300,META,475.60945281982424,415.13300170898435,329.70436363220216,-0.01599801993426253,0.017744487223176023,-0.024049339406331607,65.20839459117181,21.95931152434207,23.849713652096955,475.60945281982424,500.66405524097456,450.5548503986739,0.10535788249205294
2024-03-06,493.5736389160156,500.4187457934719,491.78278134674736,495.1058359510092,11757900,META,477.6914352416992,417.966064453125,330.9455439758301,0.011974310925252585,0.0175377405657942,-0.012363002748677384,62.49476372135174,21.263354371778064,23.332441796033176,477.6914352416992,501.34340160354077,454.0394688798576,0.09902612698037722
2024-03-07,509.5919494628906,517.2130678544032,498.836784966678,500.7271412584095,18586400,META,479.83539123535155,421.13340759277344,332.2728288269043,0.03245373999724599,0.01751690733499612,0.0,64.53312131479686,21.753585314428506,23.01667049971224,479.83539123535155,506.8340491558994,452.8367333148037,0.11253299949817758
2024-03-08,503.3836059570313,520.9142245261355,496.8170780559179,511.5817992511409,18597100,META,481.64855499267577,424.1479602050781,333.5557540130615,-0.012182970143862937,0.017900190625405665,-0.01218297014386296,67.58796252724538,21.39451280675638,22.69223896112107,481.64855499267577,509.89372286606425,453.4033871192873,0.11728538404446369
2024-03-11,481.1369934082031,494.7973591218226,473.58549721174256,494.48893402114817,20428300,META,482.4433090209961,426.6579479980469,334.7352977752686,-0.04419415389290038,0.020846826332321333,-0.05583870797935288,55.3661610940749,19.09471752982182,21.972734674861222,482.4433090209961,509.61896094541896,455.2676570965732,0.1126584260420956
2024-03-12,497.2150268554688,499.7620388711688,482.27122647367446,490.7579569831796,15448200,META,484.0027084350586,429.479755859375,335.9829574584961,0.03341674755327917,0.022005900349041457,-0.024287908434320993,62.398355658801115,18.357858171551527,21.249759374199286,484.0027084350586,510.7885116463654,457.2169052237518,0.11068451785286164
2024-03-13,493.0563049316406,498.4388671849716,488.53932487951096,492.8772252409333,12090700,META,485.7904800415039,432.30505615234375,337.19253005981443,-0.008364031051372511,0.02157353384427201,-0.032448794665376,54.14037811389695,17.239590450532432,20.447725589465918,485.7904800415039,509.68975768752034,461.8912023954874,0.09839335527519849
2024-03-14,489.3352355957031,498.8069659240357,485.6838682512892,497.72249846706455,12620000,META,486.7382308959961,435.20839538574216,338.33703384399416,-0.007546946056096737,0.02090722081235734,-0.03975085141854783,53.37251911434122,15.870154762530603,19.532211424078856,486.7382308959961,509.54269947797087,463.9337623140213,0.09370321513473857
2024-03-15,481.64447021484375,489.3352413379618,478.85865464208615,486.5295685060508,29153600,META,486.7672348022461,437.99409545898436,339.4406983947754,-0.015716761887168973,0.020685973065476124,-0.05484285863915921,50.97458445072814,14.002870249953105,18.426343189253707,486.7672348022461,509.542776236688,463.9916933678042,0.09357877772399646
2024-03-18,494.4591064453125,494.8968769978538,484.3406798670799,489.4148164622424,11755300,META,487.969189453125,440.9834130859375,340.59750350952146,0.02660600717527717,0.0207797873187937,-0.029696000954348132,53.859300146225074,13.402571368171095,17.421588825037187,487.969189453125,509.62187597321747,466.31650293303255,0.08874612163263412
2024-03-19,493.7228698730469,494.1109062169702,478.8387612565911,485.6938270969866,10903100,META,489.2123550415039,443.86199768066405,341.7114192199707,-0.0014889736333474346,0.02075593419851383,-0.031140758025258727,54.835408353175666,12.720784752825807,16.48142801059491,489.2123550415039,509.02198626542224,469.4027238175855,0.08098581738491763
2024-03-20,502.9557495117188,505.62217834385024,492.6582739590509,496.96629676558456,11711100,META,491.0773452758789,446.79186279296874,342.87149932861325,0.01870053060545085,0.02091746201424523,-0.013022576118336182,55.94069862824255,12.778181253257628,15.740778659127455,491.0773452758789,508.418593525638,473.73609702611975,0.0706253237563509
2024-03-21,505.1844177246094,512.4274586427936,503.4432945285819,512.0991762768015,9712500,META,492.1533599853516,449.7907507324219,344.04878509521484,0.004431141735737665,0.019272648986004965,-0.008649139263143351,52.2826262300371,12.85531522068402,15.16368597143877,492.1533599853516,510.2135646527266,474.0931553179766,0.07339258912267725
2024-03-22,506.9952087402344,507.3832450903792,501.7817976709655,504.4283088124105,8120600,META,493.4243789672852,452.5666516113281,345.23646667480466,0.0035844158134983317,0.019209497309657746,-0.005095725561193053,54.85465350386819,12.913699062840749,14.713688589719167,493.4243789672852,511.9226155190008,474.9261424155696,0.07497901336140529
2024-03-25,500.4684448242188,504.647152675605,497.7025474521958,503.2244135674405,8380600,META,494.4829818725586,455.22791931152346,346.4288841247559,-0.012873423266135164,0.01946104365372149,-0.017903549395330877,55.522003563803786,12.291623195870159,14.229275510949366,494.4829818725586,511.9727291569198,476.99323458819737,0.07073953169481892
2024-03-26,493.3746337890625,507.4130468442872,492.6980599842247,502.5677545687402,11205400,META,494.92273864746096,457.65150268554686,347.58096282958985,-0.014174342275761087,0.019683937365067645,-0.0318241206340115,49.914638172406015,11.098278280813872,13.603076064922268,494.92273864746096,511.795421105641,478.0500561892809,0.06818309663560909
2024-03-27,491.35491943359375,497.3543618813131,485.59431061422856,496.7673278906444,9989700,META,495.41224365234376,460.17442932128904,348.72110397338867,-0.004093672874824539,0.019648097008636792,-0.035787515969431395,41.10970309591103,9.87572851808767,12.857606555555348,495.41224365234376,511.18542699725447,479.63906030743306,0.06367700252470772
2024-03-28,483.1169128417969,490.389861263491,482.6891012766324,490.3400966676568,15212800,META,495.1858963012695,462.5145074462891,349.78974212646483,-0.016765898266151824,0.019846016765159517,-0.05195340438364148,40.31198348614483,8.1481835511579,11.91572195467586,495.1858963012695,511.54741049276333,478.8243821097757,0.06608231096121338
2024-04-01,488.857666015625,494.9068122620951,479.33620191436194,484.7287226859957,9247000,META,494.6411758422852,464.8151513671875,350.8857420349121,0.011882741053422796,0.019183984552029958,-0.04068801218135321,54.382221612500125,7.1597889322315496,10.964535350186997,494.6411758422852,511.0877915416331,478.19456014293723,0.06649917759613243
2024-04-02,494.8471374511719,495.0063295113159,482.1916571161402,482.6393866829691,11081000,META,494.60038299560546,467.09008056640624,352.0016015625,0.01225197404464029,0.01932088118504904,-0.02893454660588686,48.48216671576719,6.7816052406693075,10.12794932828346,494.60038299560546,511.0403732231826,478.1603927680283,0.0664778709955961
2024-04-03,504.1696166992188,504.6670805134186,496.22015466439456,496.3992343504389,12099200,META,495.4221954345703,469.58465576171875,353.12193359375,0.01883910917635001,0.01936396434809619,-0.010640538512013291,56.68139961140256,7.15169778426764,9.532699019480297,495.4221954345703,512.0589011919352,478.7854896772054,0.06716172957399152
2024-04-04,508.3284301757813,527.3116357014082,507.9901280675933,513.8005016929203,26476300,META,496.1599349975586,472.09442626953125,354.2671841430664,0.008248837968043654,0.01927904733464649,-0.002479472622048025,61.35905113616248,7.691912700781074,9.164541755740453,496.1599349975586,513.7336799982446,478.58618999687263,0.07083903298549273
2024-04-05,524.6651000976562,528.0080419587476,511.80063394861423,514.2382184944101,19263300,META,496.91359252929686,474.82160400390626,355.4775700378418,0.032138021310800235,0.019252609067873495,0.0,73.3174917081233,9.330711017164504,9.197775608025264,496.91359252929686,517.8784195633275,475.9487654952662,0.08438017131839526
2024-04-08,516.6161499023438,528.7940538594455,516.2579905449139,526.5953027550338,13260600,META,497.5752197265625,477.33850646972655,356.6610786437988,-0.015341119875925346,0.01938440677455428,-0.015341119875925317,62.663482025872476,9.866255425905308,9.331471571601273,497.5752197265625,520.1715098366544,474.9789296164707,0.09082562480707715
2024-04-09,514.278076171875,523.2025471694348,504.1695782322722,519.5809963042401,10863800,META,499.2322738647461,479.78956604003906,357.8167962646484,-0.0045257464965249294,0.016239730402977656,-0.019797436352919046,61.53674081458225,9.98689253772011,9.46255576482504,499.2322738647461,521.6125617732183,476.85198595627395,0.08965881847027997
2024-04-10,517.1932373046875,519.9093702519839,503.2343737666547,506.7066917775848,11418500,META,500.231184387207,482.16217224121095,358.967957611084,0.005668453056587586,0.01465362191548305,-0.014241204134938663,58.60082753657065,10.200146518680015,9.610073915596036,500.231184387207,523.9742724237208,476.48809635069324,0.0949284601902599
2024-04-11,520.5062866210938,521.202748072992,514.6660665779463,518.4666972249036,10369500,META,501.6036834716797,484.62012145996096,360.186669921875,0.0064058248976184284,0.014470983534534663,-0.00792660589733988,59.136201863463675,10.515273696881252,9.79111387185308,501.6036834716797,526.733508028949,476.4738589144104,0.10019792671115071
2024-04-12,509.3034057617188,517.5513636364286,506.7464346762261,515.123737990224,11984500,META,502.60209197998046,487.0511962890625,361.30673080444336,-0.021523046209680374,0.015310616081512072,-0.029279047402005893,51.23771084940662,9.748658925244001,9.782622882531264,502.60209197998046,527.2618734700061,477.9423104899548,0.09812844746777488
2024-04-15,497.692626953125,515.899819616972,494.7575784901864,514.0989424271244,13512900,META,503.40449981689454,489.1578253173828,362.3774836730957,-0.02279737122752723,0.015818043607944324,-0.051408933316721174,48.58849943141468,8.110723014868313,9.448242908998674,503.40449981689454,526.1641209401848,480.6448786936043,0.09042279571028353
2024-04-16,497.2250061035156,502.2095725224191,494.5884237845849,495.5833513425876,9847900,META,503.5427947998047,489.6607305908203,363.4645832824707,-0.0009395776113304555,0.014700433495621638,-0.052300208245284814,52.09938417354293,6.697706914578134,8.898135710114566,503.5427947998047,526.1063203263803,480.9792692732291,0.08961909795788575
2024-04-17,491.663330078125,500.6077184786749,484.66899105237246,500.5480252584204,12193700,META,503.43981781005857,490.3620922851562,364.4967913818359,-0.011185431056604522,0.014923567117483737,-0.06290063892831563,50.16190489617325,5.070649410449789,8.132638450181611,503.43981781005857,526.2098993862857,480.66973623383143,0.0904580081697788
2024-04-18,499.254638671875,509.611868602869,496.50865924631546,497.2847015304836,14808700,META,503.25476226806643,491.3085052490234,365.5717268371582,0.015440054462763753,0.014723814760509765,-0.04843177375634778,58.52966197245802,4.343678553891152,7.37484647092352,503.25476226806643,526.1014384626787,480.40808607345406,0.0907956681488598
2024-04-19,478.62982177734375,500.2495788202588,473.31691210394206,500.2495788202588,25215400,META,501.9270324707031,491.5468450927734,366.5020440673828,-0.04131121735673349,0.01728554436349497,-0.08774221558046061,45.32897300569923,2.079329343589052,6.315743045456627,501.9270324707031,527.2533957191632,476.600669222243,0.10091651419447455
2024-04-22,479.2864685058594,489.5143226955656,470.99870485706737,487.23593006211394,17271100,META,500.5415954589844,491.7901678466797,367.44747131347657,0.0013719302447081638,0.017251240625638365,-0.08649066153504496,42.52960660487489,0.3339525862983237,5.119384953624967,500.5415954589844,527.6681496266158,473.41504129135296,0.10838881089495479
2024-04-23,493.5835876464844,496.2300987018033,486.489749011737,488.7581827216131,15079200,META,500.19735260009764,492.35700134277346,368.47163940429687,0.02983000789735457,0.018517369497636896,-0.05924067075432815,45.14952201783058,0.10319736503731747,4.116147435907437,500.19735260009764,527.5019721382306,472.8927330619647,0.10917538605992064
2024-04-24,490.9967651367188,507.41307035405583,482.121997683844,505.4829084025101,37772700,META,500.07845916748045,492.85639587402346,369.46513275146486,-0.00524090057795501,0.01827708261649875,-0.06417109686668836,41.942626090657576,-0.2851260126845432,3.2358927461890414,500.07845916748045,527.5284875762889,472.62843075867204,0.10978288668744743
2024-04-25,439.1411437988281,443.5088601229877,412.39748536624825,419.2624796532268,82890700,META,497.4677703857422,492.49320129394533,370.17852661132815,-0.10561295922886871,0.02987015184160984,-0.16300675665850367,20.111259594700243,-4.722749437994253,1.6441643093523828,497.4677703857422,536.075341565387,458.8601992060974,0.15521637170467573
2024-04-26,441.0414733886719,444.17548932065966,429.7689264453605,439.2207388400173,32691400,META,495.36399841308594,491.90642639160154,370.8465104675293,0.004327377693205348,0.029811062535953718,-0.15938477076790405,22.402269663136707,-7.99410617785918,-0.28348978808992986,495.36399841308594,541.1772333984277,449.5507634277442,0.18496796348586447
2024-04-29,430.4255981445313,437.5293961901624,426.3861942858407,437.3303985136349,21502600,META,492.4423950195313,490.89365051269533,371.4411898803711,-0.02407001582543966,0.029880243811009018,-0.17961839263862622,21.125121482064372,-11.312884484375786,-2.4893687273471015,492.4423950195313,546.6806559653819,438.2041340736808,0.220282662477504
2024-04-30,427.9880065917969,437.3900539204108,427.5402770397191,428.8635173495727,18429500,META,489.09943847656257,490.0450103759766,372.0462420654297,-0.0056632123257592815,0.029574365174252538,-0.1842643878692614,19.18051644207239,-13.978596905547136,-4.7872143629871085,489.09943847656257,550.4844627894759,427.7144141636493,0.25101245057289034
2024-05-01,436.9622497558594,447.6776089468688,424.9435074909519,426.4259702436035,20344900,META,485.73907012939463,489.40706420898437,372.6874691772461,0.0209684454373551,0.029675172863979405,-0.16715968019499045,22.22297307032545,-15.191923742031975,-6.868156238796082,485.73907012939463,550.8929938137594,420.58514644502986,0.26826717343123585
2024-05-02,439.4396057128906,441.7080393780206,430.08729254482085,436.6140150326607,15221300,META,482.29462890625007,488.8827374267578,373.3339768981934,0.005669496526108153,0.029612367994388104,-0.16243789489505314,25.340645946017545,-15.7717847627394,-8.648881943584747,482.29462890625007,549.6663207994591,414.92293701304106,0.27937981414387647
2024-05-03,449.66748046875,451.8662923791261,441.59863201175546,443.6680681101772,16489100,META,478.54474792480477,488.2028045654297,374.0119451904297,0.02327481324599079,0.029059833875466567,-0.14294379331681656,32.881775113738016,-15.230457550430401,-9.965197064953879,478.54474792480477,544.3163302770475,412.773165572562,0.27488163912553343
2024-05-06,463.3179016113281,463.7954778148022,451.0404980314335,453.2691262554144,15094600,META,475.879835510254,487.837666015625,374.825202331543,0.03035670075218344,0.030166685829977738,-0.1169263945227337,38.952296330000465,-13.543851836530393,-10.680928019269182,475.879835510254,539.4382131532303,412.3214578672777,0.2671194402461997
2024-05-07,465.8648681640625,469.1381883182669,458.9700275019807,463.9247776514501,13406800,META,473.4591751098634,487.56903564453125,375.6922410583496,0.005497233203976215,0.03025770809322276,-0.1120719329771491,41.42583467282902,-11.86491439452135,-10.917725294319617,473.4591751098634,534.4977353992261,412.42061482050065,0.2578408593526532
2024-05-08,470.2027893066406,473.1676541191448,460.6514782847675,461.1489420842111,11683900,META,471.10965270996104,487.28150146484376,376.59413848876954,0.009311543838181002,0.030332869780544332,-0.10380395185591441,40.131147772111305,-10.068249875653123,-10.747830210586319,471.10965270996104,528.572928841174,413.64637657874806,0.24394862555104663
2024-05-09,473.0085144042969,473.66513993083015,465.25801954720487,467.6159932081027,9437700,META,468.7347640991212,487.1103753662109,377.49585205078125,0.005967053283102652,0.03032488094035044,-0.09845630228453256,47.82743872506524,-8.322050317460025,-10.26267423196106,468.7347640991212,521.3213539615025,416.14817423673986,0.22437674305403588
2024-05-10,473.7845153808594,475.0779090614647,467.2179874238937,474.6699851190511,10750000,META,466.9588195800782,486.8331884765625,378.3810713195801,0.0016405644992243396,0.030074435091858916,-0.09697726169956118,47.87552755941142,-6.797203858438138,-9.569580157256478,466.9588195800782,516.0602517199761,417.85738744018033,0.21030305063754148
2024-05-13,465.6360778808594,470.9489876451585,460.50224779829614,470.3520250099245,14668800,META,465.3559921264649,486.15086853027344,379.16025115966795,-0.01719861505699427,0.029907604208592373,-0.11250800216330334,38.670649864263154,-6.175080377911797,-8.890680201387543,465.3559921264649,512.2776898218605,418.4342944310693,0.20165936826550698
2024-05-14,469.4565734863281,470.1430759291589,457.7462567171564,461.0195768787777,10478600,META,463.96757049560557,485.6267401123047,379.89010482788086,0.008204896027077746,0.030008533143980925,-0.1052262225961897,41.35451899514681,-5.3125215300213995,-8.175048467114314,463.96757049560557,508.5012799456381,419.43386104557305,0.19196906112408696
2024-05-15,479.097412109375,480.05253403821496,468.8098650752812,472.57068993054094,13100500,META,463.33927459716807,485.45402099609373,380.702352142334,0.020536167065360322,0.03035720631846566,-0.08685099881772144,74.2570610740058,-3.807116257271332,-7.301462025145717,463.33927459716807,506.56306303104776,420.1154861632884,0.18657511160243817
2024-05-16,470.8296203613281,475.26698915633017,470.35204416113936,472.59063136232936,16608200,META,461.9180236816407,484.999140625,381.45283615112305,-0.01725701608707375,0.030315002145954482,-0.10260922582101933,66.78630292657692,-3.2438206843652893,-6.489933756989632,461.9180236816407,501.9185454703162,421.9175018929652,0.17319316301995746
2024-05-17,469.5162658691406,470.4017356039655,466.04397842016175,468.4417271071665,10807300,META,461.46234588623054,484.197626953125,382.2384963989258,-0.0027894474675990155,0.0289084257032927,-0.10511245024349959,74.60853554466127,-2.870294645888407,-5.766005934769387,461.46234588623054,500.86444180877254,422.06024996368853,0.17077057867796755
2024-05-20,466.46185302734375,470.79975315837737,464.67099548981895,467.566238453616,11745100,META,460.82111511230477,483.4591918945313,383.0144502258301,-0.006505446272756288,0.028934602356298505,-0.11093409311859907,74.0335845777679,-2.788592994622377,-5.170523346739985,460.82111511230477,499.4109057203197,422.23132450428983,0.16748273610947875
2024-05-21,462.273193359375,468.3124108872855,459.9251485479307,464.7505532478491,11742200,META,459.2555953979493,483.0819158935547,383.78168533325197,-0.00897964033025267,0.028050450073169416,-0.118917585192284,66.8165046429497,-3.0269409850112083,-4.74180687439423,459.2555953979493,494.65788077235516,423.8533100235435,0.1541724727108852
2024-05-22,465.4071960449219,471.31706796755446,463.2879955603807,465.4967358785644,10078600,META,457.9761169433594,482.44575927734377,384.53561904907224,0.006779546663244318,0.028125836733877873,-0.11294424584693105,67.10354192981427,-2.929179897323422,-4.379281478980069,457.9761169433594,490.26063377350533,425.69160011321344,0.1409877748456423
2024-05-23,463.4173583984375,471.9538235168064,459.1988752536079,470.4813501579098,11747900,META,459.18992767333987,481.8529803466797,385.299083404541,-0.004275476751099294,0.01422086273078827,-0.11673683210074134,60.15877740048792,-2.9779389725317174,-4.099012977690398,459.18992767333987,490.2967446398534,428.08311070682635,0.1354856241038562
2024-05-24,475.7943115234375,477.4160484834516,463.934760338372,465.2480721497337,12024300,META,460.9275695800781,481.58216186523435,386.16135513305665,0.026708004999585144,0.015195393813977217,-0.09314663499653855,59.394689225913105,-1.9948686086917178,-3.678184103890662,460.9275695800781,491.646029573315,430.20910958684124,0.1332897488480566
2024-05-28,477.4856872558594,478.42089130547726,472.4314378318961,474.1626022126959,10175800,META,463.2805740356445,481.49898620605467,387.0294497680664,0.003554846477685558,0.013700279453447426,-0.08992291050617877,58.86465484529555,-1.0669986799208573,-3.1559470190967014,463.2805740356445,491.24777804636966,435.3133700249194,0.12073549195945074
2024-05-29,471.9538269042969,477.41599990303325,471.2972014282152,472.2523233925684,9226200,META,465.4788650512695,481.0488806152344,387.89025939941405,-0.011585395121169961,0.014009974348773366,-0.10046651317868902,51.31184017032111,-0.7691635366503533,-2.6785903226074317,465.4788650512695,488.18194486367753,442.7757852388615,0.09754719931229282
2024-05-30,464.680908203125,469.3371922942102,462.3527813389723,469.2774990691893,10719600,META,466.8647979736328,480.4680413818359,388.69209396362305,-0.015410233557967667,0.014187246671103961,-0.11432853430381848,44.152531876403856,-1.1072273688066048,-2.3643177318472666,466.8647979736328,485.20265006917236,448.5269458780932,0.07855744179099682
2024-05-31,464.4620361328125,466.7404288285039,452.1547866322656,463.4372619237708,16919800,META,468.1159194946289,479.6981671142578,389.51390426635743,-0.00047101584431097354,0.014196861717559071,-0.11474569959701554,43.4023324735978,-1.3769340991099739,-2.166841005299808,468.1159194946289,481.2519758221492,454.9798631671086,0.05612309165516861
2024-06-03,475.0679321289063,477.16724498616594,465.8648525627034,468.4715578088158,11279400,META,469.38594207763674,479.09583740234376,390.42680923461916,0.022834796325659434,0.014163875431434858,-0.09453109795089933,56.450695218149804,-0.7264968528032796,-1.8787721748005024,469.38594207763674,479.59808464562707,459.1737995096464,0.04351277553302281
2024-06-04,474.5704956054688,476.46088229346,470.8295885597358,474.5804545973361,7088700,META,469.9485717773438,478.4473431396484,391.38294540405275,-0.0010470850373089924,0.012608887036234782,-0.09547920088998355,53.664096866692454,-0.24829740126676825,-1.5526772200937557,469.9485717773438,479.99158193408465,459.9055616206029,0.042740890215958095
2024-06-05,492.548828125,494.1307592784222,481.4553920679607,481.9926614439767,15690500,META,471.28276977539065,478.28895080566406,392.43811676025393,0.03788337599157732,0.015027255854887551,-0.06121289936509676,58.60926945355507,1.5633588646148837,-0.9294700031520279,471.28276977539065,485.3322164219855,457.2333231287958,0.059622152761030035
2024-06-06,491.2554321289063,500.2694732170991,488.3999949456256,490.4793898618029,10667300,META,472.3354019165039,478.24656677246094,393.4537750244141,-0.0026259244205641963,0.014996025904633519,-0.06367808333836457,64.35459207199253,2.861754732900806,-0.1712250559414611,472.3354019165039,488.9623819745665,455.7084218584413,0.0704032769536161
2024-06-07,490.4595031738281,496.3793345628318,487.68367701982754,493.39455175078575,9380700,META,473.2079513549805,478.2286584472656,394.4768830871582,-0.001620193697663419,0.014994297233116339,-0.0651951062067239,64.82604562737643,3.7829109554217553,0.6196021463311823,473.2079513549805,491.70956623929777,454.7063364706632,0.07819655114137407
2024-06-10,500.0506286621094,500.1103218903797,490.90724139106936,491.3549406030967,11220900,META,474.521257019043,478.56733276367186,395.5149502563477,0.0195553871955092,0.01550326539625957,-0.04691463455633959,71.76380559164278,5.226608479762092,1.5410034130173644,474.521257019043,496.58180905631957,452.4607049817664,0.09298024782224358
2024-06-11,504.8958740234375,505.02521946016685,495.7425286175577,497.6229562202623,9673700,META,476.4842468261719,478.88809692382813,396.6144641113281,0.009689509588842293,0.01482753807928577,-0.03767970476888798,77.38430891216457,6.684663338427981,2.569735398099488,476.4842468261719,501.9412370236248,451.027256628719,0.10685343898363958
2024-06-12,506.2589416503906,511.4027305527573,501.9111130225961,511.3828125691555,11983200,META,478.324365234375,479.1163330078125,397.7270051574707,0.002699700467130084,0.01479954934662332,-0.035081728218323796,76.85768514654426,7.859570251060745,3.6277023686917396,478.324365234375,506.785606492462,449.863123976288,0.11900393677056875
2024-06-13,501.5429992675781,506.7762976929087,498.8168770510516,503.1448180976174,9954600,META,479.44664459228517,479.06380065917966,398.79231201171876,-0.009315277212563755,0.014534642526237549,-0.04407020940743799,74.1980445562869,8.314313080835745,4.565024511120541,479.44664459228517,509.74695847643477,449.14633070813557,0.1263970213407858
2024-06-14,502.1007385253906,505.07851600467984,498.7046631828752,500.5968964653429,10243300,META,481.0102005004883,478.9392468261719,399.82199447631837,0.0011120467410112855,0.013788964610999235,-0.043007170799174,69.64364252225383,8.62033508962071,5.376086626820575,481.0102005004883,512.6365671679981,449.3838338329784,0.1314997754085166
2024-06-17,504.5606384277344,508.6638051304805,493.9840214394314,499.6209064121598,11266600,META,482.76241912841795,478.53715759277344,400.8783381652832,0.0048992158616778525,0.013716966092114771,-0.03831865635084136,69.98810435722976,8.958089817036694,6.092487264863799,482.76241912841795,515.5686629713723,449.9561752854636,0.13591051226474066
2024-06-18,497.4497680664063,503.9331869763641,492.9980250606016,502.4990663843649,13060400,META,484.3118148803711,478.15382995605466,401.89520141601565,-0.014093192809265354,0.014113124553559503,-0.0518718169479623,68.39356929267245,8.55337705536732,6.584665222964504,484.3118148803711,516.8020822047104,451.8215475560319,0.13417086400159203
2024-06-20,499.6507263183594,501.6126807070832,494.74084071063913,499.9494887560641,11801200,META,486.1806915283203,477.86128295898436,402.9206346130371,0.004424483421729741,0.013813654654638855,-0.047676839520373916,77.22034375010398,8.314395042188266,6.930611186809257,486.1806915283203,517.6162073240605,454.74517573258015,0.12931618364736738
2024-06-21,492.759033203125,501.3936333184264,490.3788111395844,501.3936333184264,22359200,META,487.5482833862305,477.37259887695313,403.89287490844725,-0.013793021309135955,0.014350142379678396,-0.06081225316605308,69.95344949726666,7.482642788571297,7.041017507161665,487.5482833862305,517.5245570501603,457.5720097223007,0.12296740522079906
2024-06-24,496.8721618652344,505.72583407389845,492.2710375245037,497.1609858447437,13525300,META,489.2210235595703,476.89991638183596,404.8905505371094,0.008347140052151758,0.01429280828984051,-0.05297272150796529,66.92486958383849,7.073825585266775,7.047579122782688,489.2210235595703,517.1943666733089,461.2476804458318,0.11435871218372669
2024-06-25,508.5143737792969,508.6239098770371,493.4760462117173,495.0197028166631,12063200,META,490.8570266723633,476.8841357421875,405.9489221191406,0.023431000582439854,0.01403017782348527,-0.030782924794031906,72.46167609408164,7.60163726715831,7.158390751657812,490.8570266723633,519.346505012541,462.36754833218566,0.11608055621945408
2024-06-26,511.0240783691406,511.7112623905147,502.6185504027867,504.58050485355017,8882300,META,492.53394622802733,477.1507647705078,407.0237182617187,0.004935366076658898,0.01403425335653648,-0.025999483720141884,65.37274911518652,8.12874094797644,7.352460790921538,492.53394622802733,521.6508263344614,463.41706612159334,0.11823298811957968
2024-06-27,517.4378051757812,520.7442516133123,511.8009507315939,512.1494968088584,10121200,META,494.8081451416016,477.5550207519531,408.0825291442871,0.012550733083084964,0.013703292843026954,-0.01377506321752634,70.07504532389383,8.960715019255701,7.67411163658837,494.8081451416016,524.2601100444011,465.3561802388021,0.11904397771936882
2024-06-28,502.1604919433594,519.7483625260749,501.7820392075852,515.0377018753278,15855100,META,496.68212432861327,477.7649639892578,409.09427291870117,-0.029524926628103576,0.015087060900771854,-0.042893282114834924,57.34132454713393,8.291727096227135,7.797634728516124,496.68212432861327,522.6229771413563,470.7412715158703,0.10445655900263513
2024-07-01,502.6185607910156,504.5107939122445,491.15559556880544,502.8874773919349,10328200,META,498.58995056152344,477.8322424316406,410.0914111328125,0.0009121961106171028,0.015068676645338829,-0.04202021308933468,51.81969087788743,7.709639747271581,7.7800357322672165,498.58995056152344,519.7197172323463,477.46018389070065,0.08475809288585134
2024-07-02,507.41888427734375,508.4147996537468,497.4099469016634,498.7145936133174,7739500,META,500.20749816894534,478.4080236816406,411.0794549560547,0.009550629166526159,0.014478912759994063,-0.03287090339552307,51.78899725788358,7.548661051161389,7.733760796046051,500.20749816894534,518.520875230218,481.8941211076727,0.07322312091806084
2024-07-03,507.87701416015625,509.1916297961415,503.9531050118807,504.301681484094,6005600,META,501.87282409667966,478.9798345947266,412.12649002075193,0.0009028632891048272,0.014453945034308033,-0.031997718038373854,51.16224625389801,7.37305948729761,7.661620534296363,501.87282409667966,515.9339936091887,487.8116545841706,0.05603479143473355
2024-07-05,537.7046508789062,538.6607515351633,509.5103190433139,509.5103190433139,21354100,META,504.130615234375,479.862255859375,413.311531829834,0.058730038743875834,0.017495849038237657,0.0,69.08842652837737,9.530869060269879,8.035470239491065,504.130615234375,524.82479855914,483.43643190961,0.08209849868032357
2024-07-08,527.157958984375,540.5928483145952,524.498881825066,540.1347053371187,14917500,META,505.9257415771484,480.5854797363281,414.43131744384766,-0.019614284305133234,0.018257779813356433,-0.019614284305133185,61.9650152179343,10.271515166478991,8.482679224888651,505.9257415771484,528.0936294948507,483.7578536594462,0.08763297099134408
2024-07-09,527.8351440429688,535.2845715300655,526.0325396617277,531.5698266659143,8753200,META,507.79452362060545,482.35935974121094,415.5813235473633,0.0012845961007559303,0.0182248469069434,-0.01835488463751481,61.30624629936614,10.788759611442572,8.943895302199437,507.79452362060545,530.7599113962999,484.8291358449109,0.09045149842085692
2024-07-10,532.5059814453125,536.67886919734,526.2018202535905,528.6218872621627,10983300,META,509.41729125976565,484.18864990234374,416.7742628479004,0.008849045871722971,0.017892982650578836,-0.009668261981919357,67.44305264430216,11.443661694590276,9.443848580677605,509.41729125976565,534.5619827032704,484.27259981626094,0.09871942658767252
2024-07-11,510.6058654785156,533.2729109397583,506.2935345421871,528.7215700201805,16458300,META,509.70279083251955,485.7922552490234,417.8410542297363,-0.04112651637706721,0.0203737206152179,-0.05039715642424935,54.55754796510151,10.07933172027964,9.570945208598012,509.70279083251955,534.7608411482656,484.64474051677354,0.09832416367513959
2024-07-12,496.8323364257813,506.014678104307,492.2113045351544,495.7268848632241,19750500,META,509.23146057128906,487.1691418457031,418.83028198242187,-0.026974874328610454,0.021285032907745787,-0.07601257379179632,51.602796878992784,7.796804987250766,9.216117164328562,509.23146057128906,534.9092142518148,483.5537068907633,0.10084904672511302
2024-07-15,494.1333923339844,504.61041148158586,491.3547798364685,496.5933046067324,12539200,META,508.86098022460936,488.3125646972656,419.8153074645996,-0.005432303604095412,0.02122017015694411,-0.08103195401732602,48.910197685748734,5.70434770490823,8.513763272444496,508.86098022460936,535.2108230301066,482.5111374191122,0.10356401386432289
2024-07-16,487.7894287109375,501.891594897228,483.8057669767174,499.4515899278473,14075800,META,508.1454147338867,489.27956115722657,420.7746759033203,-0.0128385648925321,0.021391893151264003,-0.09283018490983799,41.39016098813565,3.493880112574459,7.509786640470489,508.1454147338867,536.0024227771618,480.2884066906117,0.10964187508358655
2024-07-17,460.1029357910156,477.212785084963,457.2446635188092,477.212785084963,28076600,META,505.92252960205076,489.4882702636719,421.56470230102536,-0.05675910811164542,0.024656158484554217,-0.1443203345201619,32.50528851557533,-0.4863931355733939,5.910550685261713,505.92252960205076,541.1136351079625,470.73142409613905,0.13911657792189017
2024-07-18,473.9064025878906,477.2825403701314,462.6426005756553,473.0598683238831,19267200,META,504.745361328125,489.7000402832031,422.4423809814453,0.030000823126989706,0.025685419913360527,-0.1186492402227395,35.76686035500903,-2.4981666409462946,4.228807220020111,504.745361328125,542.603813085617,466.8869095706329,0.15001010274914064
2024-07-19,474.8424987792969,484.72196225060975,473.7668931573778,474.11546961620206,15149400,META,503.50494995117185,489.8795928955078,423.2918927001953,0.001975276523580316,0.02565846403328591,-0.11690832875791182,40.1437072316946,-3.9711989886795322,2.588805978280183,503.50494995117185,543.624376221019,463.3855236813247,0.1593606032025616
2024-07-22,485.4091491699219,490.050118478661,481.9234453468407,484.5924912656408,12023100,META,503.13745574951173,490.18372009277346,424.22345764160156,0.022252958439459958,0.02606621416058687,-0.09725692649952843,44.212992039038845,-4.237104654589643,1.223623851706218,503.13745574951173,543.8022781767819,462.4726333222415,0.16164498175431122
2024-07-23,486.6939086914063,493.1972351637483,485.7278695189637,487.8392053450212,9455500,META,502.6285430908203,490.4574279785156,425.138388671875,0.0026467558835292504,0.02599629134037516,-0.09486758595842575,42.86204682790573,-4.294661272553583,0.11996682685425775,502.6285430908203,543.8741194659624,461.3829667156782,0.16411951506577852
2024-07-24,459.3858947753906,474.3545023201049,458.698710704256,470.3808095206172,17649700,META,500.172119140625,490.16945556640627,425.92070526123047,-0.05610921654934997,0.028106849644894575,-0.14565385658372035,35.905742434443084,-6.469230544628488,-1.1978726474422914,500.172119140625,545.5832045434221,454.76103373782786,0.18158183419267973
2024-07-25,451.5580139160156,461.6565804634864,440.84195427851495,461.367786874794,18240500,META,497.1988159179688,489.88789428710936,426.611008605957,-0.017039880737309776,0.028140303083571423,-0.1602118129759143,21.28916822128204,-8.723675820140159,-2.703033281981865,497.1988159179688,547.1757522503265,447.22187958561113,0.20103401187746675
2024-07-26,463.79779052734375,467.8511429021302,457.543443346744,462.3039175027458,14222400,META,494.5168151855469,489.7747186279297,427.347950592041,0.02710565693471345,0.0288195412611676,-0.1374488024806144,29.11906017637385,-9.414171553382232,-4.045260936261939,494.5168151855469,545.6640670784751,443.3695632926186,0.2068574831929118
2024-07-29,463.8077392578125,472.0240410745753,463.1205552198856,467.9607197308088,11339600,META,492.5991775512695,489.46892517089844,428.0676486206055,2.145057754043833e-05,0.02825114660138956,-0.13743030025926947,28.805957303406217,-9.847080601743812,-5.205624869358314,492.5991775512695,545.3892711294623,439.80908397307684,0.2143328530941298
2024-07-30,461.2980651855469,470.7991067892736,454.8345838443904,465.0925004990839,11390400,META,490.5331527709961,489.27829406738283,428.74508178710937,-0.005411022412609157,0.028233567713180686,-0.14209768423700414,26.08696186873631,-10.274238835122446,-6.21934766251114,490.5331527709961,544.8834277074928,436.1828778344993,0.22159674480501432
2024-07-31,472.8904418945313,474.5536337950936,464.8434597562643,469.0960070861764,24285800,META,488.80673065185545,489.3457775878906,429.49866455078126,0.02512990533424775,0.028832739561859923,-0.12053868025584816,36.3923382325771,-9.567073624259365,-6.888892854860786,488.80673065185545,543.0921372084937,434.5213240952172,0.22211398965085904
2024-08-01,495.7069091796875,525.0166913806773,490.08996226727584,518.8719105350699,43083100,META,488.198225402832,489.9306787109375,430.41338943481446,0.04824894999727003,0.031039655319299985,-0.07810559501497942,49.618821009806986,-7.083883278194492,-6.927890939527527,488.198225402832,541.8527374742611,434.54371333140296,0.21980625606394433
2024-08-02,486.1461791992188,499.1030184525101,474.205132363959,487.00265189205976,24044700,META,485.6203018188477,490.4081384277344,431.2482086181641,-0.019287062180129988,0.02791593353481425,-0.09588622972743947,47.414912112444256,-5.820315076406814,-6.706375766903385,485.6203018188477,533.949747113488,437.2908565242073,0.19904211217540416
2024-08-05,473.786865234375,481.5052099273104,448.9586701106046,449.5064418406984,21396200,META,482.95174713134764,490.57573181152344,432.0070686340332,-0.025423040422125953,0.02810932127679545,-0.11887155065527943,45.637875481193575,-5.749939792128771,-6.515088571948462,482.95174713134764,527.3588877805023,438.544606482193,0.18389887152464246
2024-08-06,492.0718383789063,500.5072430675952,476.6949021077217,477.043478577752,20955000,META,481.16358184814453,491.1488214111328,432.8922880554199,0.03859324621733862,0.02973538346185205,-0.08486594346061678,60.57871458292645,-4.17064574542826,-6.046200006644423,481.16358184814453,520.5581532413205,441.76901045496857,0.1637471033940757
2024-08-07,486.9229431152344,508.0662064061953,484.8713295461411,501.074891636302,20105300,META,478.8844299316406,491.37139404296875,433.77243576049807,-0.010463706438951226,0.029641079994723478,-0.09444163758053149,54.568952810575574,-3.296516462118973,-5.4962632977393335,478.8844299316406,510.2227058022843,447.54615406099697,0.13088032899761265
2024-08-08,507.5483703613281,507.8770090705679,492.69926809442927,495.4679116917839,16156800,META,478.73155517578124,491.97264770507815,434.77638290405275,0.04235870898614147,0.03002014573061079,-0.05608335443683835,60.086006795617244,-0.9287569702410678,-4.58276203223968,478.73155517578124,509.4418153610378,448.02129499052467,0.12829845809508145
2024-08-09,515.6551513671875,516.2228304562868,503.6344448392047,505.6362141852453,13696600,META,479.6726959228516,492.84667419433595,435.79422790527343,0.015972430371686608,0.029510997380138616,-0.041006711538904665,59.47111280063895,1.583604158851358,-3.3494887940214726,479.6726959228516,513.6938012571615,445.65159058854164,0.14185133164128114
2024-08-12,513.8425903320312,515.9041426148443,507.0205633977469,514.7488466488368,9767400,META,480.6581558227539,493.82990783691406,436.81026580810544,-0.0035150643416448357,0.02948774123996658,-0.04437763465105094,58.47322215377157,3.3893397283119384,-2.0017230895547904,480.6581558227539,517.4702432476666,443.8460683978412,0.15317367230313866
2024-08-13,526.381103515625,529.3290349818739,516.0335887091818,517.8859767641638,13743800,META,482.5877395629883,495.0682891845703,437.95369720458984,0.024401467335535054,0.0296519577126672,-0.021059046717881873,73.03296423357678,5.765688138081259,-0.44824084402758047,482.5877395629883,524.6456782522723,440.5298008737043,0.17430172895552615
2024-08-14,524.6084594726562,531.8188779802086,520.9932813381243,525.9031374678709,11444200,META,485.8130157470703,496.0590997314453,439.1438229370117,-0.003367605772945703,0.026057145306556735,-0.02435573392352771,76.20585832581037,7.420386220506089,1.1254845688791533,485.8130157470703,530.4265842614761,441.1994472326645,0.18366559589104567
2024-08-15,535.1351928710938,537.5652286695024,524.5486082168562,529.6177831267418,13482100,META,488.8744552612305,497.2703936767578,440.34493911743164,0.020065885725554455,0.02568572142399562,-0.004778567571644744,75.90977448942674,9.471978707517621,2.794783396606847,488.8744552612305,538.2019779201286,439.54693260233245,0.2018003686960484
2024-08-16,525.265625,531.4801266811227,522.5168890750775,529.7273668316062,14776700,META,491.39561157226564,497.9247296142578,441.46723907470704,-0.018443129890489574,0.026270300915105363,-0.023133565719719952,70.82969941796672,10.184093005829595,4.2726453184513975,491.39561157226564,542.813442157131,439.9777809874003,0.20927264865206777
2024-08-19,527.1181640625,529.4883869352861,520.6247758091592,524.7179737628351,9879700,META,493.4810623168945,498.64198425292966,442.60570907592773,0.003526861409405946,0.025969524029432898,-0.019688293190512834,72.40798286980615,10.77374016754601,5.5728642882703205,493.4810623168945,547.2080507577997,439.7540738759893,0.2177469108486428
2024-08-20,524.5784912109375,528.9207284861334,523.7319874481549,526.1918692715275,7944400,META,495.3752914428711,499.32436401367187,443.678904876709,-0.0048180332697875805,0.026050330472893974,-0.02441146760868324,68.75271816393393,10.910341788509129,6.640359788318083,495.3752914428711,550.7411020269711,440.00948085877104,0.2235307716815548
2024-08-21,532.9740600585938,537.1967924253291,524.7776957474535,524.9968287446477,13423300,META,499.05469970703126,499.9828326416016,444.7989485168457,0.01600440923202151,0.02194921083693461,-0.008797749494225321,65.10088609210331,11.562763459008295,7.624840522456125,499.05469970703126,554.1301340784566,443.9792653356059,0.22071902901127782
2024-08-22,529.7572021484375,542.0069478093005,526.4308791875162,534.8064998604153,15708300,META,502.9646591186523,500.48005920410156,445.88437225341795,-0.006035674437518734,0.0214286028352864,-0.014780323580014104,68.62922031466069,11.685535208486442,8.436979459662188,502.9646591186523,554.8534964360708,451.0758218012338,0.20633194152584636
2024-08-23,525.84326171875,537.6647710918703,522.9152683982005,534.7268088929017,11323900,META,506.06693267822266,500.87174560546873,446.9442628479004,-0.007388177855467526,0.02121678101571328,-0.02205930177611109,73.96600162191413,11.336332240513002,9.01685001583235,506.06693267822266,555.4548689169982,456.6789964394472,0.1951834156695565
2024-08-26,518.9915161132812,525.8434200863666,512.8467340766316,525.4450295446835,9584000,META,508.8261215209961,501.2207159423828,447.9548872375488,-0.01303001503351664,0.02162362243887821,-0.03480188377585614,63.85163973400446,10.386973203168736,9.290874653299628,508.8261215209961,554.282849666783,463.3693933752092,0.17867293451800978
2024-08-27,516.9796752929688,521.8696540933472,513.2051776969478,516.8601703042615,6282700,META,511.6102020263672,501.5182946777344,448.9506819152832,-0.003876442596555618,0.0215842253566877,-0.03854341886770265,65.98177598619293,9.364314596185523,9.305562641876808,511.6102020263672,551.2600758565214,471.96032819621297,0.15500032514250284
2024-08-28,514.669189453125,518.961582394556,510.3568587522266,515.5555079616431,9106100,META,513.6991394042968,501.7204656982422,449.93109786987304,-0.004469200531983075,0.02121017398619493,-0.042840361131577694,54.70210686469112,8.272058246268728,9.098861762755192,513.6991394042968,548.9139650563037,478.48431375229,0.1371029186182526
2024-08-29,516.103271484375,525.0466334932593,513.5736681430914,516.9298983217682,8317400,META,514.7189575195313,502.0935357666016,450.8778363037109,0.00278641515878153,0.018537138659843584,-0.04017331700446085,50.32450484503148,7.436433082914959,8.766376026787146,514.7189575195313,548.9062363629866,480.53167867607596,0.1328386232681476
2024-08-30,519.1806640625,521.4015359928948,513.0956354478707,519.2204787963079,9157500,META,516.3706817626953,502.48413452148435,451.83787414550784,0.005962745729694907,0.01784509510190321,-0.03445011454918202,53.796012968918866,6.942485333437901,8.401597888117298,516.3706817626953,547.8285800086318,484.91278351675885,0.12184230963133316
2024-09-03,509.669677734375,523.3435768028307,506.54248877194846,517.5174959939684,12459100,META,518.1648223876953,502.82234741210937,452.71497528076173,-0.01831922293427335,0.017302778209096217,-0.052138238154917624,37.581437287618996,5.717661431365343,7.864810596766907,518.1648223876953,542.7358373313662,493.5938074440244,0.09483860687588958
2024-09-04,510.6456298828125,514.4799404747201,502.011060766785,504.0028914786801,8335200,META,519.0935119628906,503.09781677246093,453.6148457336426,0.001914871908362148,0.015241661514996934,-0.0503232042941499,39.499636932460255,4.770736762877789,7.245995829989084,519.0935119628906,540.7423132564155,497.44471066936563,0.083410024570188
2024-09-05,514.7488403320312,519.4993764378627,509.0621716729977,509.6298507687644,8640900,META,520.4848068237304,503.2225061035156,454.5278776550293,0.008035338420815163,0.015007335540681472,-0.042692229850258,33.02943035466413,4.301798477101556,6.657156359411579,520.4848068237304,536.1886580555192,504.7809555919417,0.06034316862243054
2024-09-06,498.22662353515625,522.4373566841018,496.21488521792463,519.7483727455189,14744500,META,520.0187194824218,502.96655700683596,455.35407470703126,-0.03209762801256155,0.013894529734337944,-0.07341953855005924,29.73589379763476,2.56736174545091,5.839197436619446,520.0187194824218,537.7603302111766,502.2771087536671,0.06823450796699422
2024-09-09,502.7281494140625,509.24141432667926,500.0291967642029,504.0925486658529,11047800,META,519.3723693847656,502.67236389160155,456.1782803344727,0.009035097014619131,0.013534810949279365,-0.06504779418900848,32.419198158531046,1.5383109660310765,4.979020142501772,519.3723693847656,538.658035106438,500.0867036630934,0.07426527423673915
2024-09-10,502.7281494140625,512.0797793299193,497.98758232644633,506.08437949017207,9899000,META,518.8166473388671,502.6837170410156,457.01734436035156,0.0,0.013525731147985626,-0.06504779418900848,33.651269461143485,0.7145439910892719,4.1261249122192725,518.8166473388671,539.3719660168231,498.26132866091115,0.07923924100504115
2024-09-11,509.7393493652344,511.0240886998088,493.57566239613766,504.9390603907125,10782500,META,517.9845596313477,502.8261328125,457.8690524291992,0.01394630469637237,0.012666859953775065,-0.05200866585022304,32.247707384634765,0.6202975653326916,3.4249594428419567,517.9845596313477,538.5978118350585,497.37130742763696,0.07959021874467186
2024-09-12,523.453125,524.558637323084,513.1155179874306,514.9380602419546,11970500,META,517.9267929077148,503.1468176269531,458.8055296325684,0.026903505981719977,0.014156472671863362,-0.02650437532130583,45.84921401668899,1.6333652588628524,3.0666406060461364,517.9267929077148,538.4682360418782,497.38534977355135,0.07932180151886264
2024-09-13,522.4771728515625,525.4251045473541,514.997837891112,518.2146862172555,10321400,META,517.2938919067383,503.43882080078123,459.75466888427735,-0.0018644499417928007,0.013345310117366588,-0.02831940918207355,47.694471245896864,2.3306116820226066,2.9194348212414307,517.2938919067383,536.3275593822787,498.26022443119797,0.07358937645825471
2024-09-16,531.6084594726562,532.4258356345829,515.7782305715274,522.8958039523781,9527600,META,517.6110336303711,503.31689697265625,460.7281460571289,0.017476910180127536,0.013307036194373349,-0.01133743477257535,58.38002052885309,3.578749417154995,3.0512977404241437,517.6110336303711,537.4003401637199,497.82172709702235,0.0764640057788274
2024-09-17,534.638916015625,540.4007670072886,528.9069393503737,535.9148722257875,11690800,META,517.9870712280274,503.4665161132813,461.7505174255371,0.005700542361524619,0.013340306288648853,-0.005701521938242763,61.57246565206087,4.757597459023714,3.392557684144058,517.9870712280274,538.7965542184537,497.17758823760107,0.08034749956631872
2024-09-18,536.2638549804688,542.4942649025305,532.2265615197421,535.3866083959347,10323500,META,518.5713394165039,503.63509033203127,462.8061087036133,0.0030393204014282915,0.013281925378615507,-0.00267953028876065,64.27973520454165,5.756603478093325,3.8653668429339114,518.5713394165039,540.7698736814554,496.3728051515523,0.08561419645724846
2024-09-19,557.3474731445312,560.3081952993754,544.8069490423769,548.2760214901399,15647000,META,519.7900100708008,504.1319201660156,463.97869689941405,0.039315754676082726,0.015490051905209067,0.0,71.64765588509854,8.155582252809836,4.723409924909097,519.7900100708008,547.347138896913,492.23288124468866,0.10603177549471787
2024-09-20,559.5904541015625,562.7306049325238,554.5562952253196,558.244709941919,22066800,META,521.2816726684571,505.1116119384766,465.18635269165037,0.004024385262530128,0.015366196720313988,0.0,71.39712108382726,10.121110175410081,5.8029499750092945,521.2816726684571,553.8792418042985,488.68410353261567,0.12506700636135343
2024-09-23,562.6408081054688,572.1808178690717,560.6470771833491,567.7148800735523,12830700,META,523.121549987793,506.4277813720703,466.41785751342775,0.005451047246336049,0.015182849708569025,0.0,80.10836359044418,11.789046500546192,7.000169280116674,523.121549987793,560.5927296719111,485.6503703036748,0.14325993522917402
2024-09-24,561.5642700195312,565.9703985785299,552.4529045706721,564.9037451716252,12993000,META,525.2501876831054,507.7763989257812,467.64815383911133,-0.001913366521640092,0.014743090573539546,-0.0019133665216400364,78.90868919479911,12.875608429332488,8.175257109959837,525.2501876831054,566.390736978989,484.1096383872219,0.15665125024459597
2024-09-25,566.5286254882812,575.0717700584479,561.9529861073905,562.2819687561209,16543400,META,527.727635192871,509.35118286132814,468.8578520202637,0.008840226726991363,0.014657101267414657,0.0,79.11292669401021,13.976189767862138,9.335443641540298,527.727635192871,572.572023240314,482.8832471454281,0.16995277509412024
2024-09-26,566.0601196289062,575.5901511619721,560.5872770475031,573.9253420066469,14400800,META,530.2971817016602,511.47032653808594,470.0345962524414,-0.0008269764991507556,0.01455963409855062,-0.0008269764991507762,96.54068033956676,14.641822089690436,10.396719331170326,530.2971817016602,577.8015214138773,482.7928419894431,0.17916119998896216
2024-09-27,565.5816040039062,569.0507373700175,562.7405616236127,568.3130057800689,9398400,META,532.7710983276368,513.3038305664063,471.2460691833496,-0.0008453441753036861,0.01460955749948806,-0.0016716215946877856,95.64356751610481,14.958298336539428,11.309035132244146,532.7710983276368,582.2744506545171,483.26774600075646,0.1858334751350846
2024-09-30,570.6456909179688,572.8786599094663,563.0296238732356,565.9205581692032,12792300,META,535.3443496704101,515.2198944091797,472.43843627929687,0.008953768789883743,0.01463856304133546,0.0,95.94203042156015,15.439757618964109,12.13517962958814,535.3443496704101,587.1691890633688,483.51951027745145,0.1936130993999101
2024-10-01,574.6629638671875,581.2123768001103,568.3129361816211,576.1682403455512,15259300,META,538.5940139770507,517.004970703125,473.6483058166504,0.007039872574445161,0.0135876773446412,0.0,95.77072736449722,15.961483871867472,12.900440478044008,538.5940139770507,591.7733029357346,485.4147250183668,0.19747448942479273
2024-10-02,571.0145263671875,574.1945297556643,567.5554322766549,573.0580884796676,6524700,META,541.6124588012696,518.6913830566406,474.8477346801758,-0.006348830061098543,0.013845054071205676,-0.006348830061098568,89.07616795341626,15.897303057226281,13.499812993880463,541.6124588012696,594.9651718368901,488.25974576564903,0.19701434916657606
2024-10-03,580.9432983398438,581.5314148833746,566.9472684679748,568.3628612159356,11581000,META,544.9221817016602,521.1225311279297,476.0881114196777,0.01738794989301473,0.014084204543244947,0.0,91.87510764848497,16.457891886226662,14.091428772349705,544.9221817016602,599.4577472524608,490.3866161508596,0.20015909567307097
2024-10-04,594.0720825195312,594.9792034357206,579.6075530643348,581.9003317540365,14169500,META,549.7144546508789,523.9728125,477.345929107666,0.022599080180812026,0.011299378992707198,0.0,92.31516029584938,17.756855753638092,14.824514168607383,549.7144546508789,603.8157778563545,495.6131314454033,0.19683427549612137
2024-10-07,582.9470825195312,601.060113054519,582.2093508822063,596.3448974918161,12014200,META,553.7254013061523,526.3557983398438,478.5195977783203,-0.018726683726354443,0.012876511443369518,-0.018726683726354443,79.49138711588549,17.684740769374912,15.39655948876089,553.7254013061523,604.9790910497691,502.47171156253563,0.1851231300666981
2024-10-08,591.0316162109375,591.6994990769665,584.1332629646378,587.8416343595179,7857400,META,558.1405746459961,528.9002758789062,479.7390559387207,0.013868383484251234,0.012824244896121715,-0.005118009073408678,80.99064804703123,18.07162498478658,15.931572587966029,558.1405746459961,605.9980983709473,510.28305092104495,0.17148914054601783
2024-10-09,588.6590576171875,592.5269006344007,579.7869303073873,592.1281300958634,9529700,META,562.0865600585937,531.447495727539,480.92274871826174,-0.004014266798382682,0.013027989128001691,-0.009111730817894117,72.47758196286752,17.979531020895024,16.34116427455183,562.0865600585937,605.9917459836862,518.1813741335012,0.15622215169320425
2024-10-10,582.0,588.3799026728532,580.6941086330197,585.7282672228058,7740400,META,565.0139038085938,533.6296868896484,482.07662475585937,-0.011312248628505772,0.012802487705315798,-0.020320905281951802,65.12793466885316,17.171275814527576,16.50718658254698,565.0139038085938,605.7674025284405,524.2604050887471,0.1442566225189831
2024-10-11,588.1008911132812,589.3569515432206,580.8835936806419,582.9969439506241,8587100,META,568.2950897216797,535.4775665283203,483.2538493347168,0.010482630778833713,0.012731642732380569,-0.010051291050280393,66.50737243666353,16.829024151173485,16.57155409627228,568.2950897216797,604.9939732768675,531.5962061664919,0.12915432217850378
2024-10-14,588.5692749023438,598.2189250414914,588.1107557408928,592.3573513981993,8252000,META,571.1431304931641,537.5260284423828,484.4185076904297,0.000796434414809033,0.01248486672600654,-0.009262861829577028,67.64821790692814,16.40645845905567,16.53853496882896,571.1431304931641,604.5473384803005,537.7389225060277,0.11697315857863122
2024-10-15,584.4323120117188,588.758673882389,578.3215220907713,588.3100722725044,9564200,META,573.6328002929688,539.7389373779297,485.56004608154296,-0.007028846164814473,0.012777728804024802,-0.016226600763545516,61.82827003879126,15.558406151061035,16.342509205275377,573.6328002929688,602.7254683329338,544.5401322530038,0.10143307016302644
2024-10-16,574.9819946289062,580.2554517410146,572.2306971262245,579.5775905437882,11268400,META,575.5687072753906,541.3971405029297,486.67599960327146,-0.016170080244678586,0.013592389567487316,-0.032134295571779166,55.26901626958724,13.962802458692067,15.866567855958715,575.5687072753906,598.7419603223289,552.3954542284523,0.08052297754905788
2024-10-17,575.12158203125,583.1363584188263,573.3970242569936,581.5015453071803,8701200,META,576.4574127197266,543.16111328125,487.8307661437988,0.00024276830169922547,0.010681908332155661,-0.03189932845844211,55.65669616198903,12.564700527151786,15.206194390197329,576.4574127197266,597.99386392565,554.9209615138031,0.07472000786429102
2024-10-18,574.6629638671875,582.1394543142909,573.4468172928327,579.2784555040395,7694300,META,577.2110382080078,544.5034051513671,488.9922836303711,-0.0007974281932573435,0.010679317727297518,-0.03267131922784074,52.519640247175026,11.28954912579593,14.422865337317049,577.2110382080078,597.2662551232887,557.155821292727,0.06949006719463892
2024-10-21,573.357177734375,575.4306751680575,567.3261531703059,574.2245067615513,8171900,META,577.7468566894531,545.6574456787109,490.1341033935547,-0.0022722642921430003,0.010664136058023205,-0.034869345647925154,49.15217160420831,10.05767777652295,13.54982782515823,577.7468566894531,596.7056724565072,558.7880409223991,0.06563018231095166
2024-10-22,580.1856689453125,581.7009238958302,570.3266550651331,572.4898360503465,8544500,META,578.6779266357422,546.9843072509766,491.28606353759767,0.011909663776985102,0.010910627166804387,-0.02337496405373031,55.71854382263304,9.522641941053053,12.744390648337196,578.6779266357422,596.0533973775083,561.3024558939761,0.060052301779616186
2024-10-23,561.923095703125,583.1662963021914,560.7368233674918,578.1520338144135,14248400,META,578.4476501464844,547.6951470947265,492.31336654663085,-0.03147711882540294,0.01303711718611497,-0.05411630635807447,39.256738261521285,7.538090735071137,11.703130665683986,578.4476501464844,596.605533558926,560.2897667340428,0.06278142337631887
2024-10-24,566.0003662109375,567.0968940075117,559.7599779672446,565.352379248696,7184700,META,578.4446624755859,548.5229852294922,493.36716827392576,0.00725592263245689,0.013145633188643693,-0.04725304745770618,32.33817472160929,6.222591104397111,10.607022753426612,578.4446624755859,596.6111455179987,560.2781794331731,0.0628114812734728
2024-10-25,571.4531860351562,579.4679632865792,569.9279525132612,572.1310473191611,11337900,META,578.7382415771484,549.2493450927734,494.383433380127,0.009633951053287015,0.013314685313535808,-0.038074329950745264,42.21258055551879,5.555999059454621,9.596818014632214,578.7382415771484,596.2057991740949,561.270683980202,0.060364276427784476
2024-10-28,576.3477172851562,581.9202220716588,572.3204026627383,580.1757074872899,10925100,META,579.0233428955078,550.2709869384765,495.42814666748046,0.008565060742699027,0.013302129075107225,-0.029835378156811934,39.60179419953857,5.360871043508837,8.749628620407538,579.0233428955078,596.1168844576371,561.9298013333785,0.05904266821662164
2024-10-29,591.42041015625,591.8091414711773,573.5964496330529,578.331560895051,13019100,META,579.861215209961,551.5570318603516,496.52427139282224,0.026152082187628878,0.01442924449810203,-0.004463553230838905,51.657315677571845,6.349280478926062,8.269558992111243,579.861215209961,597.6821508342108,562.0402795857111,0.061466210040611494
2024-10-30,589.9449462890625,599.3155056206892,587.5325489970706,599.0961635884153,26864900,META,580.8077362060546,552.864360961914,497.6479531860352,-0.0024947800952586086,0.014343864843951008,-0.006947197742343098,55.0848053500418,6.933618041726163,8.002370802034228,580.8077362060546,598.6611273629851,562.9543450491242,0.061477800807379614
2024-10-31,565.8008422851562,588.0508838010732,561.2451604157521,583.1662193357708,26838400,META,580.0506134033203,553.5208966064453,498.64639236450193,-0.04092602904013365,0.0167230118063294,-0.04758890556592605,38.40563337374097,5.386391390711196,7.479174919769623,580.0506134033203,599.1225314442174,560.9786953624232,0.06575949615498827
2024-11-01,565.3822631835938,571.8718679316679,560.7967057914752,565.8308648693949,15303200,META,578.6161224365235,554.2333978271485,499.6041763305664,-0.0007397993609764564,0.01576266706699565,-0.04829349868497527,37.93823192112746,4.079402474939911,6.799220430803681,578.6161224365235,597.5629143586631,559.6693305143839,0.06549002417131276
2024-11-04,558.9224853515625,566.9073869431594,556.1412527884435,562.3317479843915,12064600,META,577.414892578125,554.8949822998047,500.49328536987304,-0.011425504924150065,0.01544483202041575,-0.059167226002095695,37.04303745355275,2.4936094805418634,5.938098240751318,577.414892578125,598.1659607946793,556.6638243615706,0.07187576379923977
2024-11-05,570.6357421875,571.6824388511877,564.8937868572937,565.5218170242753,9775400,META,576.3950988769532,555.9278668212891,501.4492597961426,0.02095685384453594,0.015902394622306318,-0.03945033106527226,47.84205604247946,2.1571527284751255,5.18190913829608,576.3950988769532,596.3166533833864,556.4735443705199,0.06912464920416005
2024-11-06,570.2568969726562,571.2039313662027,553.4298024690905,560.9860599935962,18305400,META,575.4749908447266,556.9934112548829,502.38634475708005,-0.0006639002551636075,0.015893635633599437,-0.040088040235575335,47.590375651435714,1.8387428032675643,4.513275871290377,575.4749908447266,594.6992378649113,556.2507438245418,0.06681175490168884
2024-11-07,589.8453369140625,592.9355956705097,573.40703432011,575.0817610826855,14653700,META,575.8672576904297,558.4969342041015,503.39404037475583,0.034350202593596224,0.017593525364457942,-0.007114869945651398,56.32216218414351,3.1309325973251134,4.236807216497324,575.8672576904297,595.9529639733797,555.7815514074797,0.06975811183815397
2024-11-08,587.4927368164062,591.2408999638149,582.6878378356098,589.6857922274284,9415700,META,575.8368499755859,559.9247235107422,504.3776489257813,-0.003988503342188809,0.017472267540658146,-0.011074995605282785,55.835379690096,3.9199800624023737,4.173441785678334,575.8368499755859,595.8462718131779,555.8274281379939,0.06949684390097755
2024-11-11,581.342041015625,585.160052945909,574.7029435064729,584.5220444185395,10209100,META,575.47548828125,561.1679510498047,505.32573364257814,-0.010469398879910496,0.017629322280553073,-0.021428445938608345,50.480054892374056,4.002853709766555,4.1393241704959784,575.47548828125,594.7648167145899,556.1861598479102,0.06703788024386764
2024-11-12,582.9868774414062,597.7803270952668,578.560792275492,586.6951878227678,16287700,META,575.4032165527344,562.6342950439453,506.2478533935547,0.002829378076472322,0.017573997854886034,-0.018659697037287648,60.143993331181726,4.1533786616411135,4.142135068725006,575.4032165527344,594.5616321608644,556.2448009446044,0.0665912704586842
2024-11-13,578.1820068359375,583.8043430221749,573.3671292944587,580.7838112641768,10757600,META,575.5632171630859,563.9850225830078,507.1507192993164,-0.008241816053486839,0.017276394449391438,-0.026747723300179375,55.82566440081916,3.8406848444495836,4.0818450238699215,575.5632171630859,594.7602315391666,556.3662027870052,0.06670688398296729
2024-11-14,575.3508911132812,578.939643581166,571.213935608324,575.1914193973914,11053700,META,575.5746826171875,565.1970635986328,508.0887254333496,-0.004896582199348187,0.017317341396860565,-0.03151333307374279,51.91195544000124,3.3260843335099253,3.9306928857979226,575.5746826171875,594.7708602858763,556.3785049484986,0.06670264780028955
2024-11-15,552.3432006835938,570.775232288529,549.7712709022105,569.4294274853681,17712900,META,574.4586944580078,566.2793951416015,508.88863555908205,-0.03998897157379655,0.019510288044506042,-0.07024211886705782,40.00169820376818,1.0496318837272156,3.3544806853837814,574.4586944580078,596.2920576605669,552.6253312554487,0.0760136922399913
2024-11-18,552.6622314453125,558.144991436461,548.3657437769115,555.2939099997465,14327300,META,573.4239471435546,567.2780767822265,509.2915480041504,0.0005775951642454924,0.019517036803376773,-0.06970509521099626,31.594437294934664,-0.7204253524465685,2.539499477817712,573.4239471435546,597.3394265049997,549.5084677821096,0.08341290760728508
2024-11-19,559.331298828125,559.670199030822,548.8741284623578,550.1301887468238,9522400,META,572.3812286376954,568.4101397705078,509.8052282714844,0.012067166893912074,0.019522828767079402,-0.058479071334351214,36.14552811034653,-1.5670069815613488,1.7181981859419,572.3812286376954,596.8670992974318,547.895357977959,0.08555790943044857
2024-11-20,563.7473754882812,564.5747300141007,552.4628511582212,561.1654671706501,9797300,META,572.4724426269531,569.4903002929688,510.3642951965332,0.007895279004426436,0.018303470464454553,-0.05104550091402926,48.86867420614852,-1.8601459376750427,1.0025293612185115,572.4724426269531,596.8074047844276,548.1374804694786,0.08501706054463185
2024-11-21,561.3250732421875,568.2133877149479,547.3290413836729,567.7349117005874,11154700,META,572.2386779785156,570.2477392578126,510.8373564147949,-0.0042967867371368484,0.018255372278745692,-0.0551229560198482,47.81303853181792,-2.2618470546869958,0.34965407803741005,572.2386779785156,596.9227340858628,547.5546218711685,0.0862718898853387
2024-11-22,557.3873901367188,562.0626917643333,552.8516642815921,561.7835402193574,9164000,META,571.5353881835938,570.9459436035156,511.28869171142577,-0.007014978117269699,0.018160038308437054,-0.061751247806879433,49.14940460689851,-2.864911288056419,-0.2932589951813558,571.5353881835938,597.0995032272274,545.9712731399602,0.0894576803892383
2024-11-25,563.3385620117188,570.7951561859963,554.6459253851924,560.3379875802592,13599800,META,570.8849304199218,571.5805456542969,511.7791749572754,0.010676904394159914,0.01822514146705812,-0.051733655581773744,45.68083472239382,-2.8300115915446895,-0.8006095144540225,570.8849304199218,596.595081751923,545.1747790879207,0.09007122087839912
2024-11-26,571.7422485351562,575.6898580369078,563.428423878657,564.2259041539218,10356600,META,569.9010223388672,572.3226123046875,512.3077510070801,0.014917648267193773,0.0175036655371193,-0.0375877517921251,50.80289909390119,-2.1000381284018204,-1.060495237243582,569.9010223388672,593.7402823119437,546.0617623657906,0.0836610535465983
2024-11-27,567.4158325195312,573.1776832448027,562.3317821625797,573.0879994258706,7200200,META,568.7745666503906,572.9456518554688,512.8583258056641,-0.007567074195950374,0.0175548417172939,-0.04487039668140545,35.48012374995555,-1.8493167425316415,-1.218259538301194,568.7745666503906,590.6763244940869,546.8728088066944,0.0770138438948823
2024-11-29,572.519775390625,576.6468129766572,565.1230507511389,567.2164438690074,7130500,META,569.1105133056641,573.2490979003907,513.3690235900879,0.008995066014338082,0.015071933469919552,-0.036278942847306206,40.64056380114045,-1.2246556357652025,-1.2195387577939958,569.1105133056641,591.0263311109909,547.1946955003373,0.07701779282912675
2024-12-02,590.9718017578125,592.6365501357109,573.7658931912714,575.6898363387268,12522400,META,570.389990234375,573.8767248535156,513.9185606384277,0.03222950046502393,0.016628887008583483,-0.005218694587650182,55.2171250424912,0.750663923166826,-0.8254982216018315,570.389990234375,594.2876423650565,546.4923381036934,0.08379407962913907
2024-12-03,611.7265014648438,612.2747652879608,589.3966912760062,593.1349366752197,14907200,META,573.0301910400391,574.8584387207031,514.6250930786133,0.03511961086010795,0.017814700975604083,0.0,62.89931809241201,3.945369948267853,0.12867541237210545,573.0301910400391,602.5901380845053,543.4702439955729,0.1031706444325924
2024-12-04,611.8560791015625,615.8435407320915,603.203233820739,611.0386421660438,14697000,META,575.0912078857422,575.8642749023437,515.3400756835938,0.00021182282671827757,0.017416242646932572,0.0,65.77616961020809,6.4137199509398215,1.3856843200856488,575.0912078857422,609.3265085923255,540.8559071791589,0.1190604211545696
2024-12-05,607.0213012695312,617.9569474371278,605.1471892630866,615.145779427461,8081200,META,576.9294281005859,576.6741284179687,516.0469024658203,-0.00790182200874845,0.017584702549435765,-0.007901822008748435,64.56403439538072,7.888841294626786,2.6863157149938766,576.9294281005859,613.9097766488317,539.9490795523402,0.1281971303491848
2024-12-06,621.8148803710938,627.815969963217,606.622658225557,608.187683689038,16935500,META,578.5279052734375,577.7892236328125,516.73765625,0.02437077425557077,0.016779689743271823,0.0,84.55819754654723,10.134776392003346,4.17600785039577,578.5279052734375,620.3108655088673,536.7449450380076,0.14444579027067475
2024-12-09,611.646728515625,624.4365290047741,604.2699000041796,621.9642613672759,11426000,META,579.7356048583985,578.7105261230469,517.3880157470703,-0.016352377816047925,0.017262830138479058,-0.016352377816047897,76.72291075605993,10.967781503847732,5.534362581086163,579.7356048583985,623.9359677320502,535.5352419847467,0.15248455503935388
2024-12-10,617.3787231445312,623.6290890402158,610.8193313904227,615.6242302023153,10938900,META,581.5374389648438,579.6451867675781,518.0784274291992,0.009371413859789568,0.0170679727245633,-0.007134208856364196,76.52357687843346,11.952685006272759,6.8180270661234825,581.5374389648438,628.8425715794485,534.232306350239,0.16268989559402913
2024-12-11,630.6968383789062,636.398940507193,619.5818248925854,621.4160232851857,10837200,META,583.9229370117188,580.7658642578125,518.8090141296386,0.021572034692969533,0.01755697355530141,0.0,78.2897505942163,13.650533865829175,8.184528426064622,583.9229370117188,636.0970738304964,531.7488001929412,0.17870213177712696
2024-12-12,628.812744140625,634.6643395468709,625.2440095870248,629.520540523856,7474700,META,586.4544738769531,581.9218286132813,519.5452537536621,-0.0029873215206278614,0.017401395294762062,-0.0029873215206278475,78.64747366402918,14.674897575922728,9.482602256036245,586.4544738769531,642.2437966669918,530.6651510869144,0.19025968860370265
2024-12-13,618.405517578125,629.1019262683816,614.9564017264901,625.2539790166715,8453300,META,588.6072052001953,582.6710729980468,520.1990620422363,-0.01655059739083875,0.01791486623525349,-0.019488476955701724,74.5527089932692,14.480020328692035,10.482085870567403,588.6072052001953,645.89507505231,531.3193353480806,0.19465568666503194
2024-12-16,622.7852783203125,629.6792095440776,617.1384950234287,628.5118922373878,10885600,META,592.1293090820312,583.2453369140625,520.8142280578613,0.007082344218628744,0.014660193556864418,-0.012544156839170154,74.22677540307275,14.511706871364595,11.288010070726841,592.1293090820312,648.6866549150342,535.5719632490283,0.19103038800995317
2024-12-17,617.9964599609375,630.8963205922495,615.103193761423,624.7107568886487,12897800,META,595.3960205078125,583.9463244628906,521.4258953857421,-0.00768935703215512,0.014938612258114712,-0.02013705737072158,69.4225983458874,13.989142933150788,11.828236643211632,595.3960205078125,649.8638085801146,540.9282324355105,0.18296322513491614
2024-12-18,595.79833984375,625.8980160900031,594.9303721209593,619.5528517396282,17075500,META,597.2193725585937,584.0416589355468,521.9662202453613,-0.035919493970225314,0.01749782283630177,-0.0553332384301412,60.36274822224846,11.649516101177483,11.792492534804802,597.2193725585937,648.9779623060513,545.4607828111361,0.17333191830571265
2024-12-19,594.1820678710938,610.0949095508189,593.6133889140597,608.9675380752294,14958100,META,598.7411071777344,584.152119140625,522.4692623901367,-0.002712783612455416,0.01751222908169158,-0.057895914940159214,58.11581921033147,9.554783740973107,11.344950776038464,598.7411071777344,648.0896148967272,549.3925994587416,0.1648408874132767
2024-12-20,583.8861083984375,601.7044720771678,578.6483432227146,589.2037041887596,48989400,META,599.8691589355469,584.1898413085937,522.8407331848144,-0.017327953887174452,0.018024229683355094,-0.07422065108299478,47.17253452863073,6.983395139108552,10.472639648652482,599.8691589355469,646.5772527790305,553.1610650920634,0.15572760542104183
2024-12-23,598.4520874023438,599.6892488609435,584.8838051496438,588.2259739647594,10205800,META,601.9223937988281,584.396865234375,523.316075592041,0.024946609954225263,0.018579444102451496,-0.05112559476188573,44.427779525686915,6.05115002811192,9.58834172454437,601.9223937988281,644.1643300289043,559.680457568752,0.14035675251582033
2024-12-24,606.3336791992188,606.5731101523746,597.8834471973506,601.3153720498085,4726100,META,604.0721496582031,584.7521533203125,523.9420590209961,0.013169962913966993,0.018636820452684104,-0.03862895403488728,47.82350363018011,5.880530554254278,8.846779490486352,604.0721496582031,642.2245557949816,565.9197435214246,0.12631738165173131
2024-12-26,601.9439697265625,604.8871074252385,597.5442732843297,604.069010990469,6081400,META,605.5822357177734,585.1023864746094,524.4657037353516,-0.0072397586069335995,0.018602750359658114,-0.04558904833936994,47.99186966356146,5.329663480857562,8.143356288560593,605.5822357177734,640.6095285099926,570.5549429255542,0.11568137480354822
2024-12-27,598.4121704101562,600.4473943709115,588.4254884707819,598.0130782329492,8084200,META,607.1320526123047,585.5709899902344,524.9924830627441,-0.0058673223655859585,0.018557005144106194,-0.05118888506200853,39.83883329040218,4.5555965863649135,7.425804348121458,607.1320526123047,637.4792548486143,576.7848503759951,0.09996903344415707
2024-12-30,589.8621215820312,595.5488500662633,584.2153388503573,587.3779342019037,7025900,META,607.999169921875,585.86580078125,525.4951174926758,-0.014287892611316244,0.018877179643220107,-0.0647453963806658,40.406594664856144,3.2151631119535296,6.583676100887873,607.999169921875,634.9873863825665,581.0109534611836,0.08877714903511888
2024-12-31,584.1455078125,592.5857532318533,582.4893422598942,590.8897637116248,6019500,META,607.6578552246094,586.0554516601562,526.0076226806641,-0.00969144069498662,0.017587764365375336,-0.07380936090635581,35.36292614056394,1.672299740278845,5.601400828766067,607.6578552246094,635.7046739641673,579.6110364850515,0.09231121921131402
2025-01-02,597.8435668945312,603.5003369073487,586.4501962447986,588.3457320934158,12682300,META,606.9637084960938,586.5451794433594,526.5245449829101,0.023449737948559424,0.016506489805347947,-0.05209043312920115,35.57853267917119,1.5371687662766362,4.788554416268181,606.9637084960938,635.272508601842,578.6549083903456,0.09328004198435665
2025-01-03,603.220947265625,608.0795931218428,595.0200718679831,603.3506491790696,11436800,META,606.5319519042969,587.0058850097656,527.072035369873,0.00899462780711402,0.016657063458417942,-0.0435643393803957,39.1003505181867,1.8427441436978143,4.199392361754108,606.5319519042969,634.789930647803,578.2739731607908,0.09317886272861962
2025-01-06,628.7313842773438,629.5195213275813,604.2086488423892,610.4041988830613,14560800,META,607.6174560546875,588.34205078125,527.7009135437012,0.04229036993386326,0.01909787360280797,-0.0031163214748536703,53.89653731720047,4.096175734991789,4.178749036401644,607.6174560546875,637.5716225247395,577.6632895846355,0.09859547704421448
2025-01-07,616.4500732421875,630.6269190448738,606.8125509705602,630.2278877474329,12071500,META,607.3492156982422,589.351044921875,528.2572418212891,-0.019533478592407505,0.018905102163129846,-0.022588927468445093,47.74390657413574,4.8352990275317325,4.310059034627662,607.3492156982422,636.860878455205,577.8375529412795,0.09718185845694899
2025-01-08,609.2967529296875,615.0034547439036,601.3852402562982,611.9705610612136,10085800,META,607.2317169189453,590.1079162597656,528.7687495422364,-0.011604054607176062,0.01872134968743311,-0.03393085892775974,46.95317149247912,4.788645866814704,4.40577640106507,607.2317169189453,636.6900007126081,577.7734331252824,0.09702485220347946
2025-01-10,614.4248046875,628.4420508325449,595.9480045179172,608.6084345783213,19256600,META,607.0840209960937,590.8694580078125,529.3385313415528,0.00841634512764955,0.018697318374552248,-0.025800087619323748,57.40929935340767,5.1065981362003185,4.545940748092121,607.0840209960937,636.3571352781693,577.8109067140182,0.09643842786059394
2025-01-13,606.912353515625,607.550815769116,597.0553731797557,605.6851785232928,10785000,META,605.8947967529297,591.179296875,529.9062199401856,-0.012226803206123571,0.01815749006390775,-0.03771143823142514,54.837002525492636,4.698227334843409,4.576398065442379,605.8947967529297,632.9795624568554,578.8100310490039,0.08940418649929528
2025-01-14,592.8651123046875,604.0789079674663,587.1783838616758,603.659903819051,13598000,META,604.0974151611329,591.2377001953125,530.413770904541,-0.023145419811554158,0.01877782701863917,-0.059984010973415464,53.31710467215879,3.204160002596268,4.301950452873157,604.0974151611329,629.4971884112546,578.6976419110111,0.08409164685250888
2025-01-15,615.6818237304688,621.0094058849253,605.0865780513573,608.7879539786943,15524300,META,603.96123046875,592.2353198242188,531.0765954589843,0.03848550193328837,0.020596942882754102,-0.023807023810410905,55.999432131174295,3.8172163089880087,4.205003624096128,603.96123046875,629.0654808415916,578.8569800959085,0.0831319929372204
2025-01-16,609.8754272460938,614.8139040494975,608.2891666484603,610.0749733489131,8355300,META,603.3157379150391,593.1251831054688,531.6816842651367,-0.009430839535254698,0.020628182651445406,-0.0330133431242976,51.25132835573712,3.790841714854878,4.1221712422478785,603.3157379150391,627.0061126892681,579.6253631408101,0.07853391942368042
2025-01-17,611.342041015625,623.5135618341703,602.2632108119018,622.595722821053,17280600,META,602.9830169677734,594.17357421875,532.2641587829589,0.0024047759657308543,0.02057535748709225,-0.030687956852660472,53.39044480183762,3.8439722142875326,4.06653143665581,602.9830169677734,625.9820773494034,579.9839565861434,0.07628427247349548
2025-01-21,615.0234375,620.0516704767022,607.5907866326766,616.3902400115962,11674000,META,603.9442718505859,595.061328125,532.8184278869629,0.006021827777882072,0.018820905295044307,-0.024850926665800216,55.98621335861324,4.13546537682123,4.080318224688893,603.9442718505859,627.2834939537171,580.6050497474547,0.07728932350534902
2025-01-22,622.0469970703125,632.2232391929498,617.9864744815644,621.8474509712569,12274000,META,605.3375183105469,596.0971301269532,533.3870207214355,0.011419986852635233,0.018909410342796563,-0.013714737068964266,61.72751150362178,4.876999354479949,4.239654450647105,605.3375183105469,629.5340902281662,581.1409463929276,0.07994406817918756
2025-01-23,634.966796875,635.1164107716554,619.7024649482253,625.897953878345,9910200,META,607.891552734375,596.9995593261718,533.9385292053223,0.02076981299730818,0.018728944277241488,0.0,67.59462975156177,6.4330342290369344,4.678330406325071,607.891552734375,633.3071354552679,582.475970013482,0.08361880538254036
2025-01-24,645.9811401367188,650.4806401975176,632.7221318308331,634.917017335238,19065300,META,610.2680053710938,598.1693273925781,534.5853541564942,0.017346329470967703,0.018362934768577997,0.0,66.98105976440111,8.457476009421953,5.434159526944448,610.2680053710938,640.4151319130065,580.120878829181,0.09879962992187588
2025-01-27,658.3422241210938,662.3229161040041,623.6432460146609,625.1497368617698,28399200,META,612.8684326171875,599.7093310546875,535.3056748962402,0.01913536358315171,0.01856725407060817,0.0,68.53155922029751,10.933265004096256,6.533980622374811,612.8684326171875,649.7963596692983,575.9405055650767,0.12050849770288918
2025-01-28,672.758544921875,680.9893189567582,657.933128684667,664.4479402705756,20950100,META,616.4091613769531,601.5047644042969,536.0835014343262,0.021897913080127118,0.018757507485960542,0.0,65.99491686353362,13.898410006776999,8.00686649925525,616.4091613769531,661.585278710069,571.2330440438371,0.1465783449168737
2025-01-29,674.9135131835938,679.4628842264866,664.1187205609702,673.426995188933,21377800,META,620.234228515625,603.43939453125,536.8555375671386,0.003203182297697893,0.018570758475598335,0.0,72.9264331159882,16.235049172128015,9.652503033829802,620.234228515625,671.5340330013563,568.9344240298936,0.16542074631548323
2025-01-30,685.3990478515625,709.1335868447954,674.5244243363409,695.1961710974357,29322900,META,625.0110748291015,605.6403576660156,537.7360157775879,0.015536116055089977,0.01802888773070627,0.0,79.08342632366607,18.71718747550733,11.465439922165308,625.0110748291015,681.8914771552954,568.1306725029076,0.18201406220440774
2025-01-31,687.573974609375,703.6564047890081,683.9823881610954,689.3897407126141,19303900,META,630.1824981689454,608.3449731445312,538.6854225158692,0.003173226990364153,0.017600634277914595,0.0,78.60040626038082,20.622079876493217,13.296767913030891,630.1824981689454,690.1426696442131,570.2223266936776,0.19029462623759846
2025-02-03,695.8345947265625,702.3593313663864,673.6763331039097,674.3347681841834,21415700,META,635.0820495605469,611.2084204101562,539.6784704589844,0.012014154726959436,0.01726617818956264,0.0,84.56525514527874,22.538474332465853,15.145109196917883,635.0820495605469,699.745688583518,570.4184105375758,0.203638692253122
2025-02-04,702.5489501953125,706.0607666337353,689.9982497177888,700.8628861544697,13826300,META,640.0484497070313,614.0727734375,540.7328985595703,0.009649355636576873,0.017269265725611445,0.0,95.21306037666731,24.31869237003741,16.97982583154179,640.0484497070313,709.4897308300912,570.6071685839714,0.2169875769712282
2025-02-05,703.2274169921875,716.4665130283939,697.381087327231,701.9104857176951,17778200,META,643.7732513427734,616.8623742675782,541.7527624511719,0.0009657217432128551,0.015282136041438328,0.0,94.14432131753387,25.490436703839578,18.681948006001345,643.7732513427734,718.4528585526087,569.093644132938,0.23200593393425295
2025-02-06,710.3307495117188,717.2246803609337,701.860544580122,704.2350030352095,13080700,META,648.46728515625,619.8424877929688,542.9112670898437,0.010101046045549955,0.014094757614698685,0.0,100.0,26.684628315027908,20.282484067806656,648.46728515625,727.5856151423162,569.3489551701838,0.2440164116128154
2025-02-07,712.8548583984375,723.3204021183071,710.091294290037,715.1295132827424,16427100,META,653.6451904296875,622.9518371582031,544.0791090393067,0.0035534275947561866,0.013421500409641846,0.0,100.0,27.517503610312247,21.729487976307773,653.6451904296875,735.47793139585,571.8124494635251,0.25038887201898613
2025-02-10,715.7281494140625,719.5192814719111,709.6722880239806,716.885419282827,12904300,META,658.7103576660156,625.99962890625,545.1898318481445,0.004030681676323811,0.013449528071815847,0.0,100.0,28.085659850196635,23.000722351085546,658.7103576660156,742.8302906596028,574.5904246724284,0.2554079559084096
2025-02-11,718.12255859375,721.9735485962613,708.3852936539699,711.6576791372714,12998000,META,664.2708679199219,628.9272351074219,546.3254608154297,0.0033454170855899967,0.012660042105989804,0.0,100.0,28.401739005748368,24.080925682018112,664.2708679199219,748.6761131447541,579.8656226950897,0.25412899857895715
2025-02-12,723.6895751953125,725.4055376689322,710.9393285513713,713.6330486346045,12016500,META,670.8120910644532,632.0527099609375,547.7482029724121,0.007752181761932153,0.010247399130746435,0.0,100.0,28.769805320840987,25.01870160978269,670.8120910644532,752.1382240906431,589.4859580382632,0.2424706832494346
2025-02-13,726.8621826171875,727.3011596897542,716.3666786322259,719.8386103490428,12569100,META,676.3711090087891,635.1395581054687,549.1773065185547,0.004383934121227062,0.007819795095272586,0.0,100.0,28.98340082847517,25.811641453521187,676.3711090087891,757.0268783568599,595.7153396607182,0.23849560773307005
2025-02-14,734.9532470703125,739.1833564308025,723.9290101705715,724.447817848227,16901200,META,682.625,638.0191870117187,550.6999447631836,0.011131497341066554,0.006616208490516931,0.0,100.0,29.465893609024988,26.54249188462195,682.625,760.9339636860753,604.3160363139247,0.2294347956376498
2025-02-18,714.7005615234375,735.2824901001159,704.7937097713013,734.2848205070356,21938700,META,687.7929260253907,640.0786682128906,552.1335075378418,-0.027556427062002564,0.010521104688426383,-0.027556427062002543,75.43562493244835,27.89252251188134,26.81249801007383,687.7929260253907,759.6726907453526,615.9131613054287,0.20901571388743367
2025-02-19,702.1300048828125,705.352458439168,693.7695281560459,702.4591920318235,17535500,META,692.1482543945312,641.8841467285156,553.4593463134765,-0.017588564102748006,0.011967390674644167,-0.04466031318092785,64.65411343131333,25.339181407324304,26.517834689523927,692.1482543945312,755.514530337683,628.7819784513795,0.18310029835611602
2025-02-20,693.220703125,703.9855351233361,692.0234875447729,695.65501914406,12587400,META,695.7069396972656,643.608134765625,554.7282518005371,-0.012688963149067423,0.012662375334988683,-0.05678258326181662,54.28411344426006,22.339221354329425,25.68211202248503,695.7069396972656,749.8145954430736,641.5992839514577,0.15554726468404273
2025-02-21,681.9570922851562,702.2297473323455,680.7698629394665,694.956757343125,15660400,META,698.0564544677734,644.8109790039063,555.8896998596191,-0.016248232040774302,0.013014680269856476,-0.07210819871387839,47.202063055508766,18.835725617843423,24.31283474155671,698.0564544677734,744.6127506887167,651.5001582468301,0.13338834108034917
2025-02-24,666.572998046875,685.6684089004975,660.9062419977378,684.6807257344343,15677000,META,699.0860473632813,645.9095043945313,556.9059753417969,-0.02255874220287235,0.013838337831966844,-0.09304027065125084,36.38981593879843,14.648948214205575,22.380057436086485,699.0860473632813,741.5217320601242,656.6503626664384,0.12140332325869226
2025-02-25,655.9677734375,666.4433044201521,640.3642060071343,664.4180058682373,20579700,META,698.9673248291016,646.6812854003906,557.8564898681641,-0.015910072325835856,0.01372764293641799,-0.10747006554180992,29.09090909090908,10.355769103323269,19.975199769533845,698.9673248291016,741.8934164105323,656.0412332476709,0.12282717676946106
2025-02-26,672.1300048828125,681.4183061907152,656.466580376106,658.1127595320887,14488700,META,698.9358978271484,647.5099487304688,558.8661259460449,0.024638758335057798,0.013970243921901432,-0.0854792361798896,37.74472072876456,8.163447589257203,17.612849333478515,698.9358978271484,741.9436234543512,655.9281721999457,0.12306629480873743
2025-02-27,656.7059936523438,687.0451587125867,656.0375721050787,680.859595335276,12500000,META,698.025521850586,648.0678137207032,559.7846133422852,-0.02294795816050199,0.014855030924754884,-0.10646562040494378,30.16751075158622,5.122380577353056,15.114755582253423,698.025521850586,743.8527037557294,652.1983399454425,0.13130517572952832
2025-02-28,666.642822265625,668.0694824508789,641.1024446071139,656.5064652824952,17534200,META,697.0877105712891,649.0325598144532,560.7489048767089,0.015131320117875768,0.014831196939625708,-0.09294526567096353,33.797409085150605,3.4740849949851054,12.78662146479976,697.0877105712891,744.7343850433567,649.4410360992215,0.13670209286294663
2025-03-03,653.5234985351562,679.6624558029707,649.3233482384725,672.1100891704203,10843800,META,695.3851867675781,649.64732421875,561.6883419799805,-0.019679689471315265,0.015341487740692434,-0.11079582117604539,29.65212832267784,1.0965388708133332,10.448604946002476,695.3851867675781,746.7514345358429,644.0189389993134,0.14773466201382618
2025-03-04,638.508544921875,648.2358235359192,622.196671295492,644.005714168679,21495200,META,692.5188842773438,650.0575659179688,562.5336018371582,-0.022975384430608203,0.015601189801935917,-0.13122562902182905,25.943577520417776,-1.976481188452567,7.963587719111467,692.5188842773438,749.8329237392169,635.2048448154707,0.1655233980274238
2025-03-05,654.940185546875,657.9631539056292,636.1740213033428,639.5062648271543,13770000,META,690.1384460449219,651.2404028320312,563.4128157043457,0.025734409908344302,0.01672536954565247,-0.10886823324121282,30.506374942716207,-3.0508078381513997,5.760708607658893,690.1384460449219,749.6124518125289,630.664440277315,0.17235384032999007
2025-03-06,626.4666137695312,649.0438798563313,622.6555088997344,646.4898483233629,13446500,META,686.300405883789,651.88609375,564.1910006713867,-0.04347507208397716,0.018926387438147764,-0.147610251037373,25.105133556621382,-6.129145750060957,3.3827377361149233,686.300405883789,751.8180491307048,620.7827626368733,0.1909299271433328
2025-03-07,624.201904296875,633.3106321661818,599.2102942304716,623.9126020486227,21375700,META,681.9939636230469,652.6924096679687,564.9644288635254,-0.0036150521398565783,0.018573046911865974,-0.15069168442335215,21.72008817416392,-8.651761727295138,0.9758378434329111,681.9939636230469,752.0278277243431,611.9600995217506,0.20537971840467925
2025-03-10,596.596435546875,608.6881862514739,585.502354444259,606.65296218488,21999900,META,676.1810424804687,652.6552966308594,565.6151017761231,-0.04422522353739988,0.020239983440364213,-0.188252534531902,20.934014367325744,-12.731720336498256,-1.7656737925533226,676.1810424804687,754.2661067650316,598.0959781959058,0.23095904611025347
2025-03-11,604.2985229492188,613.497008157352,591.9473674566563,593.6633300752528,17401500,META,670.6095611572266,652.6145935058594,566.3252284240723,0.012910045959767746,0.020626835599218515,-0.1777728374449839,25.332089424755893,-15.16876674367552,-4.446292382777762,670.6095611572266,752.6164438852913,588.6026784291619,0.2445741530632247
2025-03-12,618.1162109375,631.8541416152899,607.9299818068337,628.4321419951534,15747000,META,665.609243774414,652.9380383300781,567.0887734985351,0.02286566566611059,0.021639936214805148,-0.1589720660444062,31.52005906314747,-15.803004439764322,-6.7176347941750745,665.609243774414,747.6135636651045,583.6049238837236,0.24640378918320152
2025-03-13,589.2636108398438,619.0540116787705,585.1432303548188,618.8045942687469,16480300,META,658.8879455566406,652.7550671386718,567.7180047607421,-0.04667827762338628,0.02303231909301231,-0.19822980143460842,29.009099111650713,-18.42145501355276,-9.05839883805061,658.8879455566406,742.8605965669403,574.9152945463409,0.254892054336669
2025-03-14,606.7233276367188,607.9815194546456,593.921878023224,601.9302652875026,12364500,META,652.8810028076172,653.0922912597656,568.3726498413085,0.029629721699581335,0.024504973357444476,-0.17447357358409776,36.57296735070463,-18.87021859596041,-11.02076278963257,652.8810028076172,733.5011808930863,572.2608247221481,0.24696744962335881
2025-03-17,604.0272827148438,612.2154031063742,597.1372135641119,606.5835867430537,15473900,META,646.3347045898438,653.4899267578126,569.0053578186036,-0.004443615069782303,0.024085281065828502,-0.178141895253023,37.91861766270037,-19.221837879694704,-12.660977807644997,646.3347045898438,719.8436221663027,572.8257870133849,0.227463934875992
2025-03-18,581.5197143554688,599.383916000254,573.8308122814993,599.1841923852631,20297700,META,639.6756622314454,653.1634497070313,569.5531872558594,-0.03726250287605082,0.024561668264888165,-0.20876638524486288,29.52829946708124,-21.073746328614106,-14.343531511838819,639.6756622314454,711.2109317625191,568.1403927003716,0.2236610637382388
2025-03-19,583.2173461914062,591.465438844832,573.9407712608652,583.437060479347,20537500,META,633.730029296875,652.7633776855469,570.1458694458008,0.0029193022936790936,0.024654745025417465,-0.20645653513847226,32.29870261229972,-22.149091475999057,-15.904643504670869,633.730029296875,703.1443244299542,564.3157341637959,0.21906582274504002
2025-03-20,585.1544799804688,609.3195747902407,578.6738539383629,581.9191646208485,24336500,META,628.3267181396484,651.8918395996094,570.7493316650391,0.003321461204322196,0.024786320501033163,-0.20382081130599128,29.58505725367678,-22.58465786783131,-17.24064637730296,628.3267181396484,695.0132022772834,561.6402340020134,0.2122669057750101
2025-03-21,595.3897094726562,596.6778262742098,580.1117970416443,582.5782039839329,25015900,META,623.9983489990234,651.4706323242187,571.3509405517578,0.017491499838690583,0.025347497689268167,-0.18989444315538115,35.22243060718634,-21.85205302595466,-18.1629277070333,623.9983489990234,687.173290670423,560.8234073276238,0.20248432314842046
2025-03-24,617.9570922851562,621.6417707519487,611.3167235438618,614.0826855144928,15741300,META,621.5675537109375,651.6438391113281,572.0678735351562,0.037903548639576234,0.026884901677109777,-0.15918856777833013,44.96900705742009,-19.22880156621136,-18.376102478868916,621.5675537109375,681.5031659849016,561.6319414369735,0.19285309188399916
2025-03-25,625.4063720703125,632.9654575641416,620.2837686391537,625.8557350102046,15312500,META,620.0394836425781,651.8634704589844,572.7321612548828,0.012054687741521741,0.026929020217219525,-0.14905284851339629,42.437547667571046,-16.36017139048863,-17.97291626119286,620.0394836425781,677.8012086042371,562.2777586809192,0.18631627980309626
2025-03-26,610.0984497070312,625.8457160257799,605.7347596820686,623.9884142880119,12609800,META,616.9379058837891,651.9271923828124,573.3263763427734,-0.02447676110591379,0.02660607909453945,-0.1698812786540917,45.50573246358178,-15.147373220363875,-17.407807653027064,616.9379058837891,669.3351460599004,564.5406657076778,0.16986228168635562
2025-03-27,601.7105712890625,613.3637159082887,599.2341081674626,601.1313910896048,10436500,META,614.188134765625,652.1041015625,573.8826316833496,-0.013748401462086335,0.02634846652851526,-0.181294084096349,44.02536953735843,-14.693674092265042,-16.86498094087466,614.188134765625,663.4781087347026,564.8981607965475,0.1605044812136811
2025-03-28,575.9078369140625,600.8817608125378,573.091898457094,599.4438360887048,17602800,META,609.6513854980469,651.3086218261719,574.2619177246094,-0.04288230190093223,0.027303895977107622,-0.2164020783502086,44.451105319678355,-16.229100319911254,-16.73780481668198,609.6513854980469,655.1714848653369,564.131286130757,0.14933157030424163
2025-03-31,575.5284423828125,577.86509316616,552.5017146196878,562.6870107661883,21124700,META,605.7516326904297,650.6216821289063,574.6150805664063,-0.0006587764689623965,0.02716741142953665,-0.2169182942221193,41.96807123906698,-17.277387665204856,-16.845721386386558,605.7516326904297,648.7395841866141,562.7636811942452,0.1419325980361113
2025-04-01,585.1544799804688,589.0588115540622,569.1775658513092,570.01638065981,12836600,META,603.0839294433594,650.0979309082031,575.0095582580566,0.01672556365381772,0.027310333180403493,-0.20382081130599128,40.57733115722716,-17.13391306851122,-16.90335972281149,603.0839294433594,644.0889957908298,562.0788630958889,0.1359846095893079
2025-04-02,583.0874633789062,591.8048477070258,572.5327070966798,574.080458474082,13470800,META,599.4912933349609,649.4592114257813,575.4172805786133,-0.003532428909424845,0.026402502813709518,-0.20663325768921645,47.9151677878898,-16.991136141100924,-16.92091500646938,599.4912933349609,633.3310710439114,565.6515156260105,0.11289497640808192
2025-04-03,530.8529663085938,551.7627562198618,529.5348635095143,545.4318768443412,34777500,META,594.7106109619141,647.6353308105469,575.5610417175293,-0.08958261041597648,0.0314308179283463,-0.27770512148263576,29.258577490752742,-20.85249716208807,-17.707231437593116,594.7106109619141,638.1564603391006,551.2647615847276,0.14610753054133357
2025-04-04,504.0017700195313,517.2526126590658,493.48696426685154,505.8890272194756,38589800,META,588.7006042480468,645.0160302734375,575.5582473754882,-0.0505812305727108,0.03282795618984123,-0.3142396852744107,25.845188045238643,-25.7821204903413,-19.322209248142755,588.7006042480468,646.011901034754,531.3893074613396,0.19470439260007724
2025-04-07,515.505126953125,538.5917633076846,481.2046828713169,484.40007792998455,36606100,META,584.6460388183593,642.4065100097656,575.6485241699219,0.02282404074324562,0.03258364241477863,-0.2985878639110129,33.16355487450454,-28.43290094381041,-21.144347587276286,584.6460388183593,650.4499280652582,518.8421495714605,0.22510676504332947
2025-04-08,509.7135314941406,546.6401569981987,502.1344555804991,542.466195243981,28034200,META,579.9167892456055,639.4339361572265,575.6988381958008,-0.011234797010100328,0.032262200817385615,-0.30646808688039356,31.636960639711234,-30.647709188198746,-23.04501990746078,579.9167892456055,652.969856807609,506.863721683602,0.2519432750241143
2025-04-09,584.9248657226562,587.0418020934284,501.38553692930896,508.5352100791647,39216600,META,578.2572219848632,637.6772625732422,576.1596673583985,0.14755608705942347,0.047147926317057144,-0.20413323152962834,49.958009915553276,-26.033931615707388,-23.642802249110105,578.2572219848632,649.1320077524181,507.3824362173084,0.24513238425030892
2025-04-10,545.5018310546875,580.4613309550042,534.5276963693453,574.6597156332648,28173500,META,576.0691329956055,635.0890289306641,576.4028157043457,-0.06739845914955733,0.048398580413394184,-0.2577734254128689,41.75686720149613,-25.26732310233183,-23.96770641975445,576.0691329956055,648.2040764870604,503.9341895041506,0.2504384955199646
2025-04-11,542.7857666015625,546.6102578983532,527.8273986400332,534.7373976799885,17642300,META,572.8722549438477,632.2367633056641,576.574172668457,-0.004979019864834733,0.047794164940686445,-0.2614689862719464,36.70716733893162,-24.595423304895576,-24.093249796782676,572.8722549438477,644.9542113521308,500.7902985355646,0.25165106456534003
2025-04-14,530.713134765625,556.9652412544987,527.5178006421743,555.3675132456816,14130900,META,569.2065475463867,629.0995465087891,576.6726179504394,-0.0222419830783801,0.0479584934256577,-0.2778953805821447,33.52443012377803,-24.751775310285097,-24.224954899483162,569.2065475463867,642.069934544003,496.34316054877036,0.25601738880798247
2025-04-15,520.767578125,537.163870525552,516.7533586187461,531.3422648985347,15558700,META,566.1689407348633,625.5982061767578,576.6892668151855,-0.018739985858871155,0.047487120085053715,-0.2914276109386608,34.16188542773601,-25.385579544411712,-24.45707982846887,566.1689407348633,641.8806878753244,490.4571935944022,0.26745284558418353
2025-04-16,501.5852661132813,512.629306338645,494.91491131205976,507.7763329602169,18735100,META,562.0873367309571,621.5789324951172,576.6863906860351,-0.036834689442041935,0.04799117877172889,-0.317527654836941,32.90249442087354,-27.123068383543682,-24.990277539483834,562.0873367309571,642.5798851741278,481.5947882877864,0.2864058418796879
2025-04-17,500.7564697265625,506.5680494021945,497.2914750644452,504.52101935573154,14593500,META,557.8674362182617,617.5295135498047,576.6770802307129,-0.0016523539320463243,0.047950744097136344,-0.3186553406999841,35.97047108215651,-28.241368828145482,-25.640495797216165,557.8674362182617,642.0335878454706,473.7012845910527,0.3017424791730613
2025-04-21,483.9607238769531,492.7879656431992,479.1077201623686,490.621083166053,16166000,META,552.2959869384765,613.0021130371093,576.5597894287109,-0.033540746580429937,0.04795351102704788,-0.3415081492514953,33.893054715894735,-30.135522761883408,-26.539501190149615,552.2959869384765,640.6519420603489,463.9400318166041,0.31995870769097184
2025-04-22,499.5581970214844,506.1486806655398,485.6582673272301,491.1603272752648,17399400,META,546.3760421752929,608.7361798095703,576.5181953430176,0.032228799518237095,0.047675800436381185,-0.3202857474093288,35.253238476883524,-30.031878866394777,-27.237976725398646,546.3760421752929,632.032834865184,460.71924948540186,0.3135451999281108
2025-04-23,519.5193481445312,534.5676117147929,515.7747588305107,527.7674399584153,18173900,META,541.081690979004,604.8120037841796,576.4272688293457,0.03995760902745915,0.048737275883948675,-0.2931259910539191,39.68434389455785,-28.016090210639163,-27.39359942244675,541.081690979004,618.9020577019809,463.2613242560271,0.2876473849343264
2025-04-24,532.3807983398438,533.1297162437559,516.7533536993726,517.981559558718,13910000,META,537.1958084106445,601.0971685791015,576.453383026123,0.024756441201366775,0.04911060161512709,-0.27562630621467105,50.284256599495265,-25.091512299972123,-26.933181997951827,537.1958084106445,607.9458292712882,466.4457875500009,0.26340496241013384
2025-04-25,546.4804077148438,549.0666366821536,535.4762880818677,546.0110541474862,17098900,META,534.4343002319335,597.5529852294922,576.5466093444825,0.02648406820638094,0.04958432703138413,-0.2564419439015522,58.296929383888276,-21.38947800614494,-25.82444119959045,534.4343002319335,598.5853825996682,470.28321786419895,0.24007097725536833
2025-04-28,548.9468383789062,557.6842140858612,539.8100763507483,554.8383503772915,15179000,META,533.0862503051758,593.9946783447266,576.6288136291504,0.004513301170989914,0.04873678057418824,-0.2530860424562641,56.7708604943895,-18.048516748535803,-24.26925630937952,533.0862503051758,594.648681174325,471.5238194360266,0.23096611789895755
2025-04-29,553.6400756835938,555.767007469421,543.3349577071189,545.2122501842537,11835000,META,531.9918319702149,590.3684149169922,576.8439846801758,0.008549529711378012,0.04878659267756884,-0.24670027938440095,58.933431278953734,-14.850884106462104,-22.385581868796038,531.9918319702149,591.1069672455627,472.8766966948671,0.22224076281929656
2025-04-30,548.2078857421875,548.3077170802433,528.7360209480661,537.623204130374,29244000,META,530.1445022583008,587.0385614013671,577.1008624267578,-0.009811771546160197,0.04864448782743771,-0.2540914841488675,39.57352337612278,-12.609712611770533,-20.43040801739094,530.1445022583008,584.3716793709677,475.9173251456339,0.2045750804985089
2025-05-01,571.3843994140625,592.0944646154164,569.676844774487,591.2257247848668,31159000,META,529.5593490600586,584.4236492919922,577.4871174621582,0.04227687027978022,0.04964481251276762,-0.22255680658364582,58.096947997071766,-8.861269892967698,-18.11658039250629,529.5593490600586,581.5891196949804,477.5295784251369,0.19650213230026806
2025-05-02,596.15869140625,603.4681380658725,577.4956532612366,582.6182570229101,24739300,META,532.8246353149414,582.4824090576171,578.0289637756348,0.04335836263221893,0.04574810390562046,-0.18884814267754926,64.6719694984267,-3.8471758672586702,-15.262699487456766,532.8246353149414,592.7882523056066,472.8610183242761,0.22507824532257997
2025-05-05,598.4053955078125,602.3397133318473,587.2015519796344,590.3669612530514,13887700,META,537.5448165893555,580.8113751220703,578.7204760742187,0.0037686343149050394,0.043731568040557244,-0.1857912079534449,69.67095356422631,0.304312096794888,-12.149297170606436,537.5448165893555,602.6014628224835,472.48817035622744,0.24205105965267457
2025-05-06,586.462646484375,595.1700972546984,585.7337192068476,591.6751469367607,10600700,META,541.092692565918,579.2091680908203,579.2832572937011,-0.01995762256338407,0.04408996423439445,-0.20204087971289894,68.87153168007175,2.6007365101033884,-9.199290434464471,541.092692565918,608.7749252872891,473.410459844547,0.25016871841463917
2025-05-07,595.9489135742188,602.2098866527917,585.8235290496914,589.5082075152634,13139100,META,545.4044616699218,578.0087908935546,579.8887893676758,0.016175398632309212,0.0439074033363216,-0.18913357284996837,78.70593486542657,5.127030658636272,-6.334026215844323,545.4044616699218,615.6100667120594,475.19885662778427,0.257444190416711
2025-05-08,597.147216796875,610.4180203966848,595.7592076246763,605.4152389401659,14622800,META,546.0155792236328,576.5091351318359,580.4474797058106,0.0020107482291886747,0.02932640317346031,-0.18750312461746793,79.2568167646114,7.14348438640377,-3.638524095394704,546.0155792236328,617.8632385711825,474.16791987608315,0.2631707302187539
2025-05-09,591.6351928710938,606.0942827774223,590.8563498854548,602.8489716185445,10427300,META,548.3222473144531,575.2077191162109,580.972186126709,-0.00923059468542442,0.0246512062506122,-0.19500295395729791,85.08491214644135,8.20221420882126,-1.270376434551511,548.3222473144531,623.0066782837207,473.6378163451854,0.27241072684923345
2025-05-12,638.5073852539062,639.4660220500658,620.1339704306981,630.0096542338201,21965100,META,553.1083282470703,574.6450103759765,581.8677935791015,0.07922482122023644,0.02965581961619211,-0.1312272069017464,87.6101250172022,12.677323129186675,1.5191634781961263,553.1083282470703,637.8853797115701,468.33127678257057,0.306547730833047
2025-05-13,655.08349609375,659.966394384485,641.9025291274511,644.608580079292,18570800,META,559.3268463134766,574.6762103271484,582.8854209899903,0.025960719049870074,0.02897119786140659,-0.10867324050195183,87.37884305275958,17.36130251408531,4.687591285373963,559.3268463134766,654.762629064041,463.89106356291217,0.34125228702888727
2025-05-14,658.4086303710938,661.7138521126336,653.365928933295,660.2559976740721,12348200,META,566.2088989257812,575.0742120361328,583.858475189209,0.005075893832116707,0.028163751366604997,-0.10414896050101508,86.67827199090522,21.098490207978102,7.969771069894791,566.2088989257812,669.4674663484874,462.950331503075,0.3647366462046417
2025-05-15,642.9509887695312,656.3616041086932,637.6586480133124,653.336007607732,14341800,META,573.2771850585938,574.8344281005859,584.7541914367675,-0.023477276707096317,0.027078059001137595,-0.12518110324367265,77.85594191149258,22.552959410669928,10.88640873804982,573.2771850585938,677.2609862798425,469.29338383734506,0.3627697174469649
2025-05-16,639.4161376953125,639.515969035449,625.2466087350075,637.039566707962,18519000,META,580.2101684570313,575.0934185791016,585.6447817993164,-0.005497854635831079,0.02719971345682974,-0.12999073037071707,75.9628733725572,23.153504604457567,13.33982791133137,580.2101684570313,682.3079323178456,478.11240459621695,0.3519337281948219
2025-05-19,639.5059814453125,642.0722807676308,626.89419911061,627.3435620408461,9592400,META,587.9874313354492,575.3995001220703,586.4778594970703,0.0001405090436470413,0.025155760128596615,-0.12986848620027747,75.31053749496695,23.367326641135037,15.345327657292103,587.9874313354492,682.6403708776646,493.33449179323367,0.32195565584535635
2025-05-20,636.1807861328125,638.427539897765,631.3478032754666,635.0923928837207,6743500,META,594.8185607910157,576.1911871337891,587.1802288818359,-0.005199631291930906,0.025145972319181815,-0.13439284924752568,76.25777341205242,23.00329896242215,16.87692191831811,594.8185607910157,682.0275456630036,507.6095759190278,0.2932288621122165
2025-05-21,634.5831298828125,645.6770862594399,629.2608026960274,630.8784605589066,11464600,META,600.5717498779297,576.796879272461,587.9224136352539,-0.0025113242726360063,0.024485659202385057,-0.13656666949577767,71.65245263196636,22.32849787269072,17.96723710919263,600.5717498779297,681.8444542851389,519.2990454707206,0.27065110679524435
2025-05-22,635.6515502929688,642.321904930245,629.8000198555354,633.1351667006269,8228400,META,605.7352874755859,577.1475860595704,588.7317370605468,0.0016836571283473933,0.02431313622987399,-0.13511294381402145,66.15473266399256,21.63058186219905,18.699906059793914,605.7352874755859,681.7163008974775,529.7542740536943,0.2508720062803143
2025-05-23,626.1552734375,631.5375113559843,621.7516630159821,623.0996908529319,8454100,META,609.7190307617187,577.8854193115235,589.4021542358398,-0.014939437890290619,0.024524639748383342,-0.14803387027202816,60.71567290958423,20.079741456822717,18.975873139199678,609.7190307617187,680.816775552013,538.6212859714244,0.23321477993387307
2025-05-27,641.3932495117188,642.1521627133571,631.8370500697896,634.4931853284312,9508400,META,614.3413513183593,578.5788177490234,590.1745057678222,0.02433577855308089,0.02481320934659406,-0.12730061120424294,70.68514635936845,19.851431635661243,19.150984838491993,614.3413513183593,680.6633791944813,548.0193234422374,0.21591262816281784
2025-05-28,642.6514282226562,649.9408832345952,641.6228851026552,641.6728007707804,9042900,META,618.7919189453125,579.3513006591797,590.8500210571289,0.0019616338523913424,0.024850581582766432,-0.1255886945402199,68.74852986145414,19.546696811000743,19.230127232993745,618.7919189453125,679.687115556856,557.896722333769,0.19681962464970484
2025-05-29,644.1193237304688,652.3774114577973,638.5773433389169,650.7098379625838,8858800,META,623.5874908447265,580.6032928466797,591.4923419189453,0.0022841239330506635,0.024545554634185313,-0.12359143075008923,68.81602862729892,19.20228715343137,19.22455921708127,623.5874908447265,675.5256931975136,571.6492884919394,0.1665787178714262
2025-05-30,646.5557861328125,648.4729988751875,631.8670488528962,641.5729954990708,16241000,META,627.346060180664,581.8700616455078,592.1559078979492,0.003782625846765031,0.02322050556904632,-0.12027630504371807,72.55580048840625,18.907982717022037,19.161243917069424,627.346060180664,673.98765685539,580.7044635059381,0.14869495366335467
2025-06-02,669.9320678710938,672.2886482991516,643.3304887205626,643.4603060358205,15766300,META,631.0347290039062,583.5656134033203,592.8736627197266,0.03615508860898098,0.022667133382242653,-0.08846981690115346,65.99254268202529,20.3267013432079,19.39433540229712,631.0347290039062,678.9428067601876,583.1266512476249,0.15183975003057185
2025-06-03,665.8878173828125,674.6052628286036,664.0704969861027,670.4812168844167,11585000,META,634.4088500976562,584.9755755615234,593.5800595092774,-0.00603680683794261,0.02282541300045136,-0.09397254854347566,56.30238996505199,20.883971437670425,19.69226260937178,634.4088500976562,682.1460563638424,586.6716438314701,0.15049350669946623
2025-06-04,686.9573974609375,688.0058702697532,667.6053551891937,668.3542730450752,14031900,META,639.4335876464844,586.355581665039,594.3391705322266,0.03164133586485529,0.022700723206535413,-0.0653046296491609,63.79693905422522,22.763349307795806,20.306479949056587,639.4335876464844,687.0771010070332,591.7900742859356,0.14901786293681177
2025-06-05,683.6322021484375,693.3781298406639,681.2656265406558,690.6620226565076,13083100,META,643.8177520751954,587.5200982666015,595.1310034179687,-0.004840468018526667,0.022797194383043725,-0.06982899269640909,72.27202220916797,23.711127223189806,20.987409403883234,643.8177520751954,690.7448588760323,596.8906452743585,0.14577761066568415
2025-06-06,696.703369140625,701.7959865050877,690.8717682492216,695.1655520394484,11728000,META,648.7955596923828,589.2521966552735,595.9789294433593,0.019120174490184993,0.02291584271858522,-0.05204396073105336,78.39814784558764,25.226190167981372,21.83516555670286,648.7955596923828,695.9981614963718,601.5929578883937,0.1455083996763773
2025-06-09,693.05859375,704.1725400365549,692.9387717641956,697.4522697198046,12773200,META,653.8667297363281,591.0791571044922,596.8213299560547,-0.005231459401611294,0.022774762526367807,-0.05700315426500111,75.64305947021462,25.834976031822634,22.63512765172682,653.8667297363281,696.8134041804943,610.9200552921619,0.13136216446273222
2025-06-10,701.3865966796875,702.2153552678959,690.5622098918083,700.3380628694553,10850100,META,657.0106903076172,593.5887322998046,597.6633926391602,0.012016304255930699,0.015554358807387831,-0.04567181725426638,79.79553451303345,26.68187144623937,23.44447641062933,657.0106903076172,704.2180013995528,609.8033792156816,0.14370332717062118
2025-06-11,693.1384887695312,707.8472163839234,690.9915664747034,702.6946882022667,9582500,META,658.9134399414063,595.9409332275391,598.4802990722657,-0.01175971703651335,0.015137489007477004,-0.05689444664332623,75.22359868604057,26.38335786132575,24.032252700768616,658.9134399414063,708.7861477363733,609.0407321464393,0.15137863267564233
2025-06-12,692.359619140625,694.3767242272471,686.0088098513999,692.2997081453341,7322700,META,660.6109893798828,598.0850360107422,599.312880859375,-0.00112368544169128,0.015154810960945474,-0.05795420062361136,74.48894010455516,25.786682599485516,24.383138680511998,660.6109893798828,712.6744562291102,608.5475225306553,0.15762216398519058
2025-06-13,681.884765625,693.5678973171928,680.0274638185289,686.9574533802801,9274400,META,662.5576782226562,600.0609820556641,600.1273471069336,-0.015129209194243098,0.014498807959968546,-0.07220660859293472,73.86464975311313,24.18973580221609,24.344458104852816,662.5576782226562,714.7522085710427,610.3631478742698,0.15755467656310584
2025-06-16,701.6464233398438,706.6730599404123,693.042245323344,698.8583271202571,13720300,META,665.6691925048829,603.4768511962891,601.050680847168,0.02898093447905481,0.01544857845244065,-0.045318289106466535,74.8394424544244,24.239328689845024,24.32343222185126,665.6691925048829,719.4505166281739,611.8878683815918,0.16158573876887514
2025-06-17,696.7597045898438,705.4937997727949,695.5905108235235,701.5265067822095,10066100,META,668.5318786621094,607.3320098876953,601.9611334228516,-0.006964645706792227,0.01564105440826478,-0.05196730898559429,71.6582428901176,23.612128132404905,24.18117140396199,668.5318786621094,722.5440669634468,614.5196903607721,0.16158448093583366
2025-06-18,695.3007202148438,701.1168019237268,694.4313119124115,697.7090678240436,10068300,META,671.4878753662109,610.9279217529297,602.8571206665039,-0.0020939563028531394,0.015555800071748883,-0.053952448014254736,70.48814478983523,22.73526138503837,23.891989400177266,671.4878753662109,724.5071820069629,618.4685687254589,0.157915901644052
2025-06-20,681.8897094726562,701.3466080737581,678.2121990654855,700.2773225024961,22538600,META,673.8532043457031,614.3714453125,603.6706658935547,-0.019288072559515812,0.01638765430950249,-0.07219988184170809,63.00193733944406,20.719342006556303,23.257459921453076,673.8532043457031,724.0880527115706,623.6183559798357,0.1490973049972937
2025-06-23,698.0588989257812,698.578506730811,678.2922104620159,683.2288810707365,11080100,META,676.9735717773438,616.6341259765625,604.6126119995117,0.023712323603812147,0.016972877103188153,-0.05019958520028362,60.92963179405057,20.193650005356176,22.644697938233698,676.9735717773438,724.9179043521198,629.0292392025677,0.14164314405627898
2025-06-24,711.7196655273438,712.7089880581048,701.6364439383941,704.4145982313105,13823200,META,681.2517913818359,619.9584826660156,605.6179821777343,0.01956964752198509,0.01660759877252228,-0.03161232586641802,66.57105341557337,20.64140375034833,22.244039100656625,681.2517913818359,725.2071723439332,637.2964104197387,0.12904298093055766
2025-06-25,708.2020263671875,716.0967226422507,704.9042642374237,712.8389115768144,9320400,META,684.5922302246094,623.2668078613282,606.5852481079102,-0.004942450420489464,0.016244165561402922,-0.036398533933636366,58.797899455755214,20.47636890244837,21.890505061014974,684.5922302246094,725.8661543777401,643.3183060714786,0.12057958688660296
2025-06-26,725.6002807617188,727.7287879670295,710.5703861718163,713.8781511444844,13964800,META,688.7396728515625,627.16455078125,607.7221163940429,0.024566795556598242,0.01679217171434915,-0.012725933718745728,65.56564029868788,21.50161409978341,21.812726868768664,688.7396728515625,728.9245183864606,648.5548273166645,0.11669095630435304
2025-06-27,733.1351928710938,734.933966624867,725.3704139910845,726.0300029969949,18775700,META,693.1904663085937,631.4119030761718,608.8741516113281,0.010384384225244458,0.016789906986363193,-0.002473700478861641,64.09096038235693,22.660911854571054,21.98236386592914,693.1904663085937,732.2698699425325,654.1110626746549,0.112752282477415
2025-06-30,737.5922241210938,747.3956053545359,733.7547871608941,744.0478281561813,15402100,META,697.7422882080078,636.1320422363282,610.0484719848632,0.006079412492183689,0.01677728566623033,0.0,67.11699601516237,23.666496213968003,22.319190335536916,697.7422882080078,735.1209763224326,660.363600093583,0.10714181653063752
2025-07-01,718.73486328125,737.2523942395003,714.8874844693272,736.3829859262192,13431200,META,700.1824279785156,640.4916101074218,611.0934495544434,-0.025566105800957972,0.016758546974672866,-0.02556610580095792,56.168695596312595,22.680352654032617,22.391422799236057,700.1824279785156,736.2663484549596,664.0985075020717,0.10307005441602184
2025-07-02,713.0886840820312,719.814124987759,712.3191839508311,714.8475066710681,9336700,META,702.5424713134765,645.0741693115234,612.0416273498536,-0.00785571910821492,0.016818736720096338,-0.033220984763309605,57.22762836921085,21.198860040994077,22.152910247587663,702.5424713134765,735.1930594289338,669.8918831980193,0.0929497915034619
2025-07-03,718.5250244140625,728.5382852595793,713.9380936153356,726.1198736779997,8601700,META,704.1208526611329,649.453505859375,613.021866607666,0.007623652504077372,0.015515390822009548,-0.02585059750291091,59.16984667510866,20.230232179305517,21.768374633931234,704.1208526611329,736.6510362754359,671.5906690468298,0.09239943254445443
2025-07-07,717.865478515625,726.5096688493239,713.0287770502092,717.1159843593155,9457100,META,705.8325164794921,653.4204284667969,613.9531517028809,-0.0009179163926480438,0.015444170361070486,-0.02674478520835128,63.541286696503796,19.18817840198983,21.252335387542953,705.8325164794921,737.4121404828312,674.2528924761531,0.08948191891427718
2025-07-08,720.1838989257812,722.4223783113574,714.3278660699458,721.0833162832664,7770700,META,707.00654296875,657.1764904785156,614.8808766174317,0.003229602870652215,0.014948117921209663,-0.02360155737278285,58.030975463743495,18.33803102054992,20.669474514144348,707.00654296875,738.901433438768,675.1116524987319,0.09022516350722881
2025-07-09,732.2857666015625,737.0325627099321,722.2324935525554,722.2324935525554,11418000,META,708.9679016113281,660.89259765625,615.8609861755372,0.016803857589474447,0.015215018831146097,-0.007194296992290507,64.48535658984565,18.428371877939412,20.221253986903363,708.9679016113281,742.0536100429989,675.8821931796573,0.09333485579946361
2025-07-10,726.7494506835938,735.3036743334181,719.1145893949879,731.0565410529589,9913600,META,710.2360443115234,664.4486499023437,616.7079960632324,-0.007560321626435607,0.015225096503576806,-0.014700227419588272,62.410233090486585,17.847498380979914,19.746502865718675,710.2360443115234,744.0348237080544,676.4372649149924,0.09517618731753978
2025-07-11,717.0260620117188,724.6708656262394,709.2213321577215,722.0126865863356,10873900,META,711.4304229736329,667.7163696289062,617.4951741027832,-0.013379285891071513,0.015305596814708507,-0.027882834765349373,64.28107172661663,16.41335283112153,19.07987285879925,711.4304229736329,744.3623949554094,678.4984509918563,0.09257959996742246
2025-07-14,720.4337158203125,727.5089573741911,716.0666683046045,717.1159478712506,8939400,META,712.8341278076172,671.1608862304688,618.2841386413575,0.004752482495591792,0.015302788509346096,-0.02326286495390746,60.14678683745666,15.374523398372503,18.3388029667139,712.8341278076172,744.7201127718694,680.948142843365,0.08946256561065699
2025-07-15,709.910888671875,723.9813484321952,709.3412657918492,723.4117865461602,11529500,META,714.2354339599609,673.931416015625,619.0258717346192,-0.014606239154778877,0.015272214547450744,-0.03752932113974426,49.155706184042664,13.545989644082738,17.38024030218767,714.2354339599609,742.6711798306242,685.7996880892977,0.07962569348598665
2025-07-16,702.4358520507812,713.4883895101593,698.7983536292803,712.8888186148534,13067600,META,714.2749053955079,676.0569592285157,619.7054078674316,-0.01052954214447721,0.014128218628520239,-0.047663696715626876,47.404381118275914,11.362708258337307,16.176733893417598,714.2749053955079,742.6391753222011,685.9106354688146,0.07942115763114325
2025-07-17,700.9368896484375,705.4239124906103,696.6398020897627,703.9149211888315,11803300,META,714.4837646484375,678.1075891113281,620.3797917175293,-0.0021339491684080336,0.014041194057691879,-0.04969593397806534,37.043250408340334,9.403095262955617,14.822006167325203,714.4837646484375,742.3623512293457,686.6051780675293,0.07803840467844883
2025-07-18,703.8049926757812,704.2346953216606,691.1835067266235,701.7163755426589,12779800,META,714.9089782714843,680.4544360351563,621.0709086608887,0.004091813499475405,0.014051667094572302,-0.04580746697211046,33.797086789399145,7.989422698806948,13.455489473621553,714.9089782714843,741.7974610178474,688.0204955251213,0.0752221151603784
2025-07-21,712.4890747070312,716.5163857618587,705.283976865439,706.323253430884,9404400,META,716.4389465332031,682.7852392578125,621.780125579834,0.012338761619513638,0.01345040364931122,-0.034033912767959446,36.75100956347171,7.4835442114533635,12.261100421187916,716.4389465332031,738.4579462691805,694.4199467972256,0.06146790272227889
2025-07-22,704.3345947265625,716.1166202717292,700.936863669917,715.7069236590216,8921100,META,716.7527313232422,684.9289868164062,622.4284837341309,-0.011445059678735103,0.012783212006013492,-0.045089452283964424,41.43179837303893,6.351418284612464,11.079163993872825,716.7527313232422,737.8274985966792,695.6779640498052,0.0588062419644487
2025-07-23,713.0986938476562,714.1479734039639,704.4545040389586,705.8935351714335,8771600,META,716.8216827392578,687.3582568359375,623.1389045715332,0.012443090523611477,0.012315170980782296,-0.03320741389678247,50.00574276341775,6.091174616153467,10.081566118328954,716.8216827392578,737.8360526440434,695.8073128344721,0.058632071017945465
2025-07-24,714.31787109375,723.1319295191287,713.518422874761,716.5663535187755,10920800,META,717.127474975586,688.8744665527344,623.8057774353027,0.001709689355221533,0.012259564170952822,-0.031554498903614656,47.46355213094003,5.915121213303905,9.248277137323946,717.127474975586,737.7887440852264,696.4662058659455,0.05762230518456663
2025-07-25,712.1992797851562,720.1639356225638,711.4198376232321,716.4364100852231,8271700,META,716.4574249267578,690.0167822265626,624.3964134216309,-0.00296589430885974,0.01088364693252413,-0.034426805903757234,46.642968984483204,5.54077441194363,8.506776592247883,716.4574249267578,736.8289092505628,696.0859406029527,0.056867257188066865
2025-07-28,717.14599609375,724.2511860836681,712.199322444747,714.7176423374738,8715700,META,715.6579650878906,691.1915295410156,625.0674079895019,0.006945691253838371,0.01072237885669833,-0.027720232614582178,48.25450620266988,5.578949878094136,7.921211249417134,715.6579650878906,734.4688297556356,696.8471004201456,0.052569427255476274
2025-07-29,699.52783203125,723.9812971110003,699.4378659012062,719.5143415178571,13267000,META,713.7547454833984,692.32306640625,625.6098890686035,-0.02456705351276456,0.011787280302661539,-0.051606281689318016,32.3002026203454,4.139844065926013,7.16493781271891,713.7547454833984,730.8452511036162,696.6642398631807,0.047889014338231874
2025-07-30,694.7410888671875,708.0221025377599,690.7337839335887,707.6124059283386,27077300,META,712.5550567626954,693.4295654296875,626.1402992248535,-0.006842820177952014,0.010543445037390449,-0.05809596936161734,32.563977245146646,2.58331334454806,6.24861291908474,712.5550567626954,731.4472053423614,693.6629081830293,0.05302649500656826
2025-07-31,772.9183349609375,784.2207041864842,764.9936908827026,774.6771576404832,38831100,META,715.5465393066406,696.0978125,627.0948908996583,0.11252716637391091,0.027514407324674955,0.0,67.43997016838938,7.57073126155035,6.513036587577862,715.5465393066406,748.5052034045033,682.587875208778,0.09212165047936464
2025-08-01,749.504150390625,765.4833558536491,744.8073082016023,760.2168907933417,19028700,META,717.0954956054687,698.3642797851562,627.9019071960449,-0.030293219233175295,0.028565090981901964,-0.030293219233175298,58.063991819016046,9.524178082521075,7.115264886566505,717.0954956054687,753.3868951244855,680.804096086452,0.10121775897748363
2025-08-04,775.8463745117188,776.3260312589632,757.898465626429,759.4874200926632,15801700,META,719.9945404052735,701.1895446777344,628.8382926940918,0.03514620180203765,0.029463469643875327,0.0,66.81445970660337,13.047492723055143,8.301710453864233,719.9945404052735,764.8077096610125,675.1813711495345,0.12448196962858744
2025-08-05,762.945068359375,782.6017838704779,762.485356671436,775.9262968482556,11640300,META,722.1325988769531,703.7354150390624,629.73085647583,-0.016628686523750602,0.02983313779660704,-0.016628686523750564,65.01513504311511,14.630071022169204,9.567382567525229,722.1325988769531,770.8905008510561,673.3746969028501,0.13503863985625453
2025-08-06,771.4692993164062,773.1182108239055,759.9471077743785,769.4806512883487,9733900,META,724.0917755126953,706.6416955566406,630.7132929992675,0.011172797768208342,0.02972526710100446,-0.005641677707222935,66.91267747947316,16.383253970786086,10.9305568481774,724.0917755126953,777.4950821458987,670.688468879492,0.14750424860271602
2025-08-07,761.316162109375,774.4772618550992,759.037670694158,772.9682705923176,9019700,META,725.8201110839843,709.0401538085938,631.6442658996582,-0.013160779328520111,0.029856163144662086,-0.018728208160395648,63.324838173858424,16.76018973485907,12.096483425513734,725.8201110839843,781.7626311149197,669.877591053049,0.15414982080721734
2025-08-08,768.7811279296875,769.3807598518028,758.0683873872562,762.2355578226991,7320800,META,728.4078643798828,711.5627478027344,632.6148567199707,0.009805342631409975,0.02964718117943985,-0.009106502026870699,63.116476783857856,17.460006313632334,13.169188003137455,728.4078643798828,787.3455132839807,669.4702154757848,0.16182595434845692
2025-08-11,765.3534545898438,772.9383623565644,764.1542517302764,769.5606371158788,7612000,META,730.6538513183593,713.9874304199219,633.5748381042481,-0.004458581532918782,0.029704533948145456,-0.013524481478022954,64.5380986824674,17.535888593952905,14.042528121300546,730.6538513183593,791.6979615498514,669.6097410868673,0.16709447331687022
2025-08-12,789.4671630859375,793.13467067664,771.9090063294184,772.4786291967464,14563100,META,734.6316650390625,716.8456579589844,634.6212455749512,0.03150663050056579,0.03001905994957827,0.0,66.9550917134193,19.319102014474083,15.097842899935253,734.6316650390625,800.1861361187745,669.0771939593504,0.17846895035820787
2025-08-13,779.5538940429688,794.9235259193555,777.7051051745191,790.6164352280034,8811800,META,738.4875671386719,719.0380944824219,635.7093995666504,-0.012556911175657937,0.030080226615665614,-0.012556911175657904,63.94515184670741,19.705243750605973,16.019323070069397,738.4875671386719,805.1314327113624,671.8437015659814,0.18048744092174066
2025-08-14,781.6024780273438,787.2786396920953,771.9889713529242,777.3553445445746,8116200,META,742.5208465576172,721.3523876953125,636.7874101257324,0.002627892696104084,0.03003433501521011,-0.009962016694717978,64.84038812812801,19.9466350725329,16.8047854705621,742.5208465576172,809.3594868021776,675.6822063130569,0.1800316867989076
2025-08-15,784.7003784179688,795.7129654452535,780.293379600551,783.621150744718,13375400,META,746.5656158447266,723.3072473144531,637.8536460876464,0.003963524269323893,0.030034748424468714,-0.0060379771203351,64.56017985616242,20.155573204092207,17.47494301726812,746.5656158447266,813.3301834815287,679.8010482079245,0.17885786920754204
2025-08-18,766.8524169921875,775.2867267942328,756.0497105947067,774.5672416992095,16513700,META,749.2837829589844,724.9716516113281,638.8061695861817,-0.02274493796188104,0.03065478307259956,-0.02864558166719883,64.4962913120502,18.665809025860085,17.713116218986514,749.2837829589844,814.618122412824,683.9494435051447,0.17439144137306403
2025-08-19,750.97314453125,766.6525648449835,748.854579245516,766.6026107662994,12286700,META,751.6157104492188,726.0570471191406,639.6039332580566,-0.020707077540709218,0.030970463216438777,-0.048759492927126634,61.55584599329707,16.019176507274665,17.374328276644146,751.6157104492188,813.4293561659243,689.8020647325133,0.16448204809279818
2025-08-20,747.2156372070312,749.6940059349637,730.506944043105,747.0657749776972,11898200,META,753.3215576171875,727.1401879882812,640.3902867126465,-0.005003517571276372,0.030955343042812486,-0.05351904151877557,42.39051516302515,13.463305129160062,16.59212364714733,753.3215576171875,812.485921126948,694.157194107427,0.15707598677224058
2025-08-21,738.6014404296875,744.9971479214436,732.6154905427838,744.2077027473434,8876300,META,754.5357360839844,727.8844848632813,641.2542897033692,-0.011528394680740628,0.031120385411502662,-0.0644304475659528,46.46213335952948,10.620241427553765,15.397747203228617,754.5357360839844,811.2769097928012,697.7945623751675,0.1504002288965177
2025-08-22,754.2808837890625,756.389506981927,733.8946798718869,738.7313812096488,10612700,META,756.6398162841797,729.1073327636718,642.1987828063965,0.021228557786528768,0.03138176215617466,-0.044569655258789774,42.48186582519273,9.522523280575342,14.222702418697963,756.6398162841797,809.7772946206009,703.5023379477585,0.14045646869966918
2025-08-25,752.7918701171875,758.3681233608074,749.6240254313439,754.3108643612958,6861200,META,758.4221099853515,730.3159777832032,643.1681297302246,-0.001974083798060855,0.03139092802176683,-0.04645575482251908,46.154408086307704,8.435187194097125,13.065199373777796,758.4221099853515,808.2715117312314,708.5727082394717,0.1314555604051223
2025-08-26,753.5913696289062,754.3608698171868,747.4355511046348,750.2936075268326,7601800,META,761.1252868652343,731.7501098632813,644.0829078674317,0.001062045890046992,0.030727806675793067,-0.04544304707595038,42.80775365564278,7.550935951277211,11.962346689277679,761.1252868652343,802.7052170701907,719.545356660278,0.10925909550635785
2025-08-27,746.8759155273438,753.6413688476172,742.338999603057,751.7925800305345,8315400,META,763.7320281982422,732.6546997070312,644.9660029602051,-0.008911267262613931,0.030770229835565953,-0.05394935920084301,44.02547297171033,6.2363902235725845,10.817155396136659,763.7320281982422,792.284882834476,735.1791735620085,0.07477191889829261
2025-08-28,750.6033935546875,752.5420875468095,740.3003496517379,743.4982035863915,7468000,META,762.6162811279297,733.7315734863281,645.7697932434082,0.004990759441897197,0.017237506726336088,-0.049227848032761666,42.23909782743521,5.43275418013252,9.740275152935832,762.6162811279297,791.4007292227543,733.8318330331051,0.07548867971255907
2025-08-29,738.2017822265625,746.6360921511391,734.8540051000575,744.7773613013366,9070500,META,762.0511627197266,734.5895947265625,646.523338470459,-0.01652218926082094,0.016267122013853268,-0.06493668547148237,39.23278188573296,3.7519107446508997,8.542602271278845,762.0511627197266,792.3247877018936,731.7775377375596,0.0794529985995213
2025-09-02,734.6141357421875,735.5035500540433,721.2431559989143,725.5502463590637,9350900,META,759.98955078125,735.6440832519531,647.2896989440918,-0.004859980794890473,0.013927115828681055,-0.06948107522209758,24.017794985301904,2.1060597779884347,7.255293772620763,759.98955078125,791.8802075905053,728.0988939719948,0.08392393494482245
2025-09-03,736.5528564453125,739.7507102826166,733.4949228182503,735.5035768564753,7699300,META,758.6699401855469,736.4139624023437,648.0575288391113,0.00263910073165996,0.013570003378483545,-0.06702534204689273,27.96723335507852,0.9472305037530759,5.993681118847226,758.6699401855469,792.1883014551643,725.1515789159296,0.08836085231324653
2025-09-04,748.1450805664062,760.6465916805791,745.3169722452417,748.0651174458885,11439100,META,757.5037292480469,737.142470703125,648.9073442077637,0.015738482336541626,0.013833301840372013,-0.05234173687225688,34.384372236756946,0.9532570079151128,4.985596296660804,757.5037292480469,790.7691077804038,724.2383507156899,0.08782894987296921
2025-09-05,751.9425048828125,757.4387952805295,744.5275265518461,752.1123731440612,9663400,META,757.0350463867187,738.0172802734374,649.7903022766113,0.005075785987299852,0.013619672263359424,-0.04753162633952421,34.810049557211556,1.2500437357563214,4.2384857844799075,757.0350463867187,790.3383732061791,723.7317195672583,0.08798358009557178
2025-09-08,751.7925415039062,765.992978439962,751.5127620882034,755.4900579545978,13087800,META,756.1856170654297,738.5411254882813,650.7875489807129,-0.0001994346348722642,0.01340202328270616,-0.047721581521852574,41.645419694571814,1.456360546593828,3.682060736902692,756.1856170654297,789.0917445201117,723.2794896107478,0.08703187871354268
2025-09-09,765.1835327148438,765.7831036056251,752.9217895494754,756.9790485610613,10999000,META,756.1771209716796,739.1820922851563,651.8501554870605,0.01781208308365212,0.014013555380450645,-0.03075951921315105,58.10714158866171,2.669635289329335,3.479575647388021,756.1771209716796,789.073368115791,723.2808738275683,0.08700672430247573
2025-09-10,751.4727783203125,765.1835560495044,750.4934588375091,764.6139331888977,12478300,META,754.2774017333984,739.4597033691406,652.8108628845215,-0.017918255958653484,0.012451085991219604,-0.048126618233378146,52.181037119126046,2.496048081489107,3.2828701342082383,754.2774017333984,783.2310848330523,725.3237186337445,0.07677197549102134
2025-09-11,750.3935546875,756.5893240941964,747.8652318538085,754.1410253741255,7923300,META,752.819384765625,740.0928771972656,653.7440937805176,-0.0014361446800837951,0.012219285754700368,-0.04949364612671565,56.546850157298984,2.2455098017147748,3.075398067709546,752.819384765625,779.239739035336,726.3990304959141,0.07019041965274687
2025-09-12,755.0803833007812,757.0590282777322,743.2583455274284,748.2249639979328,8248600,META,751.4932800292969,740.9327111816406,654.7128703308106,0.006245827384848912,0.012315210769788613,-0.04355694751222107,50.50558462781885,2.3975073374045905,2.9398199216485548,751.4932800292969,774.2373545611732,728.7492054974206,0.060530347073734704
2025-09-15,764.1842041015625,773.547878937133,751.4827553370264,756.9590394303372,10533800,META,750.4674713134766,741.8458947753907,655.7468544006348,0.01205675713754406,0.0126381881135888,-0.03202534591248455,56.571364998535415,3.215502423977,2.994956422114244,750.4674713134766,768.204995616869,732.7299470100842,0.04727060127562363
2025-09-16,778.4745483398438,780.8329418323293,764.583899780601,766.4826425887807,11782500,META,751.0485778808594,743.058076171875,656.8225343322754,0.01870013036330964,0.012321696736045112,-0.013924093692668442,62.420166387810085,4.959708343587863,3.387906806408968,751.0485778808594,771.5867073594519,730.5104484022669,0.05469188034825231
2025-09-17,775.19677734375,782.7616789884555,765.7931508650867,779.4639169106475,9400900,META,752.2597595214844,744.1583337402344,657.8398069763184,-0.004210505023040101,0.011315562045673999,-0.018075971249274236,64.63840373827293,6.008255940818685,3.911976633290912,752.2597595214844,775.4632563067577,729.0562627362111,0.06169011831772875
2025-09-18,779.7237548828125,788.2480310412486,772.8383872533639,780.223417654285,10955000,META,753.8851654052735,745.1070935058593,658.9013465881347,0.0058397785844446215,0.011239541298451288,-0.012341752334624184,64.92826667300793,7.122423851271378,4.554066076887006,753.8851654052735,779.9756949841222,727.7946358264247,0.06921619041229712
2025-09-19,777.85498046875,790.2665859871321,768.6711767678263,785.8895354575697,23696800,META,755.8478424072266,746.1292041015626,659.9280226135254,-0.002396713454425159,0.010830916180930461,-0.014708886145177713,72.78881069037317,7.765104182825894,5.1962736980747835,755.8478424072266,782.9822738254965,728.7134109889568,0.07179866077768253
2025-09-22,765.1599731445312,785.72998046875,764.469970703125,781.8499755859375,11706900,META,756.391796875,747.0918823242188,660.798963470459,-0.01632053228812458,0.01069417032007959,-0.030789361582047575,65.89127594946677,7.167430306381675,5.590505019736162,756.391796875,783.828461511033,728.9551322389669,0.07254617183683486
2025-09-23,755.4000244140625,770.5999755859375,751.0700073242188,769.25,10872600,META,756.5222045898438,747.7912084960938,661.5173310852051,-0.012755435559911543,0.01110369399259202,-0.04315206542436854,59.06723671151463,5.8389157716216005,5.640187170113251,756.5222045898438,783.911577122285,729.1328320574025,0.07240864145498725
2025-09-24,760.6599731445312,761.1099853515625,752.530029296875,757.5,8828200,META,756.875634765625,748.8061901855468,662.2613505554199,0.006963130209783452,0.011204867626485069,-0.036489408664956015,56.411463863988565,5.15111350469158,5.5423724370289165,756.875634765625,784.288183885498,729.463085645752,0.07243607234988245
2025-09-25,748.9099731445312,756.77001953125,744.5499877929688,753.4500122070312,10591100,META,756.9773376464843,749.7356726074219,662.970793914795,-0.015447112264138307,0.011583522748279769,-0.05137286493699472,48.56346680837801,3.616212999208642,5.157140549464861,756.9773376464843,784.2484050010914,729.7062702918772,0.07205253314292208
2025-09-26,743.75,751.9299926757812,737.3499755859375,750.0,9696300,META,756.63466796875,750.5919348144531,663.5804695129394,-0.0068899778739298645,0.01162944423505206,-0.05790888490818833,46.362827857245776,1.9608234292612678,4.5178771254241425,756.63466796875,784.4105175408653,728.8588183966348,0.07341944731843143
2025-09-29,743.4000244140625,750.780029296875,739.1500244140625,748.719970703125,9246800,META,756.894580078125,751.3838354492187,664.2392359924316,-0.00047055540966389753,0.010994372895592333,-0.058352190978791046,38.83118646953197,0.6136019424840242,3.737022088836119,756.894580078125,784.0341727118586,729.7549874443915,0.0717130056101927
2025-09-30,734.3800048828125,742.969970703125,726.2999877929688,742.25,16226800,META,756.8828735351562,751.8216540527344,664.824242401123,-0.012133466821391936,0.011294024353181397,-0.06977764342698632,40.793370258740865,-1.168451799705963,2.755927311127703,756.8828735351562,784.0631032894207,729.7026437808918,0.0718214949885558
2025-10-01,717.3400268554688,721.8499755859375,710.2000122070312,721.489990234375,20419600,META,755.922232055664,752.0817626953125,665.2574583435058,-0.023203216201485355,0.012405188699096112,-0.09136179388200513,34.8084750659923,-3.9106465480507495,1.4226125392920128,755.922232055664,787.1800856800502,724.6643784312779,0.08270124173854011
2025-10-02,727.0499877929688,727.77001953125,718.1400146484375,722.5800170898438,11415300,META,754.8674774169922,752.3607885742188,665.7486445617676,0.013536064591382901,0.01225533872509729,-0.07906240843379363,37.68571312122461,-5.239940175836068,0.09010199626639648,754.8674774169922,788.5591942476559,721.1757605863285,0.08926524943411297
2025-10-03,710.5599975585938,731.0,710.1799926757812,729.6300048828125,16154300,META,752.7983520507812,752.2856311035156,666.20941696167,-0.02268068291209524,0.013035252050607949,-0.09994990192993537,27.877559715146006,-7.5371359407936325,-1.4353455911456094,752.7983520507812,791.8956602922053,713.7010438093571,0.10387192834552525
2025-10-06,715.6599731445312,716.8800048828125,690.510009765625,705.1900024414062,21654700,META,750.9917236328125,752.3548449707031,666.673790435791,0.0071774031798306215,0.013214221832246048,-0.09348987949404042,21.95985710113213,-8.844204246189406,-2.917117322154369,750.9917236328125,793.4771814267426,708.5062658388824,0.11314494276558179
2025-10-07,713.0800170898438,718.5,705.75,717.719970703125,12062900,META,748.3865478515625,752.273525390625,667.1492082214355,-0.003605002587124484,0.012330301183304674,-0.09675785082371896,22.097525320623717,-9.973280418640343,-4.328349941451564,748.3865478515625,793.5155286668218,703.2575670363032,0.12060339925888228
2025-10-08,717.8400268554688,719.6500244140625,707.8099975585938,713.4500122070312,10790600,META,746.7049102783203,752.6397692871094,667.7594166564942,0.006675281387145127,0.012033970280931157,-0.09072845531723753,22.260276033923404,-10.3645127614094,-5.535582505443132,746.7049102783203,793.8127939579359,699.5970265987047,0.1261753686929875
2025-10-09,733.510009765625,733.510009765625,712.4400024414062,718.280029296875,12717200,META,745.8607330322266,753.4151477050781,668.4560563659668,0.02182935239596384,0.01318312391735959,-0.07087964634473502,32.31079522878312,-9.30289259540234,-6.289044523434974,745.8607330322266,793.2942808875356,698.4271851769175,0.12719143334566604
2025-10-10,705.2999877929688,735.27001953125,704.510009765625,730.9199829101562,16980100,META,743.371713256836,752.0627807617187,669.0631257629394,-0.038458946158989815,0.015471492780227037,-0.10661263600118441,28.751918455564194,-10.615495157227997,-7.154334650193579,743.371713256836,793.8921409326891,692.8512855809828,0.13592238384889496
2025-10-13,715.7000122070312,719.9400024414062,707.6400146484375,713.010009765625,9251800,META,740.9475036621094,751.3866979980469,669.6493653869629,0.014745533239843622,0.015622805817288865,-0.09343916292928364,35.97170898227304,-10.693281596770362,-7.862124039508936,740.9475036621094,791.9139881711781,689.9810191530407,0.13757110795884578
2025-10-14,708.6500244140625,715.5499877929688,699.3300170898438,707.780029296875,8829800,META,737.4562774658203,750.0427709960937,670.1609471130371,-0.00985047879380141,0.014803590238065873,-0.10236922123013956,31.851489631595015,-11.194756818110022,-8.528650595229154,737.4562774658203,787.1492123797761,687.7633425518645,0.1347684911835576
2025-10-15,717.5499877929688,723.9000244140625,709.510009765625,717.0599975585938,10246800,META,734.5739379882813,749.1348693847656,670.7389772033691,0.012559039119860449,0.015292624118603944,-0.0910958411643781,38.83508057050821,-10.750106345137283,-8.97294174521078,734.5739379882813,781.6692486878009,687.4786272887617,0.12822483419026745
2025-10-16,712.0700073242188,725.489990234375,703.8800048828125,717.5499877929688,9017000,META,731.1912506103515,747.9468835449219,671.3072663879394,-0.007637071370602655,0.015144288143480532,-0.09803720709444337,38.74679181288427,-10.71637457213717,-9.321628310596058,731.1912506103515,774.1708512274802,688.2116499932229,0.11756048935556064
2025-10-17,716.9199829101562,718.5399780273438,706.1199951171875,707.0800170898438,12232400,META,728.1445007324219,747.0589599609375,671.94255569458,0.006811093763326115,0.015347570843367834,-0.0918938539409322,40.88528393818828,-10.180929978775907,-9.493488644232029,728.1445007324219,765.4622840756207,690.8267173892231,0.10250103737832755
2025-10-20,732.1699829101562,733.77001953125,720.1799926757812,721.1900024414062,8900200,META,726.4950012207031,746.3267370605469,672.6826780700684,0.02127155102874445,0.016040136951138123,-0.07257702771552027,49.27057073523907,-8.428875895899864,-9.280566094565597,726.4950012207031,759.602713363839,693.3872890775672,0.09114367500810396
2025-10-21,733.27001953125,738.5,728.75,736.02001953125,7647300,META,725.3885009765625,745.685068359375,673.359810333252,0.001502433378546053,0.01585640563330924,-0.07118363648592964,55.87606361350996,-6.872376175771365,-8.79892811080675,725.3885009765625,755.7979403608598,694.9790615922651,0.08384318015341653
2025-10-22,733.4099731445312,740.5999755859375,724.030029296875,733.8300170898438,8734500,META,724.0260009765625,744.5639245605469,674.0107554626464,0.00019086231477283278,0.015741083282428806,-0.07100636044479046,52.524207215508895,-5.56341427004395,-8.15182534265419,724.0260009765625,749.8823883957596,698.1696135573654,0.07142391953969085
2025-10-23,734.0,742.4099731445312,733.0999755859375,734.7000122070312,9856000,META,723.2805023193359,743.6528466796875,674.5370985412598,0.0008044979984918044,0.015410288124515824,-0.07025898692115662,60.64681358809769,-4.4274059136099595,-7.406941456845344,723.2805023193359,746.8770180298783,699.6839866087936,0.06524858788499248
2025-10-24,738.3599853515625,741.2100219726562,731.1500244140625,736.7899780273438,9151300,META,723.0110015869141,742.7879968261718,675.1466481018066,0.005940034538913563,0.0154144763172163,-0.06473629319122387,60.380479227430676,-3.139111009001681,-6.553375367276613,723.0110015869141,745.7299560675598,700.2920471062683,0.06284539081917316
2025-10-27,750.8200073242188,755.75,748.010009765625,749.72998046875,11321100,META,723.3820007324218,742.1103894042968,675.8542643737793,0.016875267105277203,0.01588228292802841,-0.04895346832495402,65.82788102186043,-1.1000279376692106,-5.462705881355133,723.3820007324218,747.6896451060577,699.074356358786,0.06720555487702061
2025-10-28,751.4400024414062,758.4000244140625,745.52001953125,752.6300048828125,12193800,META,724.2350006103516,741.8021411132812,676.5393403625488,0.0008257573201826407,0.015596475706883477,-0.04816813468958911,64.59853511326088,0.5595385000752913,-4.258257005069049,724.2350006103516,751.2177852585066,697.2522159621965,0.07451389293645085
2025-10-29,751.6699829101562,759.1599731445312,742.510009765625,754.75,26818600,META,725.9514984130859,741.8160778808593,677.2631285095215,0.0003060530022394037,0.014502852891564819,-0.0478768236895837,59.1127968681183,1.8717381282932593,-3.0322579783965873,725.9514984130859,755.3473304362099,696.555666389962,0.08098566388355859
2025-10-30,666.469970703125,680.9600219726562,650.1699829101562,669.1500244140625,88440100,META,722.9224975585937,740.2011645507813,677.6311528015136,-0.1133476314661016,0.029446857006073444,-0.1557977305883508,37.60453584545392,-3.918097759314037,-3.2094259345800773,722.9224975585937,762.546771094258,683.2982240229294,0.10962246622419639
2025-10-31,648.3499755859375,674.8900146484375,645.5700073242188,674.510009765625,56953200,META,719.8119964599609,738.3961352539062,677.794493560791,-0.027188014334795785,0.02961489892654185,-0.17874991399058188,29.510169869822548,-9.855112976795454,-4.538563343023153,719.8119964599609,771.4639079001283,668.1600850197935,0.1435150058465037
2025-11-03,637.7100219726562,659.3300170898438,636.1799926757812,656.0,33003600,META,715.9144989013672,736.0647180175781,677.9336665344239,-0.016410818252388326,0.029610637468601927,-0.19222729989184073,28.879345905019278,-15.243082874436709,-6.679467249305865,715.9144989013672,779.3134943458011,652.5155034569333,0.17711331602230482
2025-11-04,627.3200073242188,641.739990234375,626.010009765625,628.0399780273438,27356600,META,711.626498413086,733.5552807617188,678.0135563659668,-0.016292694626779736,0.029707982343424685,-0.20538809382255233,23.372479232260062,-20.119549542555887,-9.36748370795587,711.626498413086,786.4111234131478,636.8418734130241,0.21017942745760645
2025-11-05,635.9500122070312,642.22998046875,626.5399780273438,632.3099975585938,20219900,META,707.5319976806641,731.2024536132812,678.1181892395019,0.013756941883016127,0.029907815745719733,-0.19445666400971656,27.946455411929065,-23.02242703213949,-12.098472372792594,707.5319976806641,789.5057284558776,625.5582669054505,0.23171738110482287
2025-11-06,618.9400024414062,636.0,618.0,635.8499755859375,23628800,META,701.8034973144531,728.6437353515626,678.1026542663574,-0.02674740064331893,0.02953415527457293,-0.2160028543530043,23.481653770673788,-26.391321262750353,-14.957042150784147,701.8034973144531,791.7577660834772,611.849228545429,0.2563517255563599
2025-11-07,621.7100219726562,622.1300048828125,601.2000122070312,616.489990234375,29946800,META,697.6239990234375,726.0658679199219,678.0363703918457,0.004475424952860907,0.028755098355170226,-0.21249413396440409,17.93801385249236,-28.509042292641993,-17.667442179155717,697.6239990234375,794.4029494955262,600.8450485513488,0.27745304234821
2025-11-10,631.760009765625,635.0,618.1099853515625,631.0900268554688,19245000,META,693.4269989013671,723.9370324707031,677.9652647399903,0.0161650728438969,0.028810362520150862,-0.19976404427494254,21.991051363717204,-29.041627636934095,-19.942279270711396,693.4269989013671,794.1071193314456,592.7468784712887,0.29038419498978624
2025-11-11,627.0800170898438,629.5599975585938,619.3900146484375,628.0,13302200,META,689.3484985351563,721.7863500976563,677.808953704834,-0.00740786470089716,0.028797460498005578,-0.20569208396374694,21.37820832982841,-29.50126938637709,-21.854077293844533,689.3484985351563,793.9638941734217,584.7331028968908,0.30351961558071094
2025-11-12,609.010009765625,628.989990234375,607.77001953125,628.1300048828125,24493300,META,683.921499633789,719.2354931640625,677.4902110290527,-0.02881611091368874,0.02890439793466483,-0.22858094897186854,19.24912605264106,-30.9666728297658,-23.67659640102879,683.921499633789,793.5195328580946,574.3234664094834,0.3204988680221069
2025-11-13,609.8900146484375,617.6500244140625,603.0,613.0700073242188,20973800,META,678.8125,716.4703918457031,677.165093536377,0.0014449760573740367,0.02897745089905519,-0.22746626691293065,17.842310211983744,-31.691684564506772,-25.279614033724386,678.8125,792.3415335694822,565.2834664305178,0.3344930553561762
2025-11-14,609.4600219726562,613.6799926757812,595.2000122070312,601.7899780273438,20724100,META,673.439501953125,713.6207421875,676.7853984069824,-0.0007050331460650705,0.028833301647946247,-0.2280109288012104,12.348176163121138,-31.932856312989998,-26.61026248957751,673.439501953125,789.5176976887209,557.3613062175292,0.3447323639285879
2025-11-17,602.010009765625,611.6900024414062,595.4000244140625,609.0399780273438,16501300,META,666.9315032958984,710.6250915527344,676.3575785827637,-0.01222395553184541,0.028025363635969597,-0.237447688878615,11.5959902205705,-32.352204311217406,-27.758650853905493,666.9315032958984,783.7381566528289,550.1248499389679,0.35028080928756705
2025-11-18,597.6900024414062,603.6599731445312,583.780029296875,591.5999755859375,25433700,META,660.1525024414062,707.2752209472657,675.8668556213379,-0.0071759725820848,0.027915580204599034,-0.2429197433556275,11.241449578708725,-32.65668319254439,-28.738257321633274,660.1525024414062,776.4846154244193,543.8203894583932,0.35244011816296483
2025-11-19,587.1389770507812,595.3099975585938,586.5900268554688,593.7150268554688,7293840,META,652.8389526367188,703.988544921875,675.2898057556152,-0.01765300632021083,0.027865355322471086,-0.2562844859110775,18.009381388541982,-33.36475632796396,-29.663557122899412,652.8389526367188,768.1664680361006,537.511437237337,0.35331076656376353
2025-11-20,589.1500244140625,606.719970703125,583.3499755859375,603.5,20603000,META,645.5964538574219,700.7636743164062,674.7194187927246,0.0034251641295945934,0.02792823696727369,-0.25373713820959704,22.56265770505901,-33.378863908467,-30.40661848001293,645.5964538574219,757.6088199854601,533.5840877293838,0.3470042794032315
2025-11-21,594.25,598.1199951171875,581.8599853515625,588.5,20977200,META,638.3909545898438,697.5470666503907,674.139015045166,0.008656497283539455,0.028019048450923977,-0.24727711577370207,28.767280961704415,-32.60269528339086,-30.845833840688517,638.3909545898438,743.6126848261948,533.1692243534927,0.3296466827414695
2025-11-24,614.8499755859375,616.260009765625,597.630126953125,598.719970703125,16047450,META,631.5924530029297,694.5603820800782,673.6489906311035,0.034665503720551216,0.029188566338154455,-0.22118359783001137,44.460327333325026,-29.97974237901542,-30.672615548353896,631.5924530029297,722.8753017503284,540.309604255531,0.28905617321230176
2025-11-25,636.219970703125,637.0499877929688,618.2999877929688,624.0,25213000,META,625.8314514160156,691.7152905273438,673.2514497375488,0.03475643809991591,0.030764607700507082,-0.19411471375679087,50.1077316913364,-25.878343856221818,-29.713761209927483,625.8314514160156,697.7580935575037,553.9048092745276,0.22985946768493581
2025-11-26,633.6099853515625,638.3599853515625,631.6300048828125,637.6900024414062,15209500,META,619.9284515380859,688.8835546875,672.8288868713379,-0.0041023316961869005,0.03071911296042013,-0.197420722510037,56.61453445651964,-22.578291493403185,-28.286667266622626,619.9284515380859,661.22866236135,578.6282407148219,0.13324186273688618
2025-11-28,647.9500122070312,648.0499877929688,635.5,636.0800170898438,11033200,META,619.0024536132812,686.2480798339843,672.4501890563965,0.022632261465248327,0.018994674562852514,-0.17925653845529405,60.713520313314575,-18.5915441495232,-26.347642643202743,619.0024536132812,656.5707931104179,581.4341141161445,0.12138349138308037
2025-12-01,640.8699951171875,645.2949829101562,637.760009765625,639.5449829101562,11911733,META,618.6284545898437,683.5083801269532,672.0202281188965,-0.010926795210216889,0.018154859000662764,-0.18822463417971755,53.81196245909863,-15.820942389838024,-24.242302592529803,618.6284545898437,655.0995547559995,582.1573544236879,0.11790954617610165
2025-12-02,646.5726318359375,647.3420238521164,637.5500224020741,641.8165621493692,11640900,META,619.0715850830078,681.1366333007812,671.5783250427246,0.00889827384992059,0.017861584032016056,-0.1810012346700292,58.08723467508191,-13.015036174459738,-21.99684930891579,619.0715850830078,656.7153837204385,581.4277864455771,0.1216137181692267
2025-12-03,639.0787353515625,648.3211970895987,637.0304181904862,643.8848130159247,11134300,META,619.659521484375,678.8102075195312,671.2002159118653,-0.01159018510124088,0.01765390989352619,-0.19049358195789134,63.675235977113466,-11.26616081159841,-19.85071160945232,619.659521484375,658.2023211900514,581.1167217786985,0.12439992728054387
2025-12-04,660.990966796875,675.5490404402168,659.512131337801,675.4491463216154,29874600,META,620.9115692138672,676.8168273925781,670.9945207214355,0.03428721726010542,0.018977324411872342,-0.16273785952903175,69.5085249223376,-8.019585744641063,-17.484486436490066,620.9115692138672,663.1338033335401,578.6893350941943,0.13600079693515843
2025-12-05,672.8712158203125,674.1402004180294,661.8502358329807,663.4589092143041,21207900,META,623.6081298828125,675.2960522460937,670.8927732849121,0.017973390893688768,0.018009021703642266,-0.14768941979786046,72.26187063062183,-4.436869337096709,-14.874963016611396,623.6081298828125,671.7710005304949,575.44525923513,0.15446517881905464
2025-12-08,666.256591796875,676.1585499822719,664.528021142878,668.7945609027437,13161000,META,625.8354583740235,673.7461840820313,670.8142707824707,-0.009830445808821642,0.018285301254546613,-0.15606801276882293,72.68823230189591,-2.1069974944560954,-12.321369912180337,625.8354583740235,677.6132501256639,574.0576666223831,0.1654677473410143
2025-12-09,656.4246826171875,663.9385132978894,652.807637338328,663.2291308887899,12997100,META,627.0686920166015,672.0066772460938,670.7635292053222,-0.014756940945486408,0.018475365076709997,-0.16852186726640037,69.96452766273853,-1.041899803080696,-10.065475890360409,627.0686920166015,680.5863166393176,573.5510673938854,0.17069142600823456
2025-12-10,649.6002197265625,653.9766553823684,642.8757234590145,649.4203737252112,16910900,META,628.1947021484375,670.3110815429687,670.7316914367676,-0.010396414198527104,0.018567973734020426,-0.17716625833131677,71.78307622293997,-0.7399496509353867,-8.200370642475404,628.1947021484375,682.6527175100038,573.7366867868712,0.17337941620748737
2025-12-11,652.1781005859375,654.7460135009795,640.2777724038347,642.7657334383907,13056700,META,630.3531066894532,669.0078430175781,670.6319319152832,0.003968411310667497,0.017100071871137608,-0.1739009156040799,71.89419568006825,-0.28930362670098475,-6.61815723932052,630.3531066894532,685.0309865656845,575.6752268132218,0.17348333591435355
2025-12-12,643.7050170898438,710.4206277669183,638.0896015354143,649.2704855848336,14016900,META,632.0438568115235,667.3409436035156,670.5669270324707,-0.012991977940506216,0.01749454406363717,-0.1846335766852241,66.78592426155242,-0.60885196493291,-5.416296184442998,632.0438568115235,686.1457057103967,577.9420079126503,0.17119650263448868
2025-12-15,647.510009765625,653.0,638.7000122070312,645.7000122070312,15549100,META,633.9463562011719,666.0799438476563,670.4712629699707,0.005911081279098118,0.017486423540470777,-0.179813879484763,62.51188987520424,-0.5487396863920821,-4.442784884832815,633.9463562011719,687.3762511850252,580.5164612173185,0.16856282700013922
2025-12-16,657.1500244140625,662.5399780273438,643.2000122070312,643.5,14309100,META,636.7033569335938,664.9097448730469,670.4893955993653,0.014887823358787688,0.01727938238666686,-0.16760309340120283,58.809982581351264,0.27361428939298094,-3.499505049987656,636.7033569335938,688.8701721659108,584.5365417012767,0.16386536890132303
2025-12-17,649.5,661.22998046875,649.2000122070312,655.6099853515625,15598500,META,639.2938568115235,663.63814453125,670.5443528747559,-0.011641214532227329,0.017466452790278215,-0.17729320436688178,56.416264862482905,0.30453224548864455,-2.738697590892396,639.2938568115235,688.3567323837559,590.230981239291,0.1534908400870091
2025-12-18,664.4500122070312,670.5599975585938,656.4600219726562,657.030029296875,20260300,META,643.1594085693359,662.5703442382812,670.5919020080566,0.02301772472214214,0.017139479221957427,-0.15835636581796309,56.629912299633105,1.5178788287969383,-1.8873823069545292,643.1594085693359,686.8036358256572,599.5151813130146,0.13571822684956097
2025-12-19,658.77001953125,671.0,658.1799926757812,666.4199829101562,49977100,META,646.6404083251953,661.0755444335938,670.7534190368652,-0.008548412328136856,0.017452982707342943,-0.1655510826363027,57.274302989053595,1.9981039005140246,-1.1102850654608185,646.6404083251953,682.5708048764611,610.7100117739294,0.1111294502746153
2025-12-22,661.5,673.5800170898438,656.6500244140625,661.6500244140625,15659400,META,650.0029083251953,660.1995446777344,670.9399095153808,0.0041440569361255175,0.017442507090844574,-0.16209307881245927,56.21645473225297,2.569354419730871,-0.3743571684224807,650.0029083251953,676.6868009151952,623.3190157351954,0.08210391753093513
2025-12-23,664.9400024414062,666.0,658.25,660.0499877929688,8486800,META,652.5074096679688,659.1843444824219,671.2816273498535,0.005200306033871893,0.016038910929394228,-0.1577357063943847,61.14618884947064,3.2620511247597506,0.35292449021396555,652.5074096679688,674.2430493255079,630.7717700104297,0.06662189374554185
2025-12-24,667.5499877929688,668.1799926757812,662.2000122070312,662.530029296875,5627500,META,654.0739105224609,658.36234375,671.5978846740722,0.003925144136282421,0.014321416191093153,-0.15442969764113856,53.3911746087446,3.975791806320103,1.0774979534351932,654.0739105224609,675.3787191659875,632.7691018789343,0.06514495778163282
2025-12-26,663.2899780273438,668.9500122070312,661.3200073242188,668.0599975585938,7133800,META,655.55791015625,657.2771435546875,671.8237535095215,-0.006381559199348241,0.014385668555490979,-0.1598257545828524,44.62253725504435,4.1498523384178725,1.691968830431729,655.55791015625,674.9058011466877,636.2100191658124,0.05902725202667811
2025-12-29,658.6900024414062,660.25,654.3900146484375,658.010009765625,8506500,META,656.0949096679688,656.2095434570313,672.1708854675293,-0.0069350898375067915,0.013698721611079897,-0.16565243845397976,45.6549976061848,3.871983166243922,2.127971697594168,656.0949096679688,675.1476438483825,637.042175487555,0.05807920134620699
2025-12-30,665.9500122070312,672.219970703125,657.8400268554688,658.6900024414062,9187500,META,657.348910522461,655.1901440429688,672.4670188903808,0.011021891540354378,0.013579137044361991,-0.15645635012366027,55.636261200255696,4.189300312753062,2.540237420625947,657.348910522461,675.4605897373862,639.2372313075358,0.05510522319274861
2025-12-31,660.0900268554688,665.0,659.4400024414062,664.75,7940400,META,658.0247802734375,653.748544921875,672.747332611084,-0.008799437261277077,0.013682751580475218,-0.16387905954789583,56.278618466477624,3.922706079691011,2.81673115243896,658.0247802734375,675.4386641894484,640.6108963574266,0.05292774508818568
2026-01-02,650.4099731445312,664.3900146484375,643.5,662.72998046875,13726500,META,658.591342163086,652.0913439941406,673.0917839050293,-0.014664747711840564,0.013849364477565941,-0.1761405621962128,49.024622646909286,2.8969347340581635,2.8327718687628005,658.591342163086,674.0357671417272,643.1469171844448,0.04690139086224654
2026-01-05,658.7899780273438,664.5399780273438,647.75,651.010009765625,12213700,META,658.4812927246094,650.5989440917969,673.469647064209,0.012884188786801198,0.01181720379479345,-0.16552580166576084,58.33008648524763,2.7287446421308914,2.811966423436419,658.4812927246094,673.8850365560664,643.0775488931523,0.046785668785580006
2026-01-06,660.6199951171875,665.52001953125,651.9000244140625,659.5700073242188,11074400,META,657.8687316894532,649.1313439941406,673.8469746398926,0.0027778459765332997,0.011058101447184832,-0.16320776087139718,57.4009118398602,2.7118592423221344,2.791944987213562,657.8687316894532,671.7635041249101,643.9739592539962,0.04224177792969185
2026-01-07,648.6900024414062,659.1500244140625,644.8099975585938,655.6400146484375,12846300,META,656.9904022216797,647.3379443359376,674.1134761047364,-0.018058782301412113,0.011551459450771845,-0.17831920974933183,45.3444763077444,1.7160452342350254,2.576765036617855,656.9904022216797,670.8735305681785,643.1072738751809,0.04226280414310946
2026-01-08,646.0599975585938,647.0999755859375,635.719970703125,645.8800048828125,11921700,META,656.47216796875,645.242744140625,674.2539906311035,-0.004054332382053438,0.011134239206403126,-0.18165057678495636,47.99627133901165,0.7064920436946522,2.2027104380332148,656.47216796875,671.1927466391918,641.7515892983082,0.04484753318938127
2026-01-09,653.0599975585938,654.9500122070312,642.8499755859375,645.4400024414062,11634900,META,656.6451568603516,643.2751440429688,674.3922587585449,0.010834907015528694,0.011176824840465074,-0.1727838368782099,42.68839869921248,0.4658849337990887,1.8553453371863897,656.6451568603516,671.1047124624436,642.1856012582596,0.044040698240212874
2026-01-12,641.969970703125,653.969970703125,641.22998046875,652.530029296875,14797200,META,656.1347503662109,641.0811437988282,674.5516163635253,-0.01698163552648735,0.011782686383293842,-0.18683132026196342,39.915942988947734,-0.612608647140064,1.361754540321099,656.1347503662109,671.9182877937614,640.3512129386605,0.0481106584241761
2026-01-13,631.0900268554688,642.27001953125,624.0999755859375,642.27001953125,18003200,META,655.5040008544922,640.373544921875,674.6985136413574,-0.01694774575785818,0.012030088370579837,-0.20061269630441692,33.373445005295935,-2.3185167038468535,0.6257002914875087,655.5040008544922,674.1311076596999,636.8768940492846,0.05683293093841069
