Date,Close,High,Low,Open,Volume,symbol,sma_20,sma_50,sma_200,daily_return,volatility,drawdown,rsi,macd,macd_signal,bb_middle,bb_upper,bb_lower,bb_width
2023-03-02,246.32086181640625,246.6053243865452,240.92575713440505,241.8478319658093,24808200,MSFT,253.7132766723633,241.49150970458984,246.5994379425049,0.019653306541581372,0.021000593375313802,-0.13795518274594995,37.661527498866405,0.2670787625524156,2.4473325613725136,253.7132766723633,269.2022824450276,238.22427089969898,0.12209850407368543
2023-03-03,250.42111206054688,250.744820108994,246.5954987021246,247.38024412553207,30760100,MSFT,253.28907470703126,241.79443481445313,246.5814400482178,0.01664597230581588,0.018371990903142822,-0.12360560859156682,43.08082899558443,0.41727666320696244,2.0413213817394036,253.28907470703126,268.6435049815289,237.93464443253362,0.12124036768863769
2023-03-06,251.9709930419922,255.1590093263109,251.0979676428436,251.53938228865584,24109800,MSFT,253.24814224243164,242.1019384765625,246.54535263061524,0.006189098709339591,0.017679541935663675,-0.11818151719482844,34.720523756714684,0.6538350207785868,1.7638241095472404,253.24814224243164,268.61253998359217,237.88374450127114,0.12133868075093202
2023-03-07,249.3028564453125,252.77535010372,248.5573565201222,251.4118457532244,21473200,MSFT,253.15110626220704,242.30461151123046,246.5549281311035,-0.010589062512584624,0.017788741308957957,-0.12751914823400495,31.529627675650516,0.6188788485337398,1.5348350573445404,253.15110626220704,268.5931274349811,237.709085089433,0.12199844907475645
2023-03-08,248.8614501953125,249.68542618790528,246.0265686508788,249.19496214929893,17340200,MSFT,252.50411071777344,242.62057037353514,246.56687301635742,-0.0017705623445065655,0.014748494642870681,-0.12906392997644486,32.728875746728534,0.5492268890993444,1.3377134236955013,252.50411071777344,267.4979217991015,237.5102996364454,0.11876092661387831
2023-03-09,247.50778198242188,254.6096917496564,246.7818898099772,250.94103028534124,26653400,MSFT,251.8300354003906,242.8988882446289,246.574873046875,-0.005439445168499368,0.01476336964370524,-0.13380133897460625,37.5349239425374,0.38041234106003685,1.1462532071684084,251.8300354003906,266.4245244257323,237.23554637504893,0.11590745323239576
2023-03-10,243.8488922119141,247.9687868907418,242.87778305422765,246.29140836322503,28333900,MSFT,251.12517166137695,243.13866638183595,246.52519409179686,-0.014782928202102474,0.014880897986406908,-0.146606291589302,37.88068991904555,-0.04806219925126243,0.9073901258844742,251.12517166137695,265.83714813034624,236.41319519240764,0.11716847316928683
2023-03-13,249.0772247314453,252.9911326633416,241.04342237889503,242.6815702688881,33339700,MSFT,250.70716552734376,243.53056579589844,246.50667098999023,0.021440870500193165,0.015831812649387964,-0.12830878760158856,51.602163812367536,0.03386105077231605,0.7326843108620426,250.70716552734376,265.13635113057643,236.2779799241111,0.1151078835172657
2023-03-14,255.81619262695312,256.0908512385294,250.98021034956767,251.85323557231487,33620300,MSFT,250.22394866943358,243.93043395996094,246.50772483825685,0.027055737042091188,0.015397293392540251,-0.10472453937703557,60.37562715835705,0.6352415368908737,0.7131957560678088,250.22394866943358,263.1377237083903,237.31017363047684,0.10321773841093754
2023-03-15,260.3775634765625,261.39773710687786,254.26637049083152,255.02170430462056,46028000,MSFT,249.9272216796875,244.44481658935547,246.51513069152833,0.01783065724952393,0.015981768748113117,-0.0887611894947579,61.570172935065216,1.4630394039111252,0.8631644856364722,249.9272216796875,261.48615779325144,238.36828556612357,0.09249841642602766
2023-03-16,270.9322814941406,271.2854011476263,258.2586806244666,260.1518641719186,54768800,MSFT,250.26465911865233,245.174990234375,246.53957664489747,0.04053620395187463,0.01837046837798768,-0.05182302722325375,76.28600119848653,2.936897980284641,1.277911184566106,250.26465911865233,263.8008532688497,236.72846496845494,0.10817503516371266
2023-03-17,274.1007385253906,277.926352222168,271.05006642858564,272.95306938413273,69527400,MSFT,251.1121841430664,246.17362213134766,246.58653434753418,0.011694645664874548,0.017256051894475422,-0.04073443349903638,77.2989985727057,4.310915967340463,1.8845121411209775,251.1121841430664,268.13673071523743,234.08763757089534,0.13559315435265087
2023-03-20,267.0380249023437,272.187896607002,264.7034116065448,271.6974326351298,43466600,MSFT,251.80717010498046,247.16387695312497,246.59550102233888,-0.025766853679574098,0.017977855925550963,-0.06545168899092044,68.98612828847187,4.774891184222668,2.4625879497413155,251.80717010498046,270.2553008570731,233.35903935288778,0.1465258574201957
2023-03-21,268.5585021972656,269.7552357131241,264.3797387846606,269.6375291272283,34558700,MSFT,252.8425422668457,248.1332693481445,246.60155464172362,0.005693860623324998,0.017093089336159967,-0.06013050116227097,73.52485463507657,5.205281452494859,3.011126650292024,252.8425422668457,272.6314315491141,233.05365298457727,0.1565313266102471
2023-03-22,267.09686279296875,275.67998180614,266.988945158892,268.18567837872166,34873300,MSFT,253.86172409057616,249.030571899414,246.6224993133545,-0.005442536327608938,0.017117078612490847,-0.06524577505290696,69.21252109520071,5.366564343220119,3.4822141888776432,253.86172409057616,274.4066334010883,233.31681478006402,0.16185905444478785
2023-03-23,272.364501953125,275.6996515319118,269.9514271903419,272.63916062583564,36610900,MSFT,254.98439712524413,249.99937225341793,246.67596549987792,0.01972183089338375,0.017365893196481262,-0.046810710301624404,69.86319761014327,5.851978685274048,3.9561670881569246,254.98439712524413,277.02015833377584,232.94863591671242,0.17284007536906745
2023-03-24,275.2189636230469,275.2778169055255,270.02984635718013,271.95245676775505,28172000,MSFT,256.5220001220703,250.88983947753903,246.72544746398927,0.010480299926945547,0.01626387338104462,-0.036821000658433314,70.55855098269768,6.393306195477862,4.443594909621113,256.5220001220703,279.7282412099682,233.31575903417246,0.1809298311790395
2023-03-27,271.10888671875,276.09198781080295,270.26527306825443,275.1503053082786,26840200,MSFT,257.8079963684082,251.64448516845698,246.76455390930175,-0.01493384340305215,0.016927121701956503,-0.05120496500370869,68.8038722492488,6.416695617711014,4.838215051239093,257.8079963684082,281.26578695851543,234.350205778301,0.18197876652814124
2023-03-28,269.9808959960937,270.87354430568604,266.86152137573606,270.530213427296,21878600,MSFT,259.0738868713379,252.36248077392574,246.8253801727295,-0.004160655655033874,0.01695947544474422,-0.05515257443153408,67.99868815212017,6.271913761326061,5.124954793256487,259.0738868713379,282.27603718822485,235.87173655445093,0.17911608612572893
2023-03-29,275.16015625,275.7781457546804,273.1002012129155,273.6396997041648,25087000,MSFT,260.7532371520996,253.16214355468747,246.96954879760742,0.019183802745736722,0.01670186615545212,-0.037026807794611524,72.12367103615713,6.500166244397974,5.399997083484785,260.7532371520996,283.4790717355638,238.02740256863535,0.17430912714006355
2023-03-30,278.632568359375,279.0347524055632,276.1116063138486,278.80915813894063,25053400,MSFT,262.368822479248,254.12010070800778,247.18331642150878,0.012619603639925536,0.016486581394725495,-0.02487446779310562,77.91245689001767,6.881922104596413,5.696382087707111,262.368822479248,285.36711351781423,239.37053144068182,0.17531268251497564
2023-03-31,282.8015441894531,283.75304559318363,277.6026375106462,278.3187257622944,32766000,MSFT,263.9878440856934,255.23736785888667,247.4070722961426,0.014962270400138866,0.016435245822987457,-0.01028437590614682,77.53043391608163,7.435159986016288,6.044137667368947,263.9878440856934,287.98214305240685,239.9935451189799,0.18178336241061657
2023-04-03,281.751953125,282.7720966657289,278.53451056340606,281.0554727089369,24883300,MSFT,265.4768920898438,256.1714108276367,247.5901879119873,-0.0037114049976685326,0.01658483997343258,-0.013957611419679413,73.34040799018766,7.700149238556833,6.375339981606524,265.4768920898438,290.0212189102795,240.932565269408,0.18490744431443296
2023-04-04,281.7028503417969,284.9105035422984,280.2216696572776,281.75191469519785,25824300,MSFT,267.09689178466795,257.05828765869137,247.80611366271972,-0.00017427663822211503,0.016204585595016852,-0.014129455572305643,70.8876832713087,7.816093881191364,6.663490761523493,267.09689178466795,291.422352617707,242.77143095162884,0.18214709029748008
2023-04-05,278.91705322265625,281.67345840201926,277.52415228002326,280.3982640251811,22064800,MSFT,268.5996719360352,257.90001647949214,247.99506355285644,-0.009889133587965282,0.016514842140330735,-0.02387886108659119,59.224850915239706,7.595632575959996,6.8499191244107935,268.5996719360352,291.87254358526894,245.32680028680144,0.17329039519285783
2023-04-06,286.0386047363281,286.5094310076184,276.6511167903772,277.8086046213608,29770300,MSFT,270.52621307373045,258.9121603393554,248.18997299194336,0.02553286517044495,0.01684966250741782,0.0,62.637560025017905,7.904447542171795,7.0608248079629945,270.52621307373045,292.805509460623,248.24691668683792,0.16471081403723667
2023-04-10,283.87078857421875,284.0767750869852,279.280022455151,283.69419877058414,23103000,MSFT,272.5273078918457,259.7363290405273,248.37701316833497,-0.007578753798312188,0.01642218601292449,-0.007578753798312222,69.8795927605724,7.883386211688901,7.2253370887081765,272.5273078918457,291.6889697970444,253.36564598664694,0.14062195860976381
2023-04-11,277.43585205078125,280.52579918788547,276.26857527576567,280.30017497191614,27276600,MSFT,273.9452392578125,260.428667602539,248.50398345947266,-0.02266854069683566,0.017419077906192314,-0.030075495206239512,59.39377225382975,7.263717740504262,7.233013219067394,273.9452392578125,289.6934617570903,258.1970167585347,0.11497350742026949
2023-04-12,278.0832824707031,281.5361683549692,276.58246375618245,279.35850689315987,27403400,MSFT,275.05859375,261.24060913085935,248.59115478515625,0.0023336220432079724,0.016673829606803903,-0.027812058001605265,61.82937063672369,6.747091960504349,7.135828967354786,275.05859375,288.3702494012625,261.7469380987375,0.09679141792865743
2023-04-13,284.3121643066406,284.3710175910473,277.7693913938778,278.18136438472453,24222700,MSFT,276.2553237915039,262.0773236083984,248.72315048217774,0.02239933943743533,0.01689854958197285,-0.0060356902918014925,62.60347539543904,6.762329094590541,7.061128992801937,276.2553237915039,288.24789604670354,264.2627515363042,0.08682237931639447
2023-04-14,280.6827697753906,282.9781378461247,278.27948405144895,281.52635353888274,20987900,MSFT,276.7428482055664,262.7447769165039,248.87794166564942,-0.012765526723420684,0.01502196956275581,-0.018724168249507917,55.67099978461108,6.407679090659883,6.930439012373526,276.7428482055664,288.61645801193913,264.8692383991937,0.08580969577615186
2023-04-17,283.2919616699219,286.03857771367035,280.70232761583475,284.4004149714436,23836200,MSFT,277.202409362793,263.23251312255854,249.02737632751465,0.009295874829150286,0.014948852098790854,-0.009602350944684966,63.051709899376114,6.264938080982688,6.797338826095358,277.202409362793,289.3536805648546,265.0511381607314,0.08767074737909963
2023-04-18,282.8702087402344,286.1955691018291,281.53616100019883,286.0091903829201,20161800,MSFT,277.9940185546875,263.83412445068353,249.19140106201172,-0.0014887571366352104,0.013512988532503933,-0.011076812512822854,64.02045654776175,6.048064542474378,6.647483969371162,277.9940185546875,289.3969724401646,266.5910646692104,0.08203740457986772
2023-04-19,282.94873046875,283.53726339705304,279.11329789637085,280.5356257205043,17150300,MSFT,278.7135299682617,264.46822753906247,249.3424306488037,0.0002775892479640607,0.013509810403966096,-0.010802298068914114,59.52955620144039,5.815489406117592,6.481085056720449,278.7135299682617,289.403379703584,268.0236802329394,0.07670850953335202
2023-04-20,280.6532897949219,283.51761266618416,279.6429351736415,279.80970610176666,23244400,MSFT,279.3913513183594,264.84526611328124,249.46606323242187,-0.008112567495974887,0.013607345423974094,-0.018827231192693243,52.54573401645048,5.383886958853282,6.261645437147016,279.3913513183594,288.5957334697678,270.186969166951,0.06588881229125997
2023-04-21,280.3099975585937,280.810250487239,277.6614799588713,279.57430155150945,21676400,MSFT,279.7886260986328,265.23168029785154,249.57162200927735,-0.001223189781880074,0.013010411805218381,-0.020027391697757344,46.526270285725396,4.956996920533356,6.0007157338242845,279.7886260986328,288.38157112581354,271.19568107145204,0.06142454857440495
2023-04-24,276.3960876464844,279.5154616165311,273.40426904899283,276.70999180903164,26611000,MSFT,279.8474822998047,265.6006787109375,249.64694961547852,-0.013962791003525266,0.013269771413325802,-0.033710544416661076,43.085105125503645,4.253828186176747,5.651338224294777,279.8474822998047,288.3239769340508,271.37098766555863,0.06057938820521592
2023-04-25,270.1672058105469,276.22933373061375,270.1181414486959,274.1791977810331,45772200,MSFT,279.8003982543945,265.85527587890624,249.69473556518554,-0.022536070929861873,0.01382622846401549,-0.055486912126464845,37.15601567373834,3.1575449779173823,5.152579575019298,279.8003982543945,288.4890772543893,271.1117192543997,0.062106266139729076
2023-04-26,289.7367248535156,293.85663480146826,287.14709026508365,291.0413759757721,64599200,MSFT,280.78818969726564,266.3403997802734,249.85570419311523,0.07243484265330036,0.021251681435339648,0.0,58.769314485709685,3.82375144806025,4.886813949627489,280.78818969726564,289.2658476549423,272.31053173958895,0.06038471893577111
2023-04-27,299.01629638671875,299.3792649257392,289.6190184598168,290.325287881764,46462600,MSFT,281.9809967041016,266.9944836425781,250.1158430480957,0.03202759863422444,0.021926082673421304,0.0,60.162872474714284,5.042383289731902,4.917927817648371,281.9809967041016,293.3459390408841,270.61605436731907,0.08060785988857531
2023-04-28,301.39996337890625,303.038096464785,297.525285592319,298.2119472041732,36469600,MSFT,283.11936645507814,267.73881225585933,250.392525100708,0.007971695927584843,0.02185877904518411,0.0,63.68090309832693,6.129838842672086,5.160310022653114,283.11936645507814,297.28742299119966,268.9513099189566,0.10008539305183517
2023-05-01,299.7323608398437,302.7143903771624,299.33017676280843,301.1154729285125,21294100,MSFT,283.96590728759764,268.59045471191405,250.65424812316894,-0.005532855811817505,0.021805870462279803,-0.005532855811817479,68.80068716849723,6.778950097925986,5.4840380377076885,283.96590728759764,299.9596140589253,267.97220051627,0.11264526029971193
2023-05-02,299.5852355957031,303.2833235211519,298.11384353910654,301.8904224714807,26404400,MSFT,284.8575714111328,269.51939331054683,250.90238342285156,-0.0004908553875474508,0.02176453102062859,-0.006020995367281224,68.28498348430334,7.1985235679179596,5.826935143749743,284.8575714111328,302.2581409295956,267.45700189267006,0.1221703143241971
2023-05-03,298.594482421875,302.7241809919645,298.29039713141395,300.7721438172862,22360800,MSFT,285.70215301513673,270.53426177978514,251.15758956909178,-0.0033070827801580105,0.021802035954468977,-0.00930816621734067,63.33335042726277,7.366180323214053,6.134784179642606,285.70215301513673,304.07082336966255,267.3334826606109,0.12858615282155492
2023-05-04,299.5852355957031,301.8904224714807,297.6135606604884,300.3993926953788,22519900,MSFT,286.7355621337891,271.591701965332,251.39204483032228,0.003318055865574543,0.021585701617848205,-0.006020995367281224,68.56095067202223,7.492624697233282,6.406352283160742,286.7355621337891,305.8090044303023,267.66211983727584,0.13303855409196633
2023-05-05,304.72528076171875,306.0201129213296,298.46695525914686,299.8893128499304,28197100,MSFT,287.6698959350586,272.68798675537107,251.6388613128662,0.017157204545794835,0.02121994398258788,0.0,70.049563882369,7.9163368588139065,6.708349198291375,287.6698959350586,308.3617025443211,266.97808932579613,0.1438579907153972
2023-05-08,302.7634582519531,304.2839147992888,300.2522846595883,304.2152426463564,21318600,MSFT,288.6145294189453,273.8539178466797,251.86335670471192,-0.006438003781181756,0.02119045727977738,-0.00643800378118178,68.08776309115387,8.001591749771137,6.9669977085873285,288.6145294189453,310.2782383247289,266.9508205131618,0.15012209502687285
2023-05-09,301.1448974609375,304.1269269773573,300.4680547428102,302.12582546569627,21340800,MSFT,289.79998168945315,274.96903656005856,252.1015697479248,-0.0053459581957499,0.020406911830576486,-0.011749544677853448,66.0939880350204,7.848084700955496,7.143215107060962,289.79998168945315,311.4828330300972,268.1171303488091,0.14964011532532934
2023-05-10,306.3536376953125,307.03048044641207,301.8021470979915,302.73401078657963,30078000,MSFT,291.21349945068357,276.2028475952148,252.3732746887207,0.017296458543019533,0.020604327249026482,0.0,71.61718780883109,8.053890824415248,7.3253502505318195,291.21349945068357,313.3612118813928,269.0657870199743,0.15210635820445487
2023-05-11,304.195556640625,305.1863034639446,300.419007926499,304.1857677171531,31680200,MSFT,292.2076690673828,277.45529571533206,252.66792671203612,-0.007044411389799943,0.020349683307611294,-0.007044411389799928,69.49554035796704,7.951198092570564,7.450519818939569,292.2076690673828,314.83096146896594,269.5843766657997,0.1548439332464351
2023-05-12,303.0773620605469,304.7253141155851,300.7525672086982,304.6272153165958,19774700,MSFT,293.3273986816406,278.59042572021485,252.87500526428224,-0.0036759070133267624,0.02006500748012053,-0.010694423801894209,72.81881646957864,7.690928172713711,7.498601489694398,293.3273986816406,315.7649822346176,270.8898151286636,0.15298661941450187
2023-05-15,303.5579528808594,303.9895635706543,301.72362241700347,303.2048331904154,16336500,MSFT,294.3406982421875,279.6531625366211,253.04714714050294,0.0015857034555306626,0.02003257200278875,-0.009125678531141207,81.67099502942631,7.437704817492204,7.48642215525396,294.3406982421875,316.7003574655525,271.9810390188225,0.1519304626026752
2023-05-16,305.79449462890625,307.7269240462881,303.92091849850675,303.92091849850675,26730300,MSFT,295.4869125366211,280.72963256835936,253.2093921661377,0.00736775869919204,0.02001097985633347,-0.0018251556293330262,72.69197230634148,7.332963868744173,7.455730497952002,295.4869125366211,317.72071511338777,273.25310995985444,0.1504892544031785
2023-05-17,308.68475341796875,309.10746737687026,305.4799275878983,307.0037079063203,24315000,MSFT,296.77371368408205,281.9172705078125,253.39937843322753,0.009451637749626318,0.020024171688967494,0.0,66.6739295646261,7.397897286730142,7.444163855707631,296.77371368408205,318.9309709785249,274.6164563896392,0.1493208884263208
2023-05-18,313.1282043457031,313.6394211850269,308.4094689120249,309.20575514144576,27276000,MSFT,298.39745941162107,283.2026055908203,253.627112197876,0.01439478587307419,0.019907369612424997,0.0,68.88452319295077,7.718927847344844,7.499116654035073,298.39745941162107,320.33927018964545,276.4556486335967,0.14706432703072708
2023-05-19,312.9512939453125,313.35435726772096,311.0146399332966,311.3783719556919,27546700,MSFT,300.029524230957,284.5114758300781,253.81671913146974,-0.000564977532957478,0.01989591064855623,-0.0005649775329574289,72.35811133065354,7.86837001705635,7.572967326639329,300.029524230957,321.14693858572736,278.91210987618666,0.140768908719227
2023-05-22,315.7432556152344,317.12939160395155,312.62693222298697,313.2069414663233,24115700,MSFT,301.9968826293945,285.9493630981445,254.01454093933106,0.008921393596825311,0.01935597448109525,0.0,75.08490090472526,8.1185068927266,7.6820752398567835,301.9968826293945,321.0768346086148,282.91693065017427,0.12635860220209524
2023-05-23,309.92340087890625,317.2571122621046,309.9135605550199,314.6126452216037,30797200,MSFT,303.9846923828125,287.1662866210937,254.1868659210205,-0.018432237689409936,0.019047355401318165,-0.018432237689409957,65.29456454744114,7.7577025640121064,7.697200704687848,303.9846923828125,316.1232374149886,291.84614735063644,0.0798628703111788
2023-05-24,308.5372619628906,311.14239768103363,307.3182318525054,309.4023704280069,23384900,MSFT,304.9247192382812,288.22070800781245,254.3648690032959,-0.004472520990943862,0.011368970594608258,-0.02282232011037789,61.95798927718859,7.276039058881167,7.6129683755265125,304.9247192382812,315.18382158848493,294.6656168880775,0.06728941081478411
2023-05-25,320.4030456542969,321.3664376337184,314.58324246819706,317.76838819786883,43301700,MSFT,305.99405670166016,289.4212176513672,254.5925623321533,0.038458186916928705,0.012281216876641318,0.0,67.75234236830593,7.762307785983296,7.64283625761787,305.99405670166016,317.97415498557234,294.013958417748,0.07830281681315536
2023-05-26,327.25494384765625,327.75629030696444,318.3974530543971,318.5350675723102,36630600,MSFT,307.2868057250977,290.5476708984375,254.82111824035644,0.02138524675808573,0.012887771109291462,0.0,74.96738057120244,8.601418379211793,7.834552681936655,307.2868057250977,322.36016119103965,292.2134502591557,0.09810610273600077
2023-05-30,325.6033630371094,330.05667928706043,324.92504076054195,329.55533282249974,29503100,MSFT,308.5803558349609,291.57772338867187,255.05183433532716,-0.0050467711537941495,0.012868891872871085,-0.005046771153794147,74.91694403803382,9.029069310623925,8.073456007674109,308.5803558349609,325.276966964597,291.88374470532483,0.10821564505918194
2023-05-31,322.8310852050781,330.2532681088383,321.78900110107526,326.66506067855016,45950600,MSFT,309.7426483154297,292.6935845947266,255.2448831939697,-0.008514278864236724,0.013145750877940024,-0.01351808040106346,67.66316739890671,9.040077714039853,8.266780348947258,309.7426483154297,327.0287396731256,292.45655695773377,0.11161582979746745
2023-06-01,326.9502258300781,327.8841566682848,319.2232906882485,320.41279996560337,26773900,MSFT,311.16043548583986,293.8614190673828,255.450933303833,0.012759429973675962,0.013177861289556348,-0.0009311334276434258,73.40794575164425,9.274274117410812,8.468279102639968,311.16043548583986,329.2302372524233,293.0906337192564,0.11614459748630712
2023-06-02,329.72247314453125,331.7869311608408,326.9207108367532,328.5919458978105,25873800,MSFT,312.66729736328125,295.1139312744141,255.67454444885254,0.008479111177901233,0.013201370351015214,0.0,76.50799240986717,9.573219528413802,8.689267187794735,312.66729736328125,331.67483371151354,293.65976101504896,0.1215831429031598
2023-06-05,330.2533264160156,332.82897116316303,328.99499501279143,329.54551312664034,21307100,MSFT,313.9436996459961,296.2717077636719,255.9045665740967,0.001610000272112666,0.012894948452401809,0.0,76.53146272843189,9.740686769193701,8.89955110407453,313.9436996459961,334.0995101705713,293.7878891214209,0.1284039816521431
2023-06-06,328.0316162109375,329.6930110935296,326.5471971745733,329.65367979425776,20396200,MSFT,315.2071075439453,297.32796081542966,256.12909034729006,-0.0067272909229669775,0.012907557535665233,-0.0067272909229670165,72.10710202932461,9.583657875733536,9.036372458406332,315.2071075439453,335.57874376077694,294.8354713271137,0.12925873642612246
2023-06-07,317.90594482421875,328.8278643518396,317.04083634658787,326.03594244738656,40717100,MSFT,316.0451599121094,298.26390197753904,256.3225978851318,-0.030867973958362382,0.014984496575866499,-0.03738760704030895,58.01431840630282,8.543668200427021,8.93783160681047,316.0451599121094,335.3311420318167,296.7591777924021,0.12204573628066712
2023-06-08,319.7541809082031,321.1108258006109,317.8765087746091,318.4565179675529,23277700,MSFT,316.7151870727539,299.2593676757813,256.5663272857666,0.005813782705467618,0.014616011073406229,-0.03179118775805113,56.03082297179135,7.778935370913018,8.70605235963098,316.7151870727539,335.5083031751361,297.9220709703717,0.11867518116878413
2023-06-09,321.2582397460937,324.40405344263496,318.91852262119164,319.4886914158621,22529000,MSFT,317.56832122802734,300.18132934570315,256.823967666626,0.004703797253310604,0.014458292149893711,-0.027236929806396387,57.3824538640705,7.211118783622112,8.407065644429208,317.56832122802734,335.49772773874656,299.6389147173081,0.11291684536660793
2023-06-12,326.2325439453125,326.47831201668896,319.6557879551996,323.0178783710778,24260300,MSFT,318.7260803222656,301.1333288574219,257.10965110778807,0.015483818261440518,0.014638061844366893,-0.012174843216077709,58.97383144873465,7.080880837578434,8.141828683059053,318.7260803222656,335.67942136837297,301.77273927615823,0.10638188772607347
2023-06-13,328.6313171386719,331.27578458558565,324.79734035721447,328.80826298989484,22951300,MSFT,319.97974853515626,302.04992431640625,257.3923996734619,0.007352954933157907,0.014649166449261675,-0.004911409356405776,67.00018802173952,7.089503888580566,7.931363724163356,319.97974853515626,335.8862706435099,304.07322642680265,0.09942205518425776
2023-06-14,331.6296081542969,333.30084307513505,327.17629180750674,328.6803912358667,26003800,MSFT,321.2715042114258,303.0474774169922,257.74263374328615,0.009123570576689222,0.014675158620156408,0.0,70.38705470926442,7.254647683192331,7.796020515969151,321.2715042114258,336.5096696814707,306.0333387413809,0.09486160627564917
2023-06-15,342.2075500488281,343.9180866324939,331.4920655861422,331.76732469157105,38899100,MSFT,322.94764404296876,304.2575714111328,258.1597103118896,0.03189685611427584,0.01590719311189094,0.0,69.69800563516964,8.145184224025229,7.865853257580367,322.94764404296876,339.65982578224117,306.23546230369635,0.103497777720582
2023-06-16,336.5351867675781,345.52048357890783,336.1616444283532,345.37302870803074,46552000,MSFT,324.1179931640625,305.40993408203127,258.5594509124756,-0.016575798168218747,0.016471443672210696,-0.016575798168218775,58.56625420643519,8.297579209660398,7.952198447996373,324.1179931640625,341.20887357519143,307.0271127529336,0.1054608554390119
2023-06-20,332.32763671875,336.28941757561955,330.17470560784415,333.5663176321454,26375400,MSFT,325.08681030273436,306.33571472167966,258.9454720306396,-0.012502556090023376,0.016847624896812366,-0.02887111441190705,55.92724643341925,7.98677266505598,7.959113291408295,325.08681030273436,341.70257555409773,308.471045051371,0.10222355829133811
2023-06-21,327.9136047363281,332.0130295621335,326.44883656163114,330.6760355897967,25117800,MSFT,325.69532775878906,307.21657104492186,259.314642868042,-0.013282169445803516,0.017175147640097307,-0.041769812824002446,54.354068736895485,7.300129400286039,7.827316513183844,325.69532775878906,341.7523330731124,309.6383224444657,0.0986013856865348
2023-06-22,333.9595031738281,334.36256644173795,327.69733703781395,328.4641322789384,23556800,MSFT,326.89713287353516,308.3470440673828,259.73521644592284,0.018437473621631062,0.016838388122189192,-0.024102469024494408,55.81278224945157,7.161262565064192,7.694105723559914,326.89713287353516,341.51749682979795,312.27676891727236,0.08944932509958042
2023-06-23,329.3489074707031,332.23914275155624,327.8055065902251,328.7000760810229,23146900,MSFT,327.9377151489258,309.37235656738284,260.1464460754394,-0.013805852683656528,0.017207227283786687,-0.037575566571486384,49.699369070453386,6.603057124512134,7.475896003750358,327.9377151489258,339.7485626152633,316.1268676825883,0.07203104077842269
2023-06-26,323.03759765625,330.420451002799,322.9294440913957,328.0709235599232,21520600,MSFT,328.06944274902344,310.146865234375,260.50250640869143,-0.019162989982028478,0.015795956894335578,-0.05601849634773647,44.68734313905682,5.587001855410847,7.098117174082456,328.06944274902344,339.5814449410916,316.55744055695527,0.07018027705113011
2023-06-27,328.9065246582031,330.45976577699514,323.72571415230334,326.24237697831273,24354100,MSFT,328.15202178955076,311.11134033203126,260.8858137512207,0.018167937863995398,0.015587373529784211,-0.03886829904462112,50.61132858895663,5.195454133559508,6.717584565977867,328.15202178955076,339.6631179048743,316.6409256742272,0.07015709397460786
2023-06-28,330.1648864746094,332.2588355814836,328.1594102876184,328.99502786561385,20259500,MSFT,328.3800979614258,312.048798828125,261.24643371582033,0.003825894964272658,0.015551398949035254,-0.035191110109933095,59.777329600578696,4.929860660100871,6.360039784802469,328.3800979614258,339.85928666774345,316.90090925510816,0.06991403424007799
2023-06-29,329.3783874511719,330.4204417692503,326.9895287786518,329.0441464435796,16997000,MSFT,328.7074630737305,312.97896240234377,261.5924371337891,-0.002382140123486365,0.015417747743002249,-0.037489420078036594,57.808191909108196,4.602853194295278,6.008602466701031,328.7074630737305,339.88994565693633,317.5249804905246,0.0680391158669712
2023-06-30,334.7754821777344,336.928413125334,331.49202397478524,332.0327017922602,26832800,MSFT,329.0987258911133,314.01549743652345,262.0369467163086,0.016385697824094825,0.015582308763424198,-0.021718012562941116,60.31505018809769,4.724734067429267,5.751828786846679,329.0987258911133,340.5662897191076,317.631162063119,0.06969072151186932
2023-07-03,332.2686462402344,335.1293906566377,330.87270016823766,333.44834517518075,12508700,MSFT,329.2260345458984,315.0478045654297,262.46779998779294,-0.0074881109010519475,0.015604083325171879,-0.029043496577371278,54.78641872954245,4.566406140341371,5.514744257545617,329.2260345458984,340.77897019670337,317.67309889509346,0.07018239409128092
2023-07-05,332.4259338378906,335.8666873183972,329.06384295177827,329.417734623584,18172400,MSFT,329.3346649169922,316.09012329101563,262.93280960083007,0.0004733747810274913,0.015601898853553975,-0.028583870255176436,53.119906459512634,4.4028683859932585,5.292369083235146,329.3346649169922,340.9688436563546,317.70048617762984,0.07065262165642192
2023-07-06,335.4931030273437,337.183988734617,329.8207861493633,331.5903044472357,28161200,MSFT,329.7077392578125,317.2720635986328,263.4162773895264,0.00922662427098353,0.015623804251624785,-0.0196209786152479,53.1729438484754,4.469239842731099,5.127743235134337,329.7077392578125,341.6406815491989,317.77479696642604,0.07238496929582575
2023-07-07,331.5116271972656,336.0042746051032,331.2953501010179,333.57608493399704,21214800,MSFT,330.38802337646484,318.4989520263672,263.88091110229493,-0.011867534068959906,0.014068910448423394,-0.03125566005202499,40.14843514591661,4.152698156092413,4.932734219325952,330.38802337646484,340.96200047935275,319.81404627357693,0.06400944558961362
2023-07-10,326.212890625,329.5553606764984,322.0446733856095,328.93602028459145,32791400,MSFT,330.71095886230466,319.22847534179687,264.3291500091553,-0.015983561774479238,0.014607486560422208,-0.04673964505326056,40.426677293597045,3.4346799781053505,4.633123371081831,330.71095886230466,340.26259242015215,321.1593253044572,0.05776423975006171
2023-07-11,326.8420715332031,327.22545415637865,321.4646644778311,325.45593589359305,26698200,MSFT,330.99015045166016,319.78499084472656,264.7976099395752,0.0019287432418677586,0.014584628886673745,-0.04490105058591655,44.550770769860385,2.883179540985168,4.283134605062498,330.99015045166016,339.66455956322267,322.31574134009765,0.0524149078135748
2023-07-12,331.4920654296875,335.86672013893883,329.9879656755552,330.90221591804897,29995300,MSFT,331.2531265258789,320.3868328857422,265.2794161987305,0.014227035934117671,0.01452134025014857,-0.03131282351196424,53.53817038279312,2.789175241069472,3.9843427322638933,331.2531265258789,339.6341765100779,322.87207654167986,0.05060208833104711
2023-07-13,336.859619140625,337.92132421715075,333.2812209177964,333.8120884565548,20567200,MSFT,331.66454162597654,321.12937805175784,265.8029889678955,0.01619210313218189,0.014858671781984264,-0.01562774084744785,52.906450766410444,3.111920598519987,3.809858305515112,331.66454162597654,340.3074349252002,323.0216483267529,0.052118283473126824
2023-07-14,339.3959350585937,345.48115613970265,338.48168484795,341.70616139811665,28352700,MSFT,332.05285797119143,321.92559204101565,266.3415361022949,0.007529296400795138,0.014818949932470587,-0.008216110339568062,60.50576344138175,3.531647483442896,3.7542161411006694,332.05285797119143,341.36137760188893,322.7443383404939,0.05606649307325101
2023-07-17,339.8776550292969,341.1163059378195,336.4074104186514,339.82848340532155,20363900,MSFT,331.93636322021484,322.7512554931641,266.88756561279297,0.0014193451392399137,0.0129523655018131,-0.006808426696602127,70.05382186090634,3.8586744424164863,3.7751078013638333,331.93636322021484,340.7552283031278,323.1174981373019,0.053135878198811916
2023-07-18,353.4046936035156,360.57129992405726,336.3779021410324,339.97592078654986,64738600,MSFT,332.7798385620117,323.8276446533203,267.4784959411621,0.03979972903206219,0.015161217707400606,0.0,74.67321868530153,5.149998647619327,4.050085970614932,332.7798385620117,345.7163623755596,319.84331474846385,0.0777482426185937
2023-07-19,349.0693359375,356.3244150776322,346.4740403920073,355.6264420712178,39732900,MSFT,333.6169235229492,324.71452575683594,268.0651661682129,-0.012267402625046775,0.015149010533546978,-0.012267402625046792,67.92833770258565,5.757189950160182,4.391506766523982,333.6169235229492,348.45683303749996,318.77701400839845,0.08896376933066424
2023-07-20,340.9983825683594,351.91049425596435,339.5237736916829,347.58498088457884,33778400,MSFT,334.27116241455076,325.4792242431641,268.63392333984376,-0.023121347360587685,0.015835079953587888,-0.035105111108328625,59.68224584244522,5.5234638933572455,4.617898191890635,334.27116241455076,349.20580152397696,319.33652330512456,0.0893564314764599
2023-07-21,337.9508361816406,344.37029866601915,334.0775279750363,343.2397712455316,69405400,MSFT,334.4707290649414,326.2153430175781,269.1491943359375,-0.00893712856866058,0.015526560124169633,-0.043728500785597,52.753650803732576,5.034290616940268,4.701176676900562,334.4707290649414,349.4942383326313,319.4472197972515,0.08983452339575537
2023-07-24,339.2680969238281,341.0474855444036,336.515506241867,339.9955908905516,26678100,MSFT,334.96668853759763,326.8736322021484,269.63133949279785,0.0038977880838251266,0.015155786988231128,-0.04000115713105761,56.19775931860805,4.698744996709024,4.700690340862255,334.96668853759763,349.9330709494365,320.00030612575875,0.08936042253741305
2023-07-25,345.0387878417969,345.933387393559,339.2288259183692,341.23427216529524,41637700,MSFT,336.066748046875,327.69049682617185,270.1407769775391,0.017009235381375554,0.014699937822095143,-0.023672310846851546,60.15838605494848,4.842646193725216,4.729081511434847,336.066748046875,350.56833575321224,321.5651603405377,0.08630183016092127
2023-07-26,332.0523986816406,338.8356231603512,327.4712770775954,335.66028807830253,58383700,MSFT,336.2240417480469,328.26999755859373,270.5970401763916,-0.037637476184592344,0.016883726324872388,-0.060418820995711275,47.61062907138257,3.8642511735547487,4.556115443858827,336.2240417480469,350.4645147901877,321.98356870590607,0.08470823780538617
2023-07-27,325.1217041015625,335.55208782574067,323.47995999932067,334.71650028968384,39635300,MSFT,335.97188262939454,328.70127258300784,271.07987663269046,-0.020872291865968506,0.01752722010172103,-0.08003003359565955,45.737177125039146,2.5007893972490933,4.145050234536881,335.97188262939454,350.82934184669466,321.1144234120944,0.08844465852929219
2023-07-28,332.6422424316406,334.25449575832243,327.53028334914546,328.02181960713494,28484900,MSFT,336.135075378418,329.2382275390625,271.6246601867676,0.023131455806250534,0.01830375044362573,-0.058749788974699846,54.16564013719048,2.003980072944728,3.7168362022184507,336.135075378418,350.75743846834456,321.5127122884914,0.08700289949488223
2023-07-31,330.2336730957031,331.9835406579094,327.71698030864405,331.2167454340434,25446000,MSFT,335.9079849243164,329.66920593261716,272.1761347198486,-0.0072407199949431345,0.017994687666129692,-0.06556511819791518,52.14792578740142,1.39976803339556,3.253422568453873,335.9079849243164,350.758544295876,321.0574255527568,0.08842040105063645
2023-08-01,330.6466064453125,332.8093779810009,328.05131060347867,329.5160790520631,18311900,MSFT,335.82688293457034,330.0195739746094,272.72801528930665,0.0012504277523803786,0.017922768041972043,-0.06439667488891758,49.43419978809042,0.9433713119695426,2.791412317157007,335.82688293457034,350.7785000385641,320.87526583057655,0.08904359873361793
2023-08-02,321.9561767578125,327.9824147290401,320.8354599405336,327.9824147290401,27761300,MSFT,335.3033950805664,330.19967163085937,273.19502410888674,-0.026283135886160602,0.01885281064529929,-0.08898726421835582,40.45097215671828,-0.11820878743230878,2.209488096239144,335.3033950805664,351.4423691628375,319.1644209982953,0.09626490109587606
2023-08-03,321.13043212890625,324.2959264406298,320.4324591287807,320.4816007481319,18253700,MSFT,334.5852615356445,330.30741516113284,273.68561492919923,-0.002564773371400153,0.018685646800114527,-0.091323805424095,38.03452635417346,-1.014455345253225,1.5646994079406702,334.5852615356445,351.9224037453099,317.24811932597913,0.10363362767441209
2023-08-04,322.23150634765625,329.46693562670976,321.7006387916162,326.2621096416052,23741500,MSFT,334.1212554931641,330.5535772705078,274.1379496765137,0.0034287445492180435,0.01857405610135667,-0.08820818687493874,38.533304301163554,-1.6172470942410655,0.9283101075043232,334.1212554931641,352.281943991826,315.9605669945022,0.1087071726212489
2023-08-07,324.5220031738281,325.5050755362961,321.9758493551546,322.8114668634499,17741500,MSFT,334.03671112060545,330.8732720947266,274.5970045471191,0.007108233617915127,0.01832635896529411,-0.0817269576563433,28.022164817740773,-1.8883719702008648,0.36497369196328555,334.03671112060545,352.36736325948806,315.70605898172283,0.10975232079963959
2023-08-08,320.5307312011719,323.1850385754183,317.5323725014756,321.4253306495144,22327600,MSFT,333.7211441040039,330.8758258056641,275.0459580230713,-0.012298925600179866,0.018518592140735837,-0.09302072948477876,28.16967626841442,-2.3976639025157738,-0.1875538269325263,333.7211441040039,352.776287579698,314.66600062830975,0.1141979992119146
2023-08-09,316.775390625,321.57275813603763,315.615342537366,320.94360747925606,22373300,MSFT,332.98531036376954,330.6662347412109,275.47774475097657,-0.01171600789134608,0.018317271110036656,-0.10364690577542245,30.16101852930312,-3.068929321060864,-0.7638289257581939,332.98531036376954,353.48475109835476,312.4858696291843,0.12312519559610977
2023-08-10,317.4635314941406,322.7033236678108,315.7431549645052,320.50122130920715,20113700,MSFT,332.0155059814453,330.50343811035157,275.88384689331053,0.0021723305834551176,0.017842155486299756,-0.10169973053526378,32.54604448974074,-3.5049815389518244,-1.3120594483969201,332.0155059814453,353.55217495384,310.4788370090506,0.1297329105683291
2023-08-11,315.5761413574219,316.9524369816582,313.806592696837,314.83883691576017,24355500,MSFT,330.8245162963867,330.35833923339845,276.25548454284666,-0.0059452187400416134,0.017684914913215312,-0.10704032213146995,30.010062714296154,-3.957236118986998,-1.841094782514936,330.8245162963867,353.2584960301763,308.39053656259716,0.1356246507056985
2023-08-14,318.55474853515625,318.57439918031054,314.6617607236888,315.94961300542656,18836100,MSFT,329.7583709716797,330.1904296875,276.62537910461424,0.009438632353264031,0.017891623981166123,-0.09861200402577984,26.54935792569006,-4.028860233109924,-2.2786478726339334,329.7583709716797,352.4064843344243,307.1102576089351,0.13736187072982392
2023-08-15,316.4116516113281,319.58698609657176,315.46791055727243,317.53236848882136,16966300,MSFT,327.9087188720703,329.9242132568359,277.07891090393065,-0.0067275623222787795,0.014775985913434393,-0.10467614794525043,32.85920303300696,-4.21002235367564,-2.664922768842275,327.9087188720703,348.3615556106903,307.45588213345036,0.12474713578201252
2023-08-16,315.643310546875,319.60364855398745,315.05221218086444,316.0373661027114,20698900,MSFT,326.23741760253904,329.63201293945315,277.55089645385743,-0.0024282957360778346,0.01469920722017301,-0.10685025903760374,37.99047243424665,-4.365273189987647,-3.0049928530713492,326.23741760253904,344.7836136303948,307.69122157468325,0.11369754066929841
2023-08-17,312.175537109375,317.0914448901851,311.51547084312125,315.78120358070635,21257200,MSFT,324.79627532958983,329.31489135742186,277.9610499572754,-0.01098636759160787,0.014148346430305629,-0.11666273040616595,21.09974325362043,-4.713793256870417,-3.346752933831163,324.79627532958983,342.9889815835669,306.60356907561277,0.11202533794770804
2023-08-18,311.7814636230469,313.6532496991234,306.9246328799907,309.8209872544114,24755000,MSFT,323.48780670166013,329.1924017333984,278.38747909545896,-0.0012623458262523979,0.01412029521154285,-0.11777780752161093,22.372559806557376,-4.9645679092421915,-3.670315928913369,323.48780670166013,341.4598915676701,305.51572183565014,0.11111445002676672
2023-08-21,317.1013488769531,317.97812023302833,312.3332075074282,313.2099788635033,24040000,MSFT,322.3794692993164,329.13934509277345,278.8598272705078,0.017062865739632782,0.014794976245925033,-0.10272456869882772,32.31766540325671,-4.680089193162132,-3.8722705817631216,322.3794692993164,338.9319775312545,305.82696106737825,0.10268959290685968
2023-08-22,317.67266845703125,321.23892020655586,316.6875147112175,320.66754426236673,16084600,MSFT,321.01116333007815,329.0676336669922,279.37440254211424,0.0018016939445433255,0.014071070281997328,-0.1011079529876649,42.904000113243185,-4.358297307302166,-3.9694759268709308,321.01116333007815,333.76548391484346,308.25684274531284,0.07946340839026052
2023-08-23,322.1452941894531,324.31264458594995,318.6578413021839,319.012512305478,21166400,MSFT,320.51580810546875,328.985888671875,279.9398809814453,0.014079353298305008,0.012196846817438812,-0.08845213428074158,51.499968877506376,-3.6997232949131558,-3.915525400479376,320.51580810546875,332.1882239312453,308.8433922796922,0.07283519583493148
2023-08-24,315.2196350097656,328.03649444705104,315.2097738519858,327.90841965393514,23281400,MSFT,320.0207046508789,328.71765502929685,280.43589752197266,-0.021498557652729566,0.012250042492313009,-0.1080490986251297,41.158688392875696,-3.694058652305216,-3.871232050844544,320.0207046508789,331.71053609502525,308.3308732067325,0.07305671960755905
2023-08-25,318.1849670410156,320.52960769740787,314.0670015423209,316.697375267024,21684100,MSFT,319.29784088134767,328.4487622070312,280.9151271057129,0.00940719327702455,0.011132607228253502,-0.09965834410228003,42.14329820143231,-3.4109723041531197,-3.779180101506259,319.29784088134767,329.3787121072695,309.2169696554258,0.06314399870726299
2023-08-28,318.8943176269531,321.30792655371766,316.94370215408395,320.8252107812668,14808500,MSFT,318.73087310791016,327.98249755859376,281.3930249786377,0.0022293654930782836,0.011106505738143119,-0.09765115348264065,47.79143196529687,-3.0937231549659714,-3.642088712198202,318.73087310791016,327.3984799271771,310.0632662886432,0.054388247581729735
2023-08-29,323.5343933105469,324.09593824452344,317.1013395977492,317.1013395977492,19284600,MSFT,318.37526245117186,327.7224816894531,281.9153939819336,0.014550512276677807,0.011675228974834535,-0.08452151551354382,58.90944490705542,-2.4397615373393933,-3.4016232772264403,318.37526245117186,325.4152252868843,311.3352996154594,0.044224308016343784
2023-08-30,323.9087219238281,324.913567962967,321.6034656708571,323.79050827975385,15222100,MSFT,318.47288970947267,327.55410339355467,282.34952629089355,0.0011569978988970053,0.010049514875816777,-0.0834623088305075,58.56666304307264,-1.8697339243235547,-3.0952454066458635,318.47288970947267,325.7713498108158,311.1744296081295,0.04583410605531405
2023-08-31,322.89404296875,325.99727165516003,321.92858135018474,324.3126669507392,26411000,MSFT,318.56107025146486,327.45371215820313,282.7584364318848,-0.0031326076959321547,0.01005898188083721,-0.08633346185547693,59.95764348270235,-1.4827666350515756,-2.772749652327006,318.56107025146486,326.03522596950205,311.08691453342766,0.04692447644112488
2023-09-01,323.7806396484375,327.06118845381434,321.9285457619997,326.39129110984953,14942000,MSFT,318.6385269165039,327.2501348876953,283.19890480041505,0.0027457820885636863,0.010049034390517412,-0.08382473264011972,57.54028572082775,-1.09196384838134,-2.436592491537873,318.6385269165039,326.3025382396658,310.974515593342,0.048104737348162424
2023-09-05,328.5980529785156,329.8787710157391,323.7806663099435,324.11561500950705,18553900,MSFT,318.84232940673826,327.23511779785156,283.66141105651855,0.014878633062523017,0.01046807944530201,-0.07019329701611304,66.32364411116907,-0.38904021598807503,-2.0270820364279136,318.84232940673826,327.3368754938803,310.3477833195962,0.05328367850622368
2023-09-06,327.93804931640625,329.4945793177721,325.2781216448237,328.4306262878465,17535800,MSFT,319.2126953125,327.3331268310547,284.11846481323244,-0.002008544043785143,0.010040939500631615,-0.0720608547312628,66.51669897244662,0.11346706957613151,-1.5989722152271046,319.2126953125,328.6146574794759,309.81073314552407,0.05890719451349936
2023-09-07,325.0120849609375,328.1350055862109,324.14514483010225,326.37160197842854,18381000,MSFT,319.62453002929686,327.2552380371094,284.56113327026367,-0.008922308227325204,0.009869910061172568,-0.08034021380155117,67.49930523313381,0.27246602484314053,-1.2246845672130555,319.62453002929686,329.2947289525698,309.9543311060239,0.06050974199249711
2023-09-08,329.3073425292969,331.16929760057,324.5687552625587,325.189406952983,19530100,MSFT,320.2167205810547,327.23808715820314,285.0275284576416,0.013215685714811576,0.01022210409303009,-0.0681862791026017,71.59503518150287,0.7365744593534487,-0.8324327618997547,320.2167205810547,330.74246545554723,309.69097570656214,0.06574138199524919
2023-09-11,332.92291259765625,333.39579729462235,330.45016667890303,332.2332928393112,16583300,MSFT,321.0840591430664,327.3089776611328,285.50794090270995,0.010979318106269398,0.010240490957343583,-0.057955599845082605,70.34970941939616,1.3802197116809793,-0.3899022671836079,321.0840591430664,332.79213567108013,309.37598261505264,0.0729284197992336
2023-09-12,326.8444519042969,331.7899430173362,326.5587789605408,330.8343426682216,17565500,MSFT,321.49854431152346,327.1503570556641,285.9433818817139,-0.018257862295904204,0.011120295192814622,-0.0751553167797388,60.3329329080161,1.3838797291434162,-0.035145867918203066,321.49854431152346,333.4146923066434,309.5823963164035,0.07412878351059363
2023-09-13,331.07080078125,331.8490807416481,326.2534140831234,326.3913199887265,16544400,MSFT,322.2315017700195,327.1264001464844,286.3874789428711,0.012930765238109876,0.01123746801020716,-0.0631963672993036,60.11158768013376,1.7081211947852353,0.31350754462248465,322.2315017700195,334.62404072492654,309.8389628151125,0.07691699220488832
2023-09-14,333.67156982421875,335.7994753569571,331.5731876353605,334.1148709499955,20267000,MSFT,323.1329147338867,327.15131286621096,286.84502014160154,0.007855627970909884,0.01124370392325583,-0.05583718647900995,73.17491236099069,2.150159518077203,0.6808379393134283,323.1329147338867,336.11631579808477,310.14951366968864,0.08035950825306935
2023-09-15,325.3174743652344,332.39087111470906,324.7559295090808,331.91801655332216,37679800,MSFT,323.7900115966797,326.94780029296874,287.2888242340088,-0.025036881216417006,0.01251969670825521,-0.0794760786900931,57.8901313772806,1.8055590279957414,0.905782157049891,323.7900115966797,335.72645725300595,311.8535659403534,0.07372954834193331
2023-09-18,324.1747131347656,325.4948156439136,321.5147857988126,322.93340970271976,16834200,MSFT,324.4096740722656,326.8010620117187,287.73391067504883,-0.003512756985152854,0.012561914240081358,-0.08270965552467474,55.78580600288909,1.423836277746375,1.0093929811891877,324.4096740722656,334.92319549115547,313.89615265337574,0.06481632490742474
2023-09-19,323.7707824707031,324.49981670881084,319.69226147159173,321.32762034749874,16505900,MSFT,324.74314575195314,326.7522198486328,288.1045211791992,-0.0012460276748809118,0.012065780193603251,-0.08385262467979204,50.28552050542953,1.0763173033210478,1.0227778456155598,324.74314575195314,334.68836018499314,314.79793131891313,0.06124972651854773
2023-09-20,316.0077819824219,324.6968459443136,315.7516624314958,324.6180468666076,21436500,MSFT,324.65990142822267,326.5355340576172,288.43851806640623,-0.023976840742211514,0.013301685946446519,-0.10581894439423974,41.90226087870375,0.1725081840842222,0.8527239133092924,324.65990142822267,334.87841884798377,314.44138400846157,0.0629490576126492
2023-09-21,314.7861633300781,320.5197651300431,310.3234182323644,314.520182651958,35560400,MSFT,324.2919448852539,326.201416015625,288.7647925567627,-0.0038657866103174454,0.012888147797858608,-0.10927565754619997,41.72526712027124,-0.6350213395398896,0.555174862739456,324.2919448852539,335.384337544811,313.1995522256968,0.06840991788113635
2023-09-22,312.3036193847656,316.6777047127133,311.45637147338414,316.5496299069049,21447900,MSFT,324.1461441040039,325.7102960205078,289.10223556518554,-0.007886445576419265,0.012087408869964665,-0.11630030659655373,38.656321957652324,-1.458502148962225,0.15243946039911987,324.1461441040039,335.80293399626066,312.4893542117471,0.0719230514031142
2023-09-25,312.82574462890625,312.9538194326375,310.3234455703718,311.88983649741465,17836000,MSFT,323.87818298339846,325.17889221191405,289.46714263916016,0.001671851402712532,0.011879224836342817,-0.11482289202456054,32.96449165442138,-2.0454072975643385,-0.2871298911935718,323.87818298339846,336.3311540038284,311.42521196296855,0.07689910388973767
2023-09-26,307.50592041015625,311.190385987701,305.41736910779923,310.4515206404709,26297600,MSFT,323.3087631225586,324.5314575195313,289.80911972045897,-0.017005711039098537,0.012390278550615133,-0.12987595814121575,29.949736584243936,-2.9062972257704587,-0.8109633581089493,323.3087631225586,337.6235740221833,308.99395222293396,0.08855195115264017
2023-09-27,308.1462707519531,309.6338325713444,305.0922879071992,307.6635249378913,19410100,MSFT,322.5393569946289,323.6262890625,290.1394747924805,0.0020824000427137612,0.011828234004909696,-0.12806401179928267,32.6721050674449,-3.4965813619051005,-1.3480869588681794,322.5393569946289,338.3763633092878,306.70235067997004,0.0982020083516357
2023-09-28,308.9836120605469,310.796291208955,304.8558157704613,306.3729307786209,19683600,MSFT,321.79310150146483,322.82457458496094,290.48370346069333,0.0027173501290489455,0.01185780837249366,-0.1256946564292231,27.522343728905085,-3.8524111492236557,-1.8489517969392748,321.79310150146483,338.72700563045765,304.859197372472,0.10524715446030615
2023-09-29,311.06231689453125,314.72709028665287,310.30375928067184,313.0326245233169,24147300,MSFT,321.2015151977539,322.22585327148437,290.8036385345459,0.006727556908671994,0.012024677888365587,-0.11981271747479462,24.971768783542032,-3.9214704414291077,-2.2634555258372417,321.2015151977539,338.7876008880667,303.6154295074411,0.10950188500502933
2023-10-02,317.0224609375,317.1111512307064,310.50074800072014,311.5844231256774,20570000,MSFT,320.86360626220704,321.8072857666016,291.1317989349365,0.019160610974904957,0.012880696666841551,-0.1029477913692703,38.72423822646748,-3.4554345166076814,-2.50185132399133,320.86360626220704,338.5006689706476,303.2265435537665,0.10993495282246318
2023-10-03,308.7373962402344,316.6186274680149,306.58973788163564,316.06691362272,21033500,MSFT,319.87057342529295,321.19667175292966,291.417066192627,-0.026133999063552182,0.013474875145631168,-0.1263913529495832,26.5465891617457,-3.7118453260980004,-2.7438501244126643,319.87057342529295,337.90600305318605,301.83514379739984,0.11276704471288514
2023-10-04,314.224609375,315.2885921855911,309.33825553994615,309.36780894776786,20720100,MSFT,319.18490142822264,320.58038818359375,291.7699362945557,0.01777307576467324,0.014256776457622676,-0.11086464027688246,30.745095005747118,-3.4327103504057277,-2.881622169611277,319.18490142822264,336.9698995410612,301.3999033153841,0.11144009652873868
2023-10-05,314.61865234375,315.2294728553235,310.224875523161,314.35267168391385,16965600,MSFT,318.6652297973633,320.2317132568359,292.1459115600586,0.0012540168942647423,0.014179476411827437,-0.10974964951450149,37.4245914540927,-3.143462023220593,-2.9339901403331403,318.6652297973633,336.3403543966355,300.99010519809104,0.11093224454084125
2023-10-06,322.4014587402344,324.3027984562463,311.6041508921413,311.8504393547701,25673600,MSFT,318.31993560791017,320.17730834960935,292.58154457092286,0.024737269511856397,0.015019176148474173,-0.08772728666151715,48.19713209158244,-2.260169381709545,-2.799225988608421,318.31993560791017,335.3787683091857,301.2611029066346,0.1071804231720361
2023-10-09,324.9234313964844,325.3962859760922,318.3819957765028,319.9286944478217,19891200,MSFT,317.9199615478516,320.02293212890623,293.02318267822267,0.00782246043831325,0.014903331110819937,-0.08059106945247407,51.12351061222256,-1.341191067415025,-2.507619004369742,317.9199615478516,333.8766632058436,301.96325988985956,0.10038187964230935
2023-10-10,323.5146484375,326.18440663278744,322.8053365479783,326.0464706793637,20557100,MSFT,317.7534713745117,319.8885516357422,293.44490989685056,-0.004335738278183232,0.014376015029540676,-0.08457738594595247,58.351627682105445,-0.7182911305230846,-2.149753429600411,317.7534713745117,333.38425861114206,302.1226841378814,0.09838310920107951
2023-10-11,327.4848327636719,327.87888826275554,324.25352956797366,326.2927750434713,20063200,MSFT,317.5741729736328,319.8253161621094,293.91701652526854,0.012272038825280163,0.014344553933182957,-0.07334328408474172,63.31345801162316,0.09463140024672612,-1.7008764636309834,317.5741729736328,332.63358055548423,302.5147653917814,0.09484025379546059
2023-10-12,326.2435913085937,328.6769228095832,323.83981322403275,325.6623540758247,19313100,MSFT,317.20277404785156,319.911064453125,294.3802750396728,-0.003790225778101619,0.014225693846495408,-0.07685552225685476,65.00541697573095,0.6314416840601211,-1.2344128340927627,317.20277404785156,330.8949249308434,303.51062316485974,0.08633058726608929
2023-10-13,322.8644104003906,328.8738234995549,321.51472467136387,327.44536877291046,21072400,MSFT,317.0801208496094,319.9457440185547,294.835297164917,-0.01035784609484236,0.013268284672975564,-0.0864173106806219,60.17978729791105,0.7752593361478262,-0.832478400044645,317.0801208496094,330.50759558079585,303.6526461184229,0.08469452260335864
2023-10-16,327.7015991210937,331.1496376805438,325.69187679980854,326.1351780044602,22158000,MSFT,317.2564651489257,320.0551458740234,295.32639389038087,0.014982105691687675,0.013670598053585468,-0.07272991827114274,70.68202956236496,1.2649747240657234,-0.4129877752225713,317.2564651489257,331.16043454512845,303.352495752723,0.08765129113870682
2023-10-17,327.1301574707031,328.5093667316264,322.5491984669727,324.6968264635894,18338500,MSFT,317.4244338989257,320.10730895996096,295.7829307556152,-0.0017437865787752749,0.013674645904607754,-0.0743468793945614,69.46853244901465,1.588654116003795,-0.012659396977298065,317.4244338989257,331.7349815988189,303.11388619903255,0.09016664233510095
2023-10-18,325.2090759277344,330.6077290676557,323.4259501224521,327.55374656173126,23153600,MSFT,317.88449859619135,320.2008758544922,296.23568397521973,-0.005872529631086643,0.012511506652909583,-0.07978280477342467,66.27786221026427,1.670896090692736,0.3240517005567088,317.88449859619135,332.58946726479996,303.17952992758273,0.09251768320598945
2023-10-19,326.4010925292969,331.8785440488766,325.9971759522863,327.2187567752929,25052100,MSFT,318.4652450561523,320.3933898925781,296.6955714416504,0.0036653854083315007,0.012454384822434094,-0.0764098540935454,65.66704341640741,1.8113787787850697,0.621517116202381,318.4652450561523,333.56706686066616,303.36342325163844,0.09484125529522748
2023-10-20,321.8202209472656,326.9922786523629,320.6183320494055,326.7952358568411,25027700,MSFT,318.9410751342773,320.48052368164065,297.1838268280029,-0.0140344860568139,0.012779930372384677,-0.08937196711848029,55.04251463395077,1.5353754164300426,0.8042887762479134,318.9410751342773,333.8235678561111,304.0585824124435,0.09332440304572316
2023-10-23,324.4308776855469,327.790255969296,319.57407635184484,320.63802929650694,24374700,MSFT,319.5213317871093,320.6576184082031,297.7183547973633,0.008112158802815017,0.012863243946065334,-0.0819848079054503,68.7278940897464,1.5098938277079128,0.9454097865399134,319.5213317871093,334.3045193208351,304.73814425338355,0.09253333698280594
2023-10-24,325.6228942871094,326.91344339948563,322.73640078016155,326.38145191312543,31153600,MSFT,320.42718048095696,320.7989813232422,298.2460248565674,0.003674177408963697,0.012070124843735267,-0.07861185722557104,65.15588898149724,1.5678124961818298,1.0698903284682968,320.42718048095696,334.3027571091515,306.5516038527624,0.08660673921211987
2023-10-25,335.61236572265625,341.0602651549816,332.607628527267,339.8977607961559,55053800,MSFT,321.80048522949215,321.18299560546876,298.8129280090332,0.030678037726484142,0.01356485348363981,-0.05034547702080202,72.23961505585756,2.392204473506297,1.334353157475897,321.80048522949215,335.9914758149902,307.6094946439941,0.08819744678369743
2023-10-26,323.0220947265625,336.5580983520132,322.086186588402,335.48428431504954,37828500,MSFT,322.50240936279295,321.3305712890625,299.3084160614014,-0.03751432391051446,0.016489812007443285,-0.0859711243989287,50.5966921828835,2.0064819321376604,1.4687789124082495,322.50240936279295,335.3492083308369,309.655610394749,0.07966947591757188
2023-10-27,324.91357421875,331.7209906231655,323.5245037451174,325.5243647678988,29856500,MSFT,323.19497222900384,321.58533203125,299.77950592041014,0.005855573111147816,0.01647878819132421,-0.08061896149214641,49.99040680493144,1.8322990238080479,1.5414829346882093,323.19497222900384,334.88650124973617,311.5034432082715,0.07234969616079394
2023-10-30,332.3022155761719,334.41045907381,326.9035620962308,328.46012188812404,22828100,MSFT,323.9589599609375,321.9957470703125,300.27413398742675,0.022740328332504278,0.016689536319387518,-0.05971193481379905,57.660581675430855,2.2643573204517793,1.6860578118409235,323.9589599609375,335.9453973154281,311.97252260644683,0.07399972734778476
2023-10-31,333.09033203125,333.9671333314319,329.7211229204908,333.81936627648764,20265300,MSFT,325.17660675048825,322.3155267333984,300.7691800689697,0.0023716858273472585,0.015273593115400068,-0.05748186693597309,55.173637575817004,2.639929579817533,1.8768321654362454,325.17660675048825,335.4823273065508,314.8708861944257,0.06338537485244297
2023-11-01,340.9322204589844,342.2621842488645,334.60751913563803,334.7454551138456,28158800,MSFT,326.51198730468747,322.7807177734375,301.2979560852051,0.023542828096849933,0.01560013037261771,-0.035292324551082804,62.084568403070605,3.529660431620698,2.207397818673136,326.51198730468747,337.7239705949589,315.300004014416,0.06867731492999614
2023-11-02,343.1487731933594,343.6511811792391,339.6514592221173,342.0847902707167,24348100,MSFT,327.93849334716793,323.20078735351564,301.8600263977051,0.00650144691924659,0.015592048112755127,-0.029020328806561798,67.01374455040457,4.363337978862489,2.6385858507110065,327.93849334716793,340.0062716069897,315.8707150873462,0.07359781486247392
2023-11-03,347.562255859375,349.12867689079525,342.17346325846154,344.43933508440006,23637700,MSFT,329.19653320312494,323.84763977050784,302.4631467437744,0.01286171774692213,0.014994075380883641,-0.01653186233767243,66.77760751379763,5.3188521903282435,3.1746391186344542,329.19653320312494,343.81107938094783,314.58198702530206,0.08878918642077703
2023-11-06,351.23687744140625,352.2318923839863,348.10409562346064,348.2026170147718,23828300,MSFT,330.51220550537107,324.5086779785156,303.04408210754394,0.01057255648472366,0.015044739026310736,-0.006134089901311401,69.35003039942544,6.299992941577955,3.799709883223155,330.51220550537107,347.968473044427,313.0559379663151,0.10563160602413678
2023-11-07,355.177490234375,357.07882980965496,352.3205502922459,354.0642616553695,25833900,MSFT,332.0953475952148,325.2343414306641,303.63317451477053,0.011219245603349526,0.014992616895665082,0.0,73.29971105658194,7.311249047077865,4.502017715994097,332.0953475952148,352.391625455628,311.79906973480155,0.12223163020731026
2023-11-08,357.807861328125,358.4678975179717,355.1971797857397,356.31040835628005,26767800,MSFT,333.61149902343743,325.9198107910156,304.23806076049806,0.007405793345784062,0.014903971596498568,0.0,73.88381802442834,8.23005481189034,5.2476251351733465,333.61149902343743,356.7841324452173,310.43886560165754,0.1389198723042333
2023-11-09,355.33514404296875,359.3742808349746,355.01002643681795,356.9212273081889,24847300,MSFT,335.0660766601562,326.54833923339845,304.8375794219971,-0.006910740518606628,0.015011751060901142,-0.006910740518606614,76.33127695845133,8.658873279387478,5.929874764016174,335.0660766601562,359.8851132010697,310.24704011924274,0.1481441319772065
2023-11-10,364.1818237304688,364.60543265510057,355.70949491528955,356.12324268113645,28042100,MSFT,337.13194732666017,327.3740948486328,305.4451767730713,0.02489672028171319,0.015257029029049386,0.0,78.44354370630212,9.601883583359495,6.664276527884838,337.13194732666017,364.42920520369154,309.8346894496288,0.16193812596812132
2023-11-13,361.2362060546875,362.999639862064,360.4677872552205,362.75335139986936,19986500,MSFT,338.80867767333984,328.12320617675783,306.0372631835937,-0.00808831601096427,0.015425341553684207,-0.008088316010964238,74.85903350774049,9.996308097140115,7.330682841735894,338.80867767333984,367.73788962456337,309.8794657221163,0.1707701948479338
2023-11-14,364.7729187011719,366.4280000793841,361.89628618895415,365.5019530209893,27683900,MSFT,340.6908157348633,328.8467034912109,306.6736967468262,0.009790581860858572,0.015375609099935137,0.0,72.3700160833807,10.473543034469628,7.959254880282641,340.6908157348633,371.2717757519431,310.1098557177835,0.17952324280369744
2023-11-15,364.9209899902344,368.33653212587393,362.3938497137021,366.5102924140752,26860100,MSFT,342.6764114379883,329.5863623046875,307.2859194946289,0.00040592730839161817,0.01519262349826845,0.0,89.72546337206501,10.739900389801448,8.515383982186403,342.6764114379883,374.168238514747,311.1845843612296,0.1837992113002942
2023-11-16,371.3374328613281,371.5151132073754,365.42436470220525,366.1943429939351,27182300,MSFT,344.92322845458983,330.5128692626953,307.906056137085,0.01758310167706556,0.01540278457929394,0.0,90.53739967691949,11.338045892786283,9.07991636430638,344.92322845458983,377.90279622594903,311.94366068323063,0.1912284534684567
2023-11-17,365.0986328125,369.5605546240066,362.28524004589394,368.810308519438,40157000,MSFT,347.08714904785154,331.2286950683594,308.4370235443115,-0.016800891848568145,0.015608725309910459,-0.01680089184856819,79.22475097014899,11.179787853989978,9.4998906622431,347.08714904785154,379.35573705791353,314.81856103778955,0.18593939936170467
2023-11-20,372.5911254882813,374.00274740716367,366.2338561414442,366.4510310616974,52465100,MSFT,349.4951614379883,332.02205932617187,309.036030960083,0.02052183164331134,0.015922004882243507,0.0,81.44213447445588,11.52608324668779,9.905129179132038,349.4951614379883,381.83275281587595,317.1575700601007,0.18505315635750433
2023-11-21,368.27734375,371.3868710833452,366.3523824778883,370.8439487376381,28423100,MSFT,351.62788391113287,332.85071716308596,309.621199798584,-0.011577789816190842,0.016449492815884665,-0.01157778981619084,73.06166885003711,11.321926583819561,10.188488660069543,351.62788391113287,382.94656593326056,320.3092018890052,0.17813537239295207
2023-11-22,372.9958801269531,374.9109599374389,370.1528738051793,373.1439470967272,23345300,MSFT,353.4970596313477,333.68921875,310.17717239379886,0.012812453595180351,0.015514668202362077,0.0,74.15246703215283,11.4093574383229,10.432662415720214,353.4970596313477,385.2503929469243,321.74372631577114,0.1796526021952842
2023-11-24,372.581298828125,373.114370096836,370.32073924284447,372.4825774634703,10176600,MSFT,355.9750198364258,334.4674133300781,310.7351324462891,-0.0011114902896166567,0.011936686006404164,-0.0011114902896166515,71.64650117444269,11.314764215724438,10.60908277572106,355.9750198364258,385.3616666546874,326.58837301816425,0.165105106710943
2023-11-27,373.74609375,375.7500438550152,371.3670808246685,371.9396164792958,22179200,MSFT,358.41664581298835,335.43598571777346,311.31413208007814,0.0031262839158556766,0.011968779428752335,0.0,70.35919846396911,11.204627648017947,10.728191750180438,358.41664581298835,384.90894149263346,331.92435013334324,0.14782960551150318
2023-11-28,377.78363037109375,378.0797643503983,373.3019453559166,373.4895069179867,20453100,MSFT,360.69071655273444,336.5081640625,311.91586349487307,0.010802886474565954,0.011433066300441318,0.0,70.41107727441552,11.312732943400476,10.845099988824446,360.69071655273444,385.49919086458044,335.88224224088844,0.13756092504376335
2023-11-29,373.9830322265625,379.3629996146164,372.591142464095,378.8299585251396,28963400,MSFT,362.73535156250006,337.51240905761716,312.45837600708006,-0.010060250998165099,0.011993340637529099,-0.01006025099816515,64.30232106312975,10.965329172487998,10.869145825557158,362.73535156250006,384.5225069902814,340.9481961347187,0.12012700352437172
2023-11-30,374.0422668457031,375.2071005292818,370.6464570262143,373.6276491974568,30554400,MSFT,364.390853881836,338.6730987548828,312.99702682495115,0.00015838852043081886,0.011300060071205889,-0.009903455906005018,67.2785717466833,10.572910983442512,10.809898857134229,364.390853881836,384.1386677327589,344.6430400309131,0.10838808735483078
2023-12-01,369.6987915039063,373.3018950187399,366.5398888981319,371.91988642578656,33040500,MSFT,365.7183547973633,339.7713513183594,313.5246031188965,-0.01161225809699351,0.011860534508177293,-0.02140071251696579,55.558021961534706,9.798483759819817,10.607615837671348,365.7183547973633,382.84997995571854,348.58672963900807,0.09368753267988149
2023-12-04,364.3977661132813,364.7728590438149,358.2379093318976,364.3582715480311,32063300,MSFT,366.56013031005864,340.8132342529297,314.06084075927737,-0.01433876851222815,0.012317442941524707,-0.03543262116641639,53.04077535398132,8.657201331121712,10.217532936361422,366.56013031005864,381.4422500178888,351.6780106022285,0.0811987910154984
2023-12-05,367.7343444824219,368.2871479324232,360.92299258913255,361.742346716279,23065000,MSFT,367.3850036621094,341.91140625,314.63382095336914,0.009156418286338619,0.012272218236392721,-0.026600638780458923,52.85929465231755,7.9305424169321554,9.760134832475568,367.3850036621094,380.40309991510986,354.36690740910893,0.07086895830388026
2023-12-06,364.0621643066406,369.3730544542741,363.3020670287441,368.7412919393215,21182100,MSFT,367.8292373657227,343.0425311279297,315.21487648010253,-0.009985959241717746,0.01238286751704507,-0.036320965127511325,49.223626131096886,6.977908753138081,9.203689616608072,367.8292373657227,379.64410265327456,356.0143720781708,0.06424103408508915
2023-12-07,366.1845397949219,366.67811645989656,361.6140150571717,363.4994815324385,23118900,MSFT,368.2480712890625,344.20329650878904,315.81223304748534,0.005829706287450387,0.01234698660584215,-0.030702999398830977,44.94972758139657,6.321329326118018,8.627217558510061,368.2480712890625,379.1236940896671,357.37244848845796,0.05906682830698416
2023-12-08,369.42236328125,369.6493892433053,363.4994439145067,364.4569837504845,20154400,MSFT,368.9524322509766,345.4120715332031,316.4097896575928,0.008842054031394708,0.012302719171985504,-0.022132422947046558,54.502477506679995,5.993165217520186,8.100407090312087,368.9524322509766,377.9733301874528,359.93153431450037,0.04890005945449267
2023-12-11,366.530029296875,366.8261933792064,361.3968499172915,363.7462797263503,27708800,MSFT,369.06984252929686,346.52142578125,317.02010528564455,-0.007829341891175678,0.011229038852400635,-0.02978848253208968,43.0195597131485,5.437030908981853,7.56773185404604,369.06984252929686,377.8881545166334,360.25153054196034,0.0477866840969892
2023-12-12,369.5704650878906,369.6099596558735,365.7008108148424,366.085815070236,24838300,MSFT,369.486555480957,347.5723858642578,317.641012802124,0.008295188792165842,0.011176129601011518,-0.021740394826359734,51.53426080080064,5.181894566145559,7.090564396465944,369.486555480957,377.4968678318119,361.4762431301021,0.04335915465410087
2023-12-13,369.560546875,372.7885571910575,366.0067892509358,371.1893436660844,30955500,MSFT,369.72593688964844,348.7888488769531,318.26550010681154,-2.683713615547756e-05,0.01099307785908066,-0.021766648512579232,45.41134403118861,4.922157294050123,6.65688297598278,369.72593688964844,377.4231719046233,362.0287018746736,0.04163751712811129
2023-12-14,361.2289733886719,368.95840003199714,359.45210962899,368.5141690293138,43277500,MSFT,369.5413360595703,349.72893615722654,318.8637792205811,-0.022544542583833205,0.012162130808327619,-0.043820471962113264,37.48362241550442,3.997939525903064,6.125094285966838,369.5413360595703,377.8745871767106,361.20808494243005,0.04510050867920734
2023-12-15,365.9673461914063,367.6158752980434,361.574502046974,362.1371866464728,78502300,MSFT,369.27283172607423,350.7559100341797,319.46201164245605,0.013117366412455755,0.011850875795227775,-0.03127791473675131,42.05008470960455,3.6062665747136293,5.621328743716196,369.27283172607423,377.70784834759843,360.83781510455003,0.04568446902577049
2023-12-18,367.8627014160156,368.2082111244825,363.9437012883022,364.70382867203534,21802900,MSFT,369.41103515625,351.66513488769533,320.0492195892334,0.00517902825029104,0.011280836256143047,-0.026260875690492142,39.39647563585787,3.409499675605673,5.178962930094092,369.41103515625,377.6462953903335,361.17577492216657,0.04458589186757879
2023-12-19,368.4648132324219,368.4648132324219,365.0887360317226,366.717532787326,20603700,MSFT,369.20471954345703,352.53596252441406,320.63168869018557,0.0016367840884343732,0.010254965339427526,-0.02466707498553624,43.669268920490616,3.2645145898571286,4.7960732620467,369.20471954345703,377.31025652819744,361.0991825587166,0.04390808977070161
2023-12-20,365.8587646484375,371.1992678124317,365.7699244632415,370.18250108115,26316700,MSFT,369.0837905883789,353.3828448486328,321.2144682312012,-0.007072720353192952,0.010046338121656881,-0.03156533201542521,41.12988108429947,2.905829925207968,4.418024594678954,369.0837905883789,377.3187178549342,360.8488633218236,0.04462361922439078
2023-12-21,368.7412414550781,369.6000599811611,365.28620500497976,367.7738204038608,17708000,MSFT,368.87105865478514,354.2079730224609,321.8138671875,0.007878659978012292,0.009764519346495887,-0.02393536455545562,48.928162240785454,2.821635475369135,4.09874677081699,368.87105865478514,376.89765164631433,360.84446566325596,0.043519776372811195
2023-12-22,369.7678833007813,370.3601813274184,367.9219113827599,368.8794513235901,17107500,MSFT,368.73038787841796,355.0784588623047,322.4251676940918,0.002784179609668813,0.009791086042087997,-0.021217825299732127,56.64713463953136,2.8054131279974968,3.840080042253091,368.73038787841796,376.57985414858376,360.88092160825215,0.04257564078366127
2023-12-26,369.8468322753906,372.0975404317787,368.7017309150492,370.1824607580816,12673100,MSFT,368.5354248046875,356.0181072998047,323.0551573944092,0.0002135095506525797,0.00975852846667373,-0.021008845957425085,52.84421296220207,2.767030715604051,3.625470176923283,368.5354248046875,376.0467636600403,361.02408594933473,0.04076318502805297
2023-12-27,369.2644653320313,370.241737520185,368.0206424558139,368.8893422344082,14905400,MSFT,368.1094665527344,356.84936462402345,323.6560935974121,-0.001574616550793384,0.009390959495210655,-0.022550381631660794,57.639930264555574,2.658969289151912,3.432169999369009,368.1094665527344,374.2545439903612,361.96438911510756,0.03338722850664033
2023-12-28,370.45892333984375,371.6237571110033,369.3533163620971,370.547763529963,14327000,MSFT,367.9332611083984,357.71593994140625,324.22930725097655,0.003234695238650831,0.009191577518448058,-0.019388630005103717,56.45309466394041,2.6392885335616256,3.2735937062075324,367.9332611083984,373.54845845115534,362.3180637656415,0.03052291236645005
2023-12-29,371.2091369628906,372.3147438435589,368.6820269140694,371.169642395573,18730800,MSFT,367.79160461425784,358.63594116210936,324.78346511840823,0.002025092596726674,0.009207362395686822,-0.01740280117946099,52.91658571819971,2.6536378769341127,3.1496025403528485,367.79160461425784,372.8757321533425,362.7074770751732,0.027646784077178233
2024-01-02,366.1055603027344,371.070940478164,362.0582255182153,369.0571391968686,25258600,MSFT,367.61194305419923,359.43003051757813,325.2593315124512,-0.013748521121845214,0.009356205400267912,-0.030912059521711152,49.35378090900897,2.2275164280318336,2.965185317888646,367.61194305419923,372.66616471899215,362.5577213894063,0.02749759228604684
2024-01-03,365.8390197753906,368.4648511739828,363.77587298911,364.2694496401492,23083500,MSFT,367.6840057373047,360.31040649414064,325.7180229187012,-0.0007280428276570383,0.008769122524496,-0.03161759704614526,43.79511371294482,1.8470132971889939,2.741550913748716,367.6840057373047,372.58401555392606,362.7839959206833,0.026653374855376416
2024-01-04,363.2131958007813,368.3069105586838,362.4530985878348,365.90813521572943,20901500,MSFT,367.4579483032227,361.0860528564453,326.1988987731934,-0.00717753938937804,0.008654288802799443,-0.038568199887327105,40.28997036431172,1.3183822844835618,2.456917187895685,367.4579483032227,372.749680189524,362.1662164169214,0.02880183656789278
2024-01-05,363.0256042480469,367.28023230519466,361.79166269723777,364.2299324066576,21004600,MSFT,367.40612030029297,361.83410705566405,326.6712342834473,-0.0005164778012011206,0.0083670251772791,-0.03906475806945417,53.66053841103088,0.8742238197869483,2.1403785142739378,367.40612030029297,372.8558354493457,361.95640515124023,0.02966589203575872
2024-01-08,369.87646484375,370.3799226566514,364.26944144422686,364.5556942050089,23134000,MSFT,367.59071655273436,362.51938903808593,327.18513229370114,0.018871563095098187,0.009309381897118144,-0.020930408021058527,57.33335165325872,1.0627811520062664,1.9248590418204037,367.59071655273436,373.1157972605344,362.0656358449343,0.030061045935078277
2024-01-09,370.96234130859375,371.1597538902258,366.421430173672,367.2309030972876,20830000,MSFT,367.66771545410154,363.4781939697266,327.67812149047853,0.0029357814515245106,0.009124097161793094,-0.01805607367317505,55.996934489473254,1.285022413453305,1.796891716146984,367.66771545410154,373.34120508982426,361.9942258183788,0.030862049602127645
2024-01-10,377.8526611328125,379.2346998654404,371.4855403668981,371.5348859821227,25514200,MSFT,368.2338470458984,364.5369757080078,328.1912899780273,0.018574176019896527,0.009780484727172975,0.0,64.60836951143187,1.9941540724909714,1.8363441874157815,368.2338470458984,375.47298033471486,360.99471375708197,0.03931813083936375
2024-01-11,379.6888122558594,385.66107820004805,375.4934103589662,381.0412075766554,27850800,MSFT,368.73976440429686,365.4847076416016,328.7341896057129,0.004859436790896288,0.009685819508765528,0.0,72.04915998890698,2.6734897459688796,2.0037732991264012,368.73976440429686,377.6040585267399,359.87547028185384,0.04807886199506252
2024-01-12,383.47943115234375,383.6867249034369,379.7084984391716,380.53770356907125,21661200,MSFT,369.4357086181641,366.49248962402345,329.30168228149415,0.009983488515142191,0.009865399604426544,0.0,72.83575257962053,3.477651228373702,2.2985488849758613,369.4357086181641,380.48709051676605,358.3843267195621,0.059828444521178026
2024-01-16,385.2562561035156,388.9679616560699,382.6403062329224,388.6027198039242,27202300,MSFT,370.63707275390624,367.37897033691405,329.8521627807617,0.00463342961011648,0.008020981218526605,0.0,73.45289531933776,4.209801944557853,2.6807994968922597,370.63707275390624,383.0696755025613,358.20447000525115,0.06708774519655256
2024-01-17,384.4665832519531,385.0983456761598,379.8664454228588,382.99573452754953,22234100,MSFT,371.5620346069336,368.20532653808596,330.3813328552246,-0.00204973401223707,0.00775198651645191,-0.0020497340122370925,71.67115717628077,4.672455503898789,3.079130698293566,371.5620346069336,385.2236872665253,357.9003819473419,0.07353632172912412
2024-01-18,388.81005859375,388.92851216757646,385.1082337840364,386.6876850612864,23392100,MSFT,372.6094024658203,369.03028259277346,330.91137542724607,0.01129740666941248,0.007980744685599181,0.0,76.06634878204822,5.328174069065369,3.528939372447927,372.6094024658203,388.15839637718653,357.0604085544541,0.0834600190358456
2024-01-19,393.5484619140625,393.5484619140625,388.44486554606345,390.67584188543066,29331100,MSFT,373.8635848999023,369.87651428222654,331.4703579711914,0.012186936051629793,0.008243931606958715,0.0,78.13330596594247,6.159186040898135,4.054988706137969,373.8635848999023,391.8590251087225,355.86814469108214,0.0962674137607612
2024-01-22,391.4161376953125,395.473323018941,388.53363700238464,394.8810250545832,27016900,MSFT,375.1414535522461,370.6012872314453,332.018924407959,-0.005418199853657768,0.008141710429501927,-0.005418199853657735,73.81886463950272,6.569973704617269,4.557985705833829,375.1414535522461,394.33342759291077,355.94947951158144,0.1023185993386454
2024-01-23,393.7754211425781,394.2492655426447,388.8692683381001,390.66589446380215,20525900,MSFT,376.3931625366211,371.32063842773437,332.5932162475586,0.006027557936566508,0.008098683966549539,0.0,84.87173372922163,7.005149343442724,5.047418433355608,376.3931625366211,397.0380441331043,355.74828094013793,0.10969849429437781
2024-01-24,397.388427734375,400.4189955779341,395.3055487437025,396.38154221940175,24867000,MSFT,377.7741897583008,372.1617041015625,333.1499653625488,0.00917529738477163,0.008201832328000187,0.0,86.66810433805519,7.554485206330298,5.548831787950546,377.7741897583008,400.1737433659844,355.37463615061716,0.11858699834424803
2024-01-25,399.6687622070313,401.7812847845524,397.3588270396622,399.12583992803854,21021200,MSFT,379.2652862548828,372.87144287109373,333.72895523071287,0.005738301151991587,0.0081733327202908,0.0,92.71328107233717,8.080692575854926,6.055203945531423,379.2652862548828,403.3499043619261,355.1806681478395,0.12700670997269908
2024-01-26,398.7408447265625,400.9520887119918,397.2601147041947,399.1751946098328,17803300,MSFT,380.7391052246094,373.62153564453126,334.3354801940918,-0.002321716301631138,0.008201408940051889,-0.0023217163016311464,91.13230823301984,8.326853735008001,6.509533903426739,380.7391052246094,405.83330690762523,355.6449035415935,0.13181835718299562
2024-01-29,404.4564208984375,404.7130903773256,399.1356505508779,400.8434364767799,24510200,MSFT,382.43898010253906,374.4152056884766,334.9673458862305,0.014334062455514163,0.008524667657290685,0.0,90.89419556756621,8.880765520305829,6.9837802268025575,382.43898010253906,409.15464663653023,355.7233135685479,0.13971204779820404
2024-01-30,403.3409423828125,407.7436374380847,401.228450095284,406.963808061775,33477600,MSFT,384.04557037353516,375.1836047363281,335.5624897766113,-0.002757969605593491,0.008661797618690688,-0.002757969605593445,88.26408654394051,9.124552644061396,7.411934710254326,384.04557037353516,411.7635580214446,356.3275827256257,0.14434738888382467
2024-01-31,392.472412109375,409.9845328662981,392.1071701932433,401.7319152692152,47871100,MSFT,385.36391296386716,375.6063043212891,336.12143798828123,-0.026946260920673204,0.01042417781290866,-0.029629913557663083,65.79229827948137,8.344565181953897,7.59846080459424,385.36391296386716,411.97522691321734,358.752599014517,0.13811004639578345
2024-02-01,398.5927734375,402.75856172705096,396.63819898392825,396.6678123790341,30657700,MSFT,387.00160064697263,376.27618713378905,336.6979420471191,0.01559437336048819,0.010707935139526933,-0.014497600131832034,68.6902169223184,8.126603086170746,7.704089260909542,387.00160064697263,412.5643635298857,361.43883776405954,0.13210675532183
2024-02-02,405.9371643066406,407.3487862366604,398.3755667288363,398.6223550435472,28256700,MSFT,389.13779907226564,376.94310791015624,337.3132768249512,0.01842580036211383,0.01078728257320305,0.0,70.74595156595078,8.449101535318619,7.853091715791358,389.13779907226564,413.439893464256,364.8357046802753,0.12490225544744514
2024-02-05,400.4387512207031,405.8779758304878,398.8000730412909,404.6341529667765,25352300,MSFT,391.0084564208984,377.5863360595703,337.9007269287109,-0.013544985700752576,0.011544862455214081,-0.013544985700752585,63.12293725890722,8.166865355740697,7.915846443781226,391.0084564208984,412.43735296556775,369.5795598762291,0.10960835343981581
2024-02-06,400.2808227539063,402.7289740324924,397.7339802356888,400.6658270403805,18382600,MSFT,392.52867431640624,378.13203491210936,338.49886459350586,-0.0003943885708248551,0.011120726019407353,-0.013934032284025066,63.819909485368086,7.840072170905273,7.900691589206036,392.52867431640624,411.85622810956596,373.2011205232465,0.098477156232313
2024-02-07,408.7308349609375,408.977623299913,402.1662711692964,402.2057657386807,22340500,MSFT,394.41709899902344,378.85502563476564,339.1409687805176,0.021110209949344094,0.011752372203362919,0.0,66.24277519933831,8.168767120431028,7.954306695451035,394.41709899902344,412.1903102347392,376.6438877633077,0.09012393874820189
2024-02-08,408.7900695800781,410.2214540237569,407.23038050312016,408.7308427876322,21225300,MSFT,395.9639694213867,379.5559051513672,339.80293869018556,0.00014492329443727137,0.011341185688295669,0.0,63.45414588127286,8.337925559102814,8.031030468181392,395.9639694213867,413.0384745659038,378.8894642768696,0.08624272137420835
2024-02-09,415.1473083496094,415.4138590210017,409.757459765656,409.9154079087516,22032800,MSFT,397.73689422607424,380.3031787109375,340.52783920288084,0.015551353231407106,0.011631905478584831,0.0,69.49405694522923,8.882568162935286,8.201338007132172,397.73689422607424,415.0577879223505,380.416000529798,0.08709724417182693
2024-02-12,409.92529296875,415.3348738248099,409.4218351407045,415.1571934592156,21202900,MSFT,399.0591873168945,381.02202392578124,341.128782043457,-0.012578704656954542,0.01215821399636138,-0.012578704656954542,62.67045408292507,8.791485578143636,8.319367521334465,399.0591873168945,415.82617294078074,382.2922016930083,0.08403257540125995
2024-02-13,401.1001281738281,404.8019529758041,398.2077762920108,399.7378518266166,27824900,MSFT,399.8513809204102,381.56318115234376,341.6392012023926,-0.021528714978791608,0.013367007974948017,-0.0338366162883842,52.69187746861487,7.915934958804314,8.238681008828435,399.8513809204102,415.3193049346325,384.38345690618786,0.077368366109513
2024-02-14,404.9769287109375,405.3230773353537,400.111169801605,403.5725956832902,20401200,MSFT,400.87689819335935,382.26874389648435,342.1570860290527,0.00966541834519008,0.01343201361472774,-0.02449824299500711,53.76257233636058,7.44901260805085,8.080747328672917,400.87689819335935,414.68013751974945,387.07365886696925,0.0688652271487704
2024-02-15,402.0792236328125,404.6209064246705,399.8342525934749,403.6418270582009,21825500,MSFT,401.5403564453125,383.022373046875,342.66882034301756,-0.0071552349595532805,0.013443261838376522,-0.03147818726983485,52.30204926829884,6.767145260253358,7.818026914989005,401.5403564453125,414.12311956777137,388.95759332285365,0.06267247075162946
2024-02-16,399.6067504882813,403.79014145741866,398.9935884935407,403.4637615690979,22296500,MSFT,401.84327087402346,383.6598211669922,343.16892791748046,-0.006149218858393701,0.013319804494585773,-0.03743383986544084,46.49922897299206,5.958565916287,7.446134715248605,401.84327087402346,413.8964990313228,389.79004271672414,0.05998969763053697
2024-02-20,398.3507995605469,400.0320454973026,393.62348186339256,398.7958219344355,24307900,MSFT,402.1900039672852,384.3455938720703,343.66770950317385,-0.003142967245172379,0.013273098357712154,-0.04045915377805509,46.40511840330861,5.156969878587745,6.9883017479164335,402.1900039672852,413.3458307723439,391.03417716222646,0.05547540562925655
2024-02-21,397.74749755859375,397.8563009238514,392.8421710254568,395.7596706387702,18518900,MSFT,402.38860778808595,384.97685302734374,344.1585208129883,-0.0015144992871074514,0.01322868112568168,-0.04191237770560869,54.45975400581652,4.422043251988441,6.475050048730836,402.38860778808595,413.0438859970142,391.7333295791577,0.0529601385461674
2024-02-22,407.1130981445313,408.28008583103167,404.0670568612319,405.66919761409457,27009900,MSFT,402.8748413085938,385.73066772460936,344.67045989990237,0.023546598390748796,0.01408259444669252,-0.019352673240295208,56.828690115601106,4.54296581917788,6.088633202820245,402.8748413085938,413.4566686102533,392.29301400693424,0.05253158657059982
2024-02-23,405.8175659179688,411.27671814639945,404.46266976176094,411.0888399370884,16295900,MSFT,403.1822814941406,386.51641845703125,345.18573043823244,-0.0031822415748032906,0.014076017610334068,-0.022473329933729646,49.893855193457696,4.4825867318748465,5.767423908631166,403.1822814941406,413.7291380826429,392.63542490563833,0.05231805598905303
2024-02-26,403.0484313964844,407.61750865515694,402.8703922735096,406.9252114178632,16193500,MSFT,403.39766082763674,387.1859777832031,345.6952481079102,-0.006823594526325083,0.014165250741160219,-0.02914357556893066,52.434035625032024,4.163297949716991,5.446598716848332,403.39766082763674,413.7365059597216,393.05881569555186,0.05125882540257195
2024-02-27,402.9891357421875,403.8198744020147,399.3991374820922,403.4934944613291,14835800,MSFT,403.32429656982424,387.8545495605469,346.17842559814454,-0.0001471179383862875,0.013793262535607755,-0.029286405964562036,52.53068613058753,3.8609677924162042,5.129472531961906,403.32429656982424,413.6523262614862,392.99626687816226,0.05121451784333044
2024-02-28,403.2264404296875,404.7890136651283,400.8528973289445,403.6813622301974,13183100,MSFT,403.31857147216795,388.6944989013672,346.6735800170898,0.000588861253202122,0.013779503416685853,-0.028714790341077955,43.924073829536674,3.599030091056079,4.823384043780741,403.31857147216795,413.64668925491094,392.99045368942495,0.05121568166347486
2024-02-29,409.0812072753906,409.6350329915402,401.4462896956277,404.1363132517421,31947300,MSFT,404.1490112304688,389.55677612304686,347.20359924316404,0.014519798948362972,0.012565764332611789,-0.014611924375311822,50.284913558301554,3.8198405851913435,4.622675352062862,404.1490112304688,413.4221617774898,394.87586068344774,0.04588975991200906
2024-03-01,410.9206848144531,411.2866021355908,406.3516076606767,406.7372936922519,17823400,MSFT,404.7654067993164,390.4179357910156,347.740412902832,0.004496607290552346,0.012179905145548606,-0.010181021170434446,45.46251557837546,4.0960482622288055,4.517349934096051,404.7654067993164,414.1220108823525,395.40880271628026,0.046232231934164064
2024-03-04,410.3470764160156,412.7502875361098,407.7757256286012,408.8833770001061,17596000,MSFT,404.9859024047852,391.2555810546875,348.26317581176755,-0.0013959102562492998,0.011527204462519248,-0.01156271963481289,50.50300800314449,4.2200137408046885,4.457882695437778,404.9859024047852,414.6611920770995,395.3106127324709,0.04778087145682327
2024-03-05,398.2123107910156,409.6844709938999,396.22448391124544,409.39765868898735,26919200,MSFT,404.8745803833008,391.90265197753905,348.7108135986328,-0.029571955845245523,0.013022615163240065,-0.04079274324556676,46.80803408793458,3.3010308751213415,4.226512331374491,404.8745803833008,414.8176864453451,394.9314743212565,0.049116968778978524
2024-03-06,397.6585083007813,400.6946806605517,393.99930460815386,398.5288145311868,22344100,MSFT,404.7434646606445,392.48099731445313,349.1334651184082,-0.0013907216708951564,0.013025311215847832,-0.042126733564415084,41.26945178229739,2.4992334925288446,3.881056563605362,404.7434646606445,415.0056662481053,394.48126307318375,0.05070965924583892
2024-03-07,404.63079833984375,405.26372907387855,397.8068205149772,401.644063065413,18718500,MSFT,404.53846282958983,393.1782556152344,349.59186264038084,0.017533360643672502,0.0127380096519998,-0.025331996133067355,52.77421641077913,2.3987574438413617,3.584596739652562,404.53846282958983,414.6276312635977,394.44929439558194,0.049879897023576265
2024-03-08,401.7429809570313,405.8967041096042,399.8737964840018,403.4637944607813,18002200,MSFT,404.1861083984375,393.81617858886716,350.02186126708983,-0.0071369193710929535,0.012824585693559168,-0.03228812309024978,52.30184107826128,2.0623334270802047,3.280144077138091,404.1861083984375,414.14142175957295,394.2307950373021,0.049261036706990016
2024-03-11,400.0617065429688,401.2089256106621,396.8376560715736,399.3101031533509,16120800,MSFT,403.4318283081055,394.43212341308595,350.47255279541014,-0.004184950313400271,0.012247252226569845,-0.036337949212804435,51.82680019472668,1.641132225053525,2.952341706721178,403.4318283081055,412.09206133967064,394.7715952765403,0.04293281999035156
2024-03-12,410.7030944824219,410.98990677094014,402.306674544951,403.1275136284859,22457000,MSFT,403.47071838378906,395.2370068359375,350.98338195800784,0.026599366461258933,0.013498053024337781,-0.010705149179107478,61.39132665409818,2.141314569347344,2.7901362792464113,403.47071838378906,412.2597576281373,394.6816791394408,0.043567172753230424
2024-03-13,410.5251159667969,413.571157465626,406.9153492946695,413.492052439434,17115900,MSFT,403.9419677734375,396.0233264160156,351.4339923095703,-0.00043335080260176184,0.012499586675534729,-0.011133860896720539,53.57815617345148,2.494595161842767,2.7310280557656825,403.9419677734375,413.19430812095015,394.68962742592487,0.04581024545932838
2024-03-14,420.5335998535156,423.1049509734387,413.383271697896,415.6084741741532,34157300,MSFT,404.7198013305664,397.11188720703126,351.90038558959964,0.024379711490120526,0.013420923346191528,0.0,63.04812177290913,3.5413510909509682,2.8930926628027396,404.7198013305664,416.5851703925499,392.85443226858285,0.05863498164890703
2024-03-15,411.8305969238281,417.942479135497,408.2405987740766,414.66896146964007,45079900,MSFT,405.2073699951172,398.03171875,352.3315217590332,-0.020695142867820815,0.01422307807809119,-0.020695142867820822,57.04543073064636,3.62684509126359,3.03984314849491,405.2073699951172,417.41241182198746,393.0023281682469,0.06024096662909837
2024-03-18,412.7206726074219,416.0930942031259,409.2196789285804,409.68450020848655,20106000,MSFT,405.8630661010742,399.0218682861328,352.7809696960449,0.002161266526193417,0.014115141976187394,-0.018578604061162355,57.704360044977136,3.723499190584164,3.176574356912761,405.8630661010742,418.209456991539,393.5166752106094,0.060840179467772176
2024-03-19,416.76556396484375,417.0227081134529,410.970132443708,413.2250029233721,19837900,MSFT,406.78380432128904,400.09666748046874,353.23004638671875,0.009800554287401342,0.014177499674109811,-0.008960130391446473,60.1093122796528,4.079461693600194,3.357151824250248,406.78380432128904,419.51200452304585,394.05560411953223,0.06257968024559663
2024-03-20,420.54345703125,421.2653922238799,416.02381676802577,417.3490447100486,17860100,MSFT,407.92360229492186,401.11000732421877,353.68415130615233,0.009064791799173078,0.014222717286676526,0.0,58.832504236413286,4.613230489652608,3.6083675573307206,407.92360229492186,421.31035180142044,394.5368527884233,0.06563361095649563
2024-03-21,424.6378479003906,426.0718793185735,422.4522130725389,425.092769724827,21296200,MSFT,408.79983978271486,402.1835174560547,354.15607391357423,0.009735951899107587,0.013482864986613488,0.0,60.21509041869957,5.305471063133325,3.947788258491242,408.79983978271486,424.11805936211647,393.48162020331324,0.07494239521983936
2024-03-22,424.0148010253906,425.1224525568096,421.3742442819616,424.9642424933846,17648500,MSFT,409.70970153808594,403.10676025390626,354.6359898376465,-0.0014672429178902435,0.013452279013031945,-0.0014672429178902375,60.17078481440406,5.737661835083941,4.305762973809782,409.70970153808594,426.38380003073496,393.0356030454369,0.08139469692835197
2024-03-25,418.1995849609375,422.6994568687828,416.9633613897557,420.5533594694659,18060500,MSFT,410.4672592163086,403.8769757080078,355.13745803833007,-0.013714653475280225,0.013781976341084216,-0.015161773664987535,66.41758232943411,5.546994499304446,4.5540092789087145,410.4672592163086,427.243490149229,393.6910282833882,0.08174211490071427
2024-03-26,417.0028991699219,421.2950634803322,416.7062176065533,420.9192467125738,16725600,MSFT,411.16794738769534,404.54744506835937,355.6237016296387,-0.002861518361208848,0.013816902355951814,-0.017979906332465486,65.72345655738314,5.238935532110702,4.690994529549112,411.16794738769534,427.79906673562,394.5368280397707,0.08089696414123917
2024-03-27,416.7853088378906,419.7720439894081,414.3919971559481,419.7621445438776,16705000,MSFT,411.8458908081055,405.1780261230469,356.10133697509764,-0.0005217957296325126,0.013824262278252942,-0.018492320223754546,61.098036243421795,4.920518189080553,4.736899261455401,411.8458908081055,428.2173498782508,395.4744317379602,0.07950284043393982
2024-03-28,416.0831909179688,417.2205105809206,414.5008186915298,416.3205361885006,21871200,MSFT,412.19598999023435,405.8103582763672,356.55059020996094,-0.001684603331819745,0.01350742452821511,-0.02014577133131224,63.638110319222946,4.55896222370319,4.701311853904959,412.19598999023435,428.6179075707074,395.7740724097613,0.07968014235588332
2024-04-01,419.8907470703125,423.1741640135649,417.56664079478026,419.27758502766966,16316000,MSFT,412.64449310302734,406.4319720458984,357.00688735961916,0.009150949222301863,0.013611696753740268,-0.011179175039507255,68.12516039767466,4.527474568124944,4.666544396748956,412.64449310302734,429.4062090259313,395.8827771801234,0.08124046826292644
2024-04-02,416.7952880859375,417.72493070670856,413.23495785545697,415.4799291904617,17912000,MSFT,412.96690368652344,406.89690856933595,357.43271575927736,-0.00737205810314423,0.013735978528430665,-0.01846881961471506,56.4598373625947,4.204278399694772,4.57409119733812,412.96690368652344,429.79050131854655,396.14330605450033,0.08147673569886672
2024-04-03,415.816162109375,418.5951902136144,414.47113520321466,415.1040961428757,16502300,MSFT,413.8470962524414,407.38490905761716,357.8007588195801,-0.0023491771729449162,0.011768570658315798,-0.020774610258209886,55.51661663719203,3.825043108353384,4.424281579541173,413.8470962524414,429.1979701180941,398.49622238678876,0.07418621034029835
2024-04-04,413.27447509765625,423.9455650411732,412.96789407723793,420.3061000373157,19370900,MSFT,414.62789459228514,407.77489013671874,358.1844552612305,-0.006112525782608236,0.011891761224647064,-0.026760150699991152,41.035625049463505,3.2815755474404114,4.195740373121021,414.62789459228514,427.9687610066197,401.2870281779506,0.06435103179660868
2024-04-05,420.8302307128906,421.8093402076542,413.7096017560127,415.380978273414,16554800,MSFT,415.4378662109375,408.24372619628906,358.62696823120115,0.018282657339166564,0.011944356455677952,-0.008966740026416984,61.43784005175539,3.4211233417017866,4.040816966837174,415.4378662109375,428.17657525621615,402.69915716565885,0.06132666317331125
2024-04-08,419.9105224609375,422.5708779576157,418.63473130535374,420.4841470901874,14272400,MSFT,416.3462432861328,408.6485614013672,359.0869528198242,-0.002185461463628968,0.0117946838484748,-0.011132605025263873,59.13086683104506,3.4181014585120124,3.9162738651721423,416.3462432861328,427.46054566274796,405.2319409095176,0.05338970895422202
2024-04-09,421.5818786621094,423.0257792491063,416.9732338650976,421.74011889073387,12496900,MSFT,417.42225189208983,409.10538208007813,359.52506469726563,0.003980267489789746,0.011700077523425376,-0.007196648281332906,56.508957492842356,3.5101087232458212,3.8350408367868782,417.42225189208983,425.70446501754327,409.1400387666364,0.039682662282194386
2024-04-10,418.5951843261719,419.3566871510799,415.0744221472326,417.5369697470064,16216600,MSFT,417.81685638427734,409.38815734863283,359.97129608154296,-0.007084494109224515,0.010432630381158076,-0.014230157778202114,47.309490555970896,3.303938129236087,3.72882029527672,417.81685638427734,425.4800417575202,410.1536710110345,0.03668203068473059
2024-04-11,423.2136840820313,424.6378159464607,417.7050650079003,421.1269533333631,17966400,MSFT,418.45128479003904,409.7856121826172,360.47217651367185,0.01103333227135428,0.01066205712296648,-0.0033538315658885667,48.06133343303555,3.473184075943834,3.677693051410143,418.45128479003904,425.6601569647653,411.2424126153128,0.034455012742251975
2024-04-12,417.2501831054688,420.4940326220514,415.1436532637378,419.3764816595376,19253800,MSFT,418.28711395263673,410.2811676025391,360.9138948059082,-0.014090992803074354,0.009764154327316877,-0.017397565552505292,41.96046514495708,3.0904828557076485,3.560251012269644,418.28711395263673,425.445690679831,411.12853722544247,0.03422805287759754
2024-04-15,409.0812072753906,422.1159406782311,408.87349999590606,421.898364133941,20273500,MSFT,418.14964447021487,410.4909362792969,361.3084764099121,-0.019578124014899,0.009644090588380767,-0.03663507787146,39.737268918444556,2.1037703479300376,3.268954879401723,418.14964447021487,425.91053084174115,410.3887580986886,0.03712013856359549
2024-04-16,410.01080322265625,413.7887093494547,409.1701954171728,410.0009339582446,16765600,MSFT,418.01415100097654,410.57240905761716,361.71163848876955,0.002272399540074188,0.009645609559341246,-0.03444592786549142,42.08279859042114,1.3808862040350505,2.8913411443283885,418.01415100097654,426.25396166311674,409.77434033883634,0.03942359674862276
2024-04-17,407.301025390625,414.26344459371984,405.8076577445542,412.6514043206412,15855500,MSFT,417.5409240722656,410.70965454101565,362.074266204834,-0.006609040080731043,0.009438237929517668,-0.040827313428341436,39.83459601824128,0.5826227747355688,2.4295974704098247,417.5409240722656,427.06907621031746,408.0127719342138,0.045639368927596465
2024-04-18,399.8144226074219,407.3504659255286,399.497972349744,406.1043430605785,21029900,MSFT,416.50447235107424,410.70032653808596,362.41199508666995,-0.01838100647063934,0.009867190166391406,-0.05845787278667563,34.77684779846193,-0.6466587411789533,1.814346228092069,416.50447235107424,428.77305440481024,404.23589029733824,0.05891212636677155
2024-04-19,394.72119140625,401.0111119112168,393.38606406583966,399.5770806601768,30565800,MSFT,415.0086395263672,410.4201336669922,362.72347137451175,-0.01273898817345298,0.009681031212071747,-0.07045216681005392,27.001490186630306,-2.008699355266117,1.049737111420432,415.0086395263672,430.0773957405339,399.93988331220044,0.07261900008329518
2024-04-22,396.54095458984375,398.4101391191041,391.3883831886319,395.6706483655049,20286900,MSFT,413.6349472045898,410.1751513671875,363.0287106323242,0.004610249520960785,0.009845536483212779,-0.0661667193573798,31.05097923668764,-2.9077677379221427,0.258236141551917,413.6349472045898,430.18327544465495,397.0866189645247,0.08001416878289101
2024-04-23,403.078125,403.70118651665103,398.6178206415056,399.7848084637701,15734500,MSFT,412.87887420654295,409.9337677001953,363.38654312133787,0.016485486138292815,0.010460497269535598,-0.050772023753869425,39.205477638218525,-3.0575454097009924,-0.4049201686986649,412.87887420654295,429.9234084158898,395.8343399971961,0.08256433193440807
2024-04-24,404.5516662597656,407.9240875957352,402.2967957988556,405.04615566067775,15065300,MSFT,412.25631256103514,409.8262951660156,363.7782369995117,0.0036557212321199906,0.010526588833818608,-0.047301910886984135,42.47179315913986,-3.022501315190823,-0.9284363979970965,412.25631256103514,429.573993490656,394.9386316314143,0.08401414557870204
2024-04-25,394.6421203613281,395.4827584021969,383.7534537964164,389.6873267702122,40586500,MSFT,411.149153137207,409.69713500976565,364.11723724365237,-0.0244951305974217,0.011712081393187806,-0.07063837499972152,28.28081372157962,-3.751105742271136,-1.4929702668519047,411.149153137207,430.01023400974924,392.2880722646648,0.09174811976931393
2024-04-26,401.8419189453125,408.4482908369005,401.2880931688465,407.6274516193231,29694700,MSFT,410.43708953857424,409.63443481445313,364.46898651123047,0.018243867576507977,0.01261258404035053,-0.05368322458252821,36.42847253612752,-3.704859115850752,-1.9353480366516744,410.43708953857424,429.5869470540182,391.2872320231303,0.09331445916338994
2024-04-29,397.8166809082031,401.8418314488937,394.790408509578,400.7836169995011,19582100,MSFT,409.3333862304688,409.54918395996094,364.77377182006836,-0.010016968980424257,0.012475033577104186,-0.06316245036754019,32.75933677937901,-3.9475069970759478,-2.3377798287365295,409.3333862304688,428.7319526832943,389.9348197776433,0.0947812570651319
2024-04-30,385.03912353515625,397.727739119863,384.88091347817664,397.0651100086482,28781400,MSFT,407.7455780029297,409.2578314208984,365.00198776245117,-0.03211920964167747,0.014093259544803801,-0.09325293202438055,28.684495287603724,-5.111922227258162,-2.892608308440856,407.7455780029297,429.6138647178901,385.87729128796923,0.10726437217084092
2024-05-01,390.5872802734375,397.29255516859246,386.0083037107917,388.2829428234783,23562500,MSFT,406.4841339111328,409.10256103515627,365.2555358886719,0.01440933245261422,0.014674033764968149,-0.0801873120714867,29.516952750559042,-5.523369836144752,-3.418760613981635,406.4841339111328,429.283036735596,383.6852310866696,0.11217610195554441
2024-05-02,393.455322265625,395.5222843363775,390.3004774783613,393.2773133250789,17709400,MSFT,405.49317626953126,409.0167175292969,365.4557890319824,0.007342896548447886,0.014832474219162313,-0.07343322266007778,34.4573518553661,-5.553995013688848,-3.8458074939230777,405.49317626953126,428.7673029296684,382.2190496093941,0.1147941717503371
2024-05-03,402.1781311035156,402.66272106797066,397.431014652392,397.8463990370952,17446700,MSFT,404.5605712890625,408.91801818847654,365.7213330078125,0.022169756880304092,0.01513934132844591,-0.052891462473084794,45.523345102199144,-4.818859105737147,-4.040417816285892,404.5605712890625,426.71492388730644,382.4062186908186,0.10952304386783364
2024-05-06,408.9822998046875,409.36798584093685,401.89130855665024,404.25498236640857,16996600,MSFT,404.01416015625,408.98131286621094,366.06125259399414,0.01691829608562334,0.01572849917836633,-0.03686799980998284,49.38023595977547,-3.6451994625961106,-3.961374145547936,404.01416015625,425.0871273244415,382.9411929880585,0.10431796331119511
2024-05-07,404.8285827636719,410.0998567263718,404.5813380609886,410.08995728026827,20018200,MSFT,403.17649536132814,409.0169158935547,366.3956413269043,-0.01015622691495266,0.01580094211531222,-0.046649786952964935,48.53561839788334,-3.0154754666823465,-3.7721944097748183,403.17649536132814,422.57447216602986,383.7785185566264,0.09622573254086747
2024-05-08,406.0153503417969,407.6867268679436,402.2275447730789,403.6714754994307,11792300,MSFT,402.54750366210936,409.0774401855469,366.7293775939941,0.002931531094032991,0.015786908947826795,-0.0438550111599146,53.96887281136955,-2.3930666549145485,-3.4963688588027644,402.54750366210936,420.6102461338477,384.48476119037105,0.08974216611662228
2024-05-09,407.7757568359375,408.1713423301442,404.59124380852967,406.0450438901993,14689700,MSFT,401.7756072998047,409.1684265136719,367.04306243896485,0.004335812655010818,0.015578826361279332,-0.039709345617276556,58.72786775537519,-1.737721721319872,-3.144639431306186,401.7756072998047,417.25445398484186,386.2967606147675,0.07705219731513904
2024-05-10,410.1690673828125,410.8020283165112,407.2614672287658,408.3889175739522,13402300,MSFT,401.4215515136719,409.1901837158203,367.4336457824707,0.005869183017267687,0.015384116265040163,-0.03407322401693251,59.04197936020189,-1.0135523796208759,-2.7184220209691246,401.4215515136719,415.68638029398716,387.1567227333566,0.07107156417748751
2024-05-13,409.1603088378906,413.739285494042,406.29227636469005,413.4030363250276,15440200,MSFT,401.4255065917969,409.15497619628906,367.85383880615234,-0.002459372549369787,0.014743891234844844,-0.036448797814486476,54.35488008516556,-0.5151035499117711,-2.2777583267576538,401.4255065917969,415.69931839640043,387.1516947871933,0.07111561956185491
2024-05-14,411.968994140625,412.8887371535048,407.01420084343874,407.479022072728,15109300,MSFT,401.52341613769534,409.1874145507812,368.25047256469725,0.006864510662609735,0.014814867740963116,-0.029834490313113634,55.21121578525549,0.10534383141640546,-1.801137895122842,401.52341613769534,416.06945323358883,386.97737904180184,0.0724542405811032
2024-05-15,419.171875,419.89514266479534,413.4155460606136,414.039731407047,22239500,MSFT,402.11695861816406,409.60660583496093,368.6951635742187,0.017484036327540586,0.01519450139187774,-0.012872081298021285,67.9153143105246,1.1648376166075423,-1.2079427927767652,402.11695861816406,418.5074607150254,385.72645652130274,0.08152106866214097
2024-05-16,417.1011352539063,421.4902365295034,416.4670629155656,417.9036505371182,17530100,MSFT,402.9812942504883,409.9954583740234,369.1274362182617,-0.004940073200506823,0.014550257374236307,-0.017748565474673,62.047148327083505,1.8164636210818799,-0.6030615100050363,402.9812942504883,420.63505789187667,385.32753060909994,0.08761579702711958
2024-05-17,416.328369140625,419.0133577205119,414.1685137971008,418.63686307177926,15352200,MSFT,404.06165313720703,410.2294097900391,369.59929718017577,-0.001852706808891602,0.014159589682673104,-0.019568389395461565,65.4061821715369,2.244651215310512,-0.03351896494192663,404.06165313720703,422.2242788081415,385.89902746627257,0.08990026907981286
2024-05-20,421.4109802246094,422.827763551838,416.1103940213332,416.32836301288194,16272100,MSFT,405.30515441894534,410.6227697753906,370.1006999206543,0.012208178593440033,0.014312825150560812,-0.007599105194547312,84.71669017362525,2.959996212185729,0.5651840704836044,405.30515441894534,424.6657054576914,385.9446033801993,0.09553567640412458
2024-05-21,425.0768127441406,428.9705026738853,420.9255148518448,422.8872055338078,21453300,MSFT,406.4050888061523,411.1230718994141,370.6149264526367,0.008698948749691793,0.014034004130056605,0.0,84.14704081922466,3.7791506276809628,1.2079773819230761,406.4050888061523,427.6416444207211,385.16853319158355,0.10450929970858812
2024-05-22,426.5431213378906,428.4156772425905,423.1844517072994,426.1171006588035,18073700,MSFT,407.5046615600586,411.43987243652344,371.12503204345705,0.0034495144166628577,0.014033383009128281,0.0,83.69445975855568,4.494841517639543,1.8653502090663694,407.5046615600586,430.53842452503505,384.47089859508213,0.11304785018554549
2024-05-23,423.0556335449219,429.5946728037583,421.490241928242,428.9704875231151,17211700,MSFT,408.92533721923826,411.69048278808594,371.6376565551758,-0.008176167000489731,0.012785137832898797,-0.008176167000489735,73.79775280898878,4.726140578793206,2.437508283011737,408.92533721923826,432.12313203079276,385.72754240768376,0.11345736103956505
2024-05-24,426.1864929199219,427.0781733158829,420.4896073112485,423.2439264482756,11855300,MSFT,410.14256591796874,411.80354064941406,372.1847120666504,0.007400585470912047,0.01235227680597989,-0.0008360899522893561,71.40297179234659,5.103253803870302,2.97065738718345,410.14256591796874,434.3099374282238,385.9751944077137,0.1178486385882157
2024-05-28,426.3450012207031,426.8403825578059,422.6593628632313,425.6613725566471,15718000,MSFT,411.56898193359376,412.09382873535156,372.7291194152832,0.00037192239410321903,0.011988347479745554,-0.00046447851876283585,79.72215758287047,5.353200681655437,3.4471660460778475,411.56898193359376,436.0389075464438,387.0990563207437,0.11891044605882486
2024-05-29,425.2056579589844,426.9592971219993,421.7577927427551,421.7577927427551,15517100,MSFT,413.57730865478516,412.3435284423828,373.277266998291,-0.0026723504637244933,0.00874941275891644,-0.0031355877331022864,76.54371328663063,5.39713509002064,3.837159854866406,413.57730865478516,435.3205471905825,391.8340701189878,0.10514715426008302
2024-05-30,410.8395690917969,420.38058819244,410.4135181651845,420.38058819244,28394500,MSFT,414.5899230957031,412.2250085449219,373.7386911010742,-0.0337862128555525,0.012041898072314126,-0.03681586095407694,53.1421020708235,4.224038034918408,3.9145354908768066,414.5899230957031,433.53080651553404,395.6490396758722,0.09137165360123164
2024-05-31,411.2952880859375,412.9003186801716,400.7733939809139,412.9003186801716,47995300,MSFT,415.48192138671874,412.0400451660156,374.21310928344724,0.0011092383217810031,0.011993253670580696,-0.035747460196115535,51.20280088599987,3.2931613669500734,3.79026066609146,415.48192138671874,431.71940956435435,399.2444332090831,0.07816218873466806
2024-06-03,409.7001647949219,412.5832877674383,405.14268074171713,411.6916074194493,17484700,MSFT,415.85802307128904,411.74129150390627,374.6833935546875,-0.0038782921594820996,0.011101826049423643,-0.03948711326099765,50.56943282044679,2.3990668333103713,3.5120218995352426,415.85802307128904,431.11701475943056,400.5990313831475,0.07338558277869621
2024-06-04,412.22662353515625,412.5932008783865,405.89563568095855,408.62023297171766,14348900,MSFT,416.0202392578125,411.5055279541016,375.1836489868164,0.006166604159163702,0.010535607120405034,-0.03356401049870269,50.27337162219925,1.8727664932603147,3.184170818280257,416.0202392578125,431.0385448612237,401.0019336544012,0.07219987965106782
2024-06-05,420.0933227539063,420.1626531671992,412.4545201916999,413.95058161766224,16988000,MSFT,416.7834762573242,411.54340270996096,375.7252082824707,0.019083433164231778,0.011004874164651228,-0.01512109388554655,50.96416920636306,2.066623811317811,2.960661416887768,416.7834762573242,430.93339803447634,402.63355448017205,0.06790058907429387
2024-06-06,420.5985107421875,421.3812216299357,416.6949038401279,420.0932423972592,14861300,MSFT,417.51263427734375,411.61531494140627,376.24269409179686,0.0012025613379651467,0.011003221461947007,-0.01393671659047583,53.78348290925603,2.2352549534614923,2.815580124202513,417.51263427734375,430.8030335343271,404.2222350203604,0.06366465666356261
2024-06-07,419.9347229003906,422.3422686978654,419.09256866562976,422.26302099566783,13621700,MSFT,418.1205825805664,411.67830322265627,376.75400436401367,-0.0015781982694744734,0.011011628686732385,-0.01549291995794509,53.910596962274305,2.2889486420807543,2.7102538277781614,418.1205825805664,430.62475108255177,405.61641407858104,0.059811303355658034
2024-06-10,423.9176025390625,424.12565422580445,419.9743866143219,420.7769019274312,13982900,MSFT,418.8080093383789,411.8349914550781,377.2628659057617,0.009484520858773049,0.0111158214635239,-0.00615534202167638,52.784499527763636,2.622654054288091,2.6927338730801473,418.8080093383789,430.97881416114325,406.63720451561454,0.05812116555264284
2024-06-11,428.6831359863281,428.8218572574575,421.32177744300384,421.549663715999,14551100,MSFT,419.7841506958008,412.0108392333984,377.8301834106445,0.011241650308273066,0.011266572604852167,0.0,53.91056645831844,3.2343728823886977,2.8010616749418578,419.7841506958008,431.82787183813696,407.74042955346465,0.057380542463899314
2024-06-12,436.98577880859375,439.3041598174871,429.2479248102113,431.2988107842745,22366200,MSFT,421.03498992919924,412.4146490478516,378.42418746948243,0.019367785026491946,0.011859002122374323,0.0,59.861551807117806,4.339099905811906,3.1086693211158676,421.03498992919924,434.74261863138685,407.32736122701164,0.06511396454006194
2024-06-13,437.5010070800781,439.294315495877,435.31142984234975,436.7777696147528,15960600,MSFT,421.9514465332031,412.8483459472656,379.01722091674804,0.0011790504324629136,0.01136232538018775,0.0,64.45287166804067,5.19627917481381,3.526191291855456,421.9514465332031,437.4663379975121,406.43655506889417,0.07353875234594368
2024-06-14,438.4818420410156,439.0465840193784,432.6858743754039,434.2314617214768,13582000,MSFT,423.0204818725586,413.3524932861328,379.5919581604004,0.002241903321511529,0.011237463058175207,0.0,62.85477998185181,5.886884762228476,3.9983299859300603,423.0204818725586,440.0050138228636,406.0359499222536,0.08030122737849764
2024-06-17,444.2282104492188,446.7744775208605,436.64888280555135,438.5016039811507,20790000,MSFT,424.4154739379883,413.82045288085936,380.19355560302733,0.013105145657697825,0.01142430350156302,0.0,66.74084862252968,6.819270269122512,4.56251804256855,424.4154739379883,443.5345818657247,405.29636601025186,0.0900961868818663
2024-06-18,442.2170104980469,445.9819268194956,440.7804227549636,445.55587588842855,17112500,MSFT,425.45577545166014,414.2665826416016,380.7901704406738,-0.004527402591425145,0.011350993429774678,-0.004527402591425109,65.66891728553998,7.3116216499958,5.112338764054001,425.45577545166014,446.0906439713207,404.8209069319996,0.09700123824975572
2024-06-20,441.58294677734375,442.40526651332897,437.1938450442549,442.1773802078496,19877400,MSFT,426.2810821533203,414.66660400390623,381.37918197631836,-0.0014338293318680861,0.011284474115401994,-0.005954740400660452,87.90637259660781,7.563463128515707,5.602563636946342,426.2810821533203,448.1363908597849,404.4257734468557,0.10253942584580335
2024-06-21,445.6252136230469,446.4178116311954,442.3854307142529,443.2473893629253,34187100,MSFT,427.2351867675781,415.20720458984374,381.96431777954103,0.009154037480848087,0.011395451091764396,0.0,88.88906558216931,7.997041549480457,6.081459219453165,427.2351867675781,450.7423162979342,403.728057237222,0.11004304073458404
2024-06-24,443.5347290039063,448.5677899641911,442.286358388998,445.6450280512692,15913700,MSFT,428.25914154052737,415.61362548828123,382.5423011779785,-0.00469112733129351,0.011253344088378591,-0.004691127331293474,87.90254041728346,8.078843060111353,6.480935987584802,428.25914154052737,452.76270155482297,403.75558152623177,0.1144333308386682
2024-06-25,446.784423828125,447.2500834775452,442.62320865306464,444.1093526104896,16413400,MSFT,429.2890380859375,416.20431030273437,383.15116287231444,0.00732681030754212,0.011251639960686906,0.0,88.09543994498921,8.31010088991519,6.84676896805088,429.2890380859375,455.12126042517514,403.4568157466998,0.12034885611994789
2024-06-26,447.9832763671875,449.4099771068664,444.0499471482649,444.8524625348744,16507000,MSFT,430.3709518432617,416.9823516845703,383.7445425415039,0.0026832908112384146,0.011241325707004245,0.0,86.04375269175127,8.4922187552433,7.175858925489364,430.3709518432617,457.4656748542861,403.27622883223734,0.12591334473192833
2024-06-27,448.6669006347656,451.95624009852935,447.5968599727324,448.0030763133488,14806300,MSFT,431.5440139770508,417.7554736328125,384.3232624816894,0.0015260039908673306,0.011177910377533901,0.0,86.1078243008647,8.59266040036141,7.4592192204637735,431.5440139770508,459.7075553861526,403.38047256794897,0.13052453746050352
2024-06-28,442.82135009765625,451.1734714446709,442.2863298349969,448.88481228887935,28362300,MSFT,433.1431030273437,418.46588012695315,384.90314697265626,-0.013028709113240167,0.008164573151508956,-0.01302870911324013,75.97846758186373,8.107120217361341,7.588799419843288,433.1431030273437,459.9562640278699,406.32994202681755,0.12380740135591402
2024-07-01,452.5110168457031,453.1450891922846,441.5432675183624,444.5155553424217,17662800,MSFT,435.20388946533205,419.5198120117187,385.51034805297854,0.02188166118438062,0.009076366048457608,0.0,78.73362753426296,8.407287276480531,7.752496991170737,435.20388946533205,461.2719940603597,409.1357848703044,0.11979720414288351
2024-07-02,455.0374755859375,455.3446095932429,448.92445663899935,449.0136518862479,13979800,MSFT,437.4707550048828,420.7261376953125,386.11717758178713,0.005583198300552761,0.008842400974002957,0.0,77.73152177054466,8.748192224852062,7.951636037907003,437.4707550048828,462.04288918138656,412.898620828379,0.11233726549894521
2024-07-03,456.5137023925781,456.76139305889615,453.65041401249385,453.957548019874,9932800,MSFT,439.6851089477539,421.9255926513672,386.77315872192383,0.0032441873160879986,0.00885144098849209,0.0,73.99566654441792,9.033350180660364,8.167978866457675,439.6851089477539,462.60511560388875,416.7651022916191,0.10425646077023876
2024-07-05,463.240966796875,464.0236777303131,454.7303195449201,455.36439189726417,16000300,MSFT,441.84249114990234,423.1288494873047,387.4684899902344,0.01473617192439014,0.008539201638677388,0.0,77.43982541513681,9.690468244606109,8.472476742087363,441.84249114990234,465.1177603505689,418.5672219492358,0.10535550413040765
2024-07-08,461.9331665039063,463.3797017370924,460.1696102030399,462.24030050538414,12962300,MSFT,443.90922393798826,424.2764794921875,388.1593019104004,-0.0028231533623021,0.00867812839242928,-0.0028231533623021433,74.82697592492208,9.990545698747269,8.776090533419344,443.90922393798826,466.5745560880559,421.24389178792063,0.10211696864056986
2024-07-09,455.2950744628906,463.0130936996793,453.7692915232205,462.6861553304454,17207200,MSFT,445.67724151611327,425.4895385742187,388.85573837280276,-0.01437024340827353,0.009591185167456736,-0.01715282736958051,61.49893742980405,9.582262336768224,8.937324894089121,445.67724151611327,465.8475701987609,425.50691283346566,0.09051540802950495
2024-07-10,461.9430847167969,462.1511364069266,454.6213342335764,456.9595498058476,18196100,MSFT,447.578515625,426.6915618896484,389.59152297973634,0.014601542223466657,0.009808339286035826,-0.002801742879202713,68.69484537036612,9.683508243372387,9.086561563945775,447.578515625,466.2236739236539,428.93335732634614,0.08331569835347313
2024-07-11,450.4997863769531,460.4866605260143,447.3788598594248,458.7032998608637,23111200,MSFT,448.6693481445312,427.74522399902344,390.2825038146973,-0.02477209578071571,0.011615805238226912,-0.027504433616961844,57.013701089740486,8.739622881056277,9.017173827367875,448.6693481445312,465.0785836526685,432.26011263639396,0.07314622929334283
2024-07-12,449.3603820800781,452.1444226722039,446.4871764788712,450.1331757277914,16324300,MSFT,449.28807830810547,429.0316491699219,390.9651770019531,-0.002529200526460662,0.01096060803947236,-0.029964069915438474,53.07854910727761,7.809622064892096,8.77566347487272,449.28807830810547,464.7481422589725,433.82801435723843,0.06882027232543253
2024-07-15,449.7666015625,453.0361364302562,447.2599732817251,449.1126945889487,14429400,MSFT,449.90135803222654,430.2152355957031,391.67648040771485,0.000903994874985381,0.010961144216301117,-0.029087162406090328,55.283024139761594,7.024395377721419,8.42540985544246,449.90135803222654,464.33148870569335,435.47122735875973,0.06414797562106124
2024-07-16,445.36761474609375,450.1034589951911,442.53404808528967,450.0242112870306,17175700,MSFT,450.24564666748046,431.2534814453125,392.3625871276856,-0.009780599095451037,0.011240980912304025,-0.03858327162722307,48.82186769472198,5.978222866774956,7.93597245770896,450.24564666748046,463.8325209672328,436.6587723677281,0.06035316232512813
2024-07-17,439.4230346679688,440.7407659095282,435.12312844393387,438.5016326704633,21778000,MSFT,450.005387878418,431.9983795166016,393.01478424072263,-0.013347580473524023,0.01127800001253384,-0.05141585877777092,43.40252983540551,4.61623262698896,7.272024491564961,450.005387878418,464.1967854507335,435.8139903061025,0.06307212293266909
2024-07-18,436.3021545410156,440.5426175824252,430.3873001592767,440.23548357189634,20794800,MSFT,449.7096450805664,432.54477661132813,393.64098342895505,-0.007102222416062731,0.011341115340518963,-0.0581529143290811,40.81540775828379,3.2475805187160063,6.46713569699517,449.7096450805664,464.8023438357459,434.61694632538695,0.06712197045485017
2024-07-19,433.0722351074219,437.0650374995757,428.00945262308335,429.09929755421246,20940400,MSFT,449.2841094970703,433.1096496582031,394.2212322998047,-0.0074029417457073254,0.011441977868466813,-0.06512535343766716,42.46553631275694,1.8806078805663446,5.5498301337094045,449.2841094970703,465.7582612716776,432.80995772246297,0.07333511880955917
2024-07-22,438.8484497070313,440.4931194808367,434.8556770812407,437.7090786051596,15808800,MSFT,448.94527130126954,433.76631164550787,394.87178756713865,0.013337762459365798,0.011671602781595672,-0.05265621747253517,38.76125957638242,1.248967144884375,4.689657535944399,448.94527130126954,466.00466114701675,431.88588145552234,0.07599763684468933
2024-07-23,440.7407836914063,444.2480920401895,439.00694900358457,439.7995470523178,13107100,MSFT,448.80557403564455,434.4256121826173,395.5043684387207,0.0043120443643773765,0.01168323019250641,-0.048571229053959566,38.115648640009795,0.890814098361318,3.9298888484277827,448.80557403564455,466.0957145576573,431.5154335136318,0.07704958014019467
2024-07-24,424.9381103515625,437.4019218843712,423.6402136506165,436.3814375263218,26805800,MSFT,447.71325836181643,434.72099304199224,396.05596572875976,-0.035854801562698935,0.013974476820707406,-0.08268451883727242,28.80140664369523,-0.6605539862623004,3.011800281489766,447.71325836181643,468.0354798548718,427.39103686876103,0.09078230815595874
2024-07-25,414.53509521484375,425.8297836093588,413.65333216081086,424.83902093903856,29943800,MSFT,446.04084930419924,434.8284887695313,396.5166339111328,-0.02448124770007576,0.014751863773523971,-0.10514154635073138,18.83878344278854,-2.698355784423427,1.8697690683071277,446.04084930419924,471.1992687149514,420.88242989344707,0.11280769216540598
2024-07-26,421.3416137695313,424.9579215661057,413.4155127108273,414.33694493801545,23583800,MSFT,444.6745849609375,435.01594116210947,396.99872482299804,0.016419643676152118,0.015395086265664572,-0.09044828940121784,25.737309233548686,-3.721203510421674,0.7515745525613674,444.6745849609375,472.09841764143493,417.2507522804401,0.1233433778676893
2024-07-29,422.7881774902344,428.15809438761096,420.77693042040073,427.5933523925366,15125800,MSFT,443.6729263305664,435.0882672119141,397.4950924682617,0.003433232496931282,0.015271584573358716,-0.08732558691075057,29.28404951978507,-4.364777659789638,-0.27169588990883364,443.6729263305664,472.79275244701097,414.5531002141218,0.13126708612708246
2024-07-30,419.0133666992188,425.0867165408092,413.5046983714735,423.7690154776861,32687600,MSFT,441.9980438232422,435.1265118408204,397.95273513793944,-0.008928373573319104,0.014233122048092357,-0.09547428502162117,21.601852079895636,-5.120385872283805,-1.241433886383828,441.9980438232422,472.78323406307663,411.21285358340776,0.13930011985367802
2024-07-31,414.4855651855469,417.8838738554688,408.4022679352166,416.61569885909415,42891400,MSFT,439.97044830322267,435.0896557617188,398.3939450073242,-0.010805864140659094,0.014139518987439675,-0.10524846700941007,23.777295642651993,-6.015226776356712,-2.196192464378405,439.97044830322267,472.4354725089669,407.50542409747845,0.14757820363139337
2024-08-01,413.2569885253906,423.5113878535516,409.2741336141255,416.9030180044247,30296400,MSFT,437.80761260986327,434.92657592773446,398.84590789794925,-0.0029640999912898813,0.014026858283310833,-0.10790060002055406,23.746459319568032,-6.745769477208569,-3.1061078669444377,437.80761260986327,471.3769189129523,404.23830630677423,0.15335186203353268
2024-08-02,404.7166748046875,411.1665501217745,400.6050153506058,408.6797258901986,29437900,MSFT,434.8813980102539,434.5193731689454,399.23098327636717,-0.020665866416868628,0.013651066430294265,-0.12633660705109792,20.706165493745956,-7.922535713690365,-4.069393436293623,434.8813980102539,469.3080311180219,400.4547649024859,0.15832653806432193
2024-08-05,391.4998474121094,397.3354538191348,382.01824178124633,385.57510623229217,40709200,MSFT,431.35973205566404,433.8185076904298,399.5528317260742,-0.032656987506028634,0.014794083525538035,-0.15486782155910478,18.57594178408374,-9.808552064601713,-5.217225161955241,431.35973205566404,468.4422437535152,394.2772203578129,0.17193311726680088
2024-08-06,395.9186706542969,401.9227204728591,394.8189385631437,396.3050826229799,24946500,MSFT,428.3909118652344,433.27576843261727,399.90637969970703,0.011286909232268716,0.015327534211425747,-0.14532889137177293,24.161535106973417,-10.821923111499132,-6.338164751864019,428.3909118652344,466.88541058714554,389.89641314332323,0.17971669172113983
2024-08-07,394.7495727539063,406.29195208719375,393.7984490340414,404.86528162523547,20650900,MSFT,425.03123626708987,432.64703002929696,400.2481221008301,-0.002952873878007578,0.014515598777345635,-0.14785262736272903,24.735000428630798,-11.58580939828471,-7.387693681148157,425.03123626708987,462.92004462145394,387.1424279127258,0.17828717101890706
2024-08-08,398.97021484375,402.11091551932753,396.2456175501284,398.7225241806935,20203000,MSFT,422.4547576904297,432.0995343017579,400.6338720703125,0.010691948468491308,0.014489972222938305,-0.13874151156693115,29.511959813588902,-11.715574391895075,-8.253269823297542,422.4547576904297,460.0584627115537,384.85105266930566,0.17802476755951047
2024-08-09,402.2694091796875,404.28065599432585,398.5441624638447,400.2978013339752,19276700,MSFT,420.10020904541017,431.64080932617196,401.0230647277832,0.00826927478089945,0.014821705701727026,-0.1316195284686959,27.349651766263833,-11.420547708900813,-8.886725400418197,420.10020904541017,456.48800683537974,383.7124112554406,0.17323389518254811
2024-08-12,403.05218505859375,404.98418448253045,400.5059175778056,403.29987574188414,16762900,MSFT,417.76448822021484,431.48506164550787,401.41021118164065,0.0019458995912775556,0.014846892150068292,-0.12992974726406964,26.33744461722749,-10.996809095600554,-9.308742139454669,417.76448822021484,452.0719820292776,383.4569944111521,0.16424322687273674
2024-08-13,410.1856384277344,411.1169577013194,405.7866500141935,405.8064543815787,19414300,MSFT,416.00538940429686,431.46286865234384,401.783077545166,0.017698585030877734,0.0156654224331677,-0.11453073491318543,39.606311435897666,-9.97044998056947,-9.44108370767763,416.00538940429686,447.87481848352144,384.1359603250723,0.15321642407018007
2024-08-14,413.0093078613281,413.8613794713292,408.6400711388976,410.9683392009438,18267000,MSFT,414.68470306396483,431.52905151367196,402.23301361083986,0.006883881757579369,0.01568245666991052,-0.10843526919235705,48.79649016216102,-8.827449123884492,-9.318356790919003,414.68470306396483,444.59718441749754,384.7722217104321,0.14426614308422528
2024-08-15,417.8926696777344,417.9720602254848,414.5477862717882,416.6718241885771,20752100,MSFT,413.7642288208008,431.6423724365235,402.6979090881348,0.011823854144337842,0.01598844996746384,-0.09789353785505168,47.19442534314073,-7.441781992991935,-8.94304183133359,413.7642288208008,441.9595063396437,385.56895130195784,0.13628668480693712
2024-08-16,415.3517456054688,418.2003547729735,414.1904506066069,417.4658786225156,22775600,MSFT,412.8782043457031,431.54754089355475,403.11315673828125,-0.006080326975405059,0.01596778108092886,-0.10337864011151884,44.05658605592754,-6.4740335173680705,-8.449240168540486,412.8782043457031,439.59364544985493,386.1627632415513,0.1294107599915008
2024-08-19,418.3889465332031,418.60730840360986,413.356718626676,415.83808974940047,15234000,MSFT,411.85522918701173,431.50334960937505,403.539649810791,0.007312358645097161,0.015718774859946105,-0.0968222231591596,49.49499088016858,-5.399764027788024,-7.839344940389994,411.85522918701173,435.80750779710246,387.902950576921,0.11631406820970425
2024-08-20,421.6345520019531,422.6866508922164,418.4981256850532,418.5576761663757,16387600,MSFT,410.89991760253906,431.5373461914063,403.9431614685059,0.0077573881806469736,0.015813251313143813,-0.08981592254807147,55.904304387057124,-4.237655427016875,-7.11900703771537,410.89991760253906,431.2553789498668,390.54445625521134,0.09907746619222947
2024-08-21,420.9794921875,423.2226309703042,418.57751173597626,420.9199114166435,16067300,MSFT,410.7019866943359,431.47858398437506,404.3323150634766,-0.0015536198618990582,0.013674309692960192,-0.09123000260878501,56.43896657348589,-3.331134594779087,-6.361432549128113,410.7019866943359,430.55344172208345,390.8505316665884,0.09667084976884681
2024-08-22,412.4535217285156,423.60978759214106,411.5205237047386,421.1978716893005,19361900,MSFT,410.59790802001953,431.1539916992188,404.6567713928223,-0.020252697856329327,0.013309857559319368,-0.10963504678684645,56.45246922032634,-3.263070223289219,-5.741760083960335,410.59790802001953,430.3864734239979,390.80934261604114,0.09638902204544873
2024-08-23,413.6842346191406,416.1358302513444,409.0192452654988,413.8728212285541,18493800,MSFT,410.2150390625,430.68796081542973,404.96900817871096,0.0029838826092871695,0.01275617957578694,-0.10697830228703487,73.12487991214988,-3.0743809241714075,-5.20828425200255,410.2150390625,429.4159502219242,391.0141279030758,0.09361388213999036
2024-08-26,410.4088134765625,414.1705802586453,408.2748405512739,413.2673576122786,13152800,MSFT,409.59607086181643,430.14611694335946,405.2451647949219,-0.007917684234676314,0.01280851535821835,-0.11404896610424073,65.47328780113924,-3.1527989043369757,-4.797187182469436,409.59607086181643,427.8659627196124,391.32617900402045,0.08920931208815044
2024-08-27,410.7561950683594,411.2723092927535,407.192950217426,409.78348680566967,13492900,MSFT,409.18321228027344,429.5916040039063,405.50990646362305,0.000846428196446869,0.012692346537041549,-0.11329907216848008,67.39798311366862,-3.150596808490377,-4.467869107673624,409.18321228027344,426.92254644253785,391.443878118009,0.08670607018996522
2024-08-28,407.5404052734375,411.9076124558987,404.2749123464537,411.7885114866768,14882700,MSFT,408.835954284668,428.8578479003907,405.7709327697754,-0.007828950198515483,0.012587300896486334,-0.12024100957345048,59.52317005844909,-3.369497522638653,-4.248194790666631,408.835954284668,426.40938515535095,391.26252341398504,0.08596812822605503
2024-08-29,410.0415954589844,418.9050455158515,407.5403843631331,411.8480408399638,17045200,MSFT,408.67518463134763,428.21433959960945,406.00023162841796,0.00613728148959547,0.012668013155231436,-0.11484168100620047,58.7923609591127,-3.3030769559859436,-4.059171223730493,408.67518463134763,426.13679415471836,391.2135751079769,0.08545470916773312
2024-08-30,414.0316467285156,414.3790144301796,409.05896964037805,412.50311373853776,24308300,MSFT,409.14093322753905,427.6633135986329,406.26420883178713,0.009730845147709832,0.011897741121889472,-0.10622834247286468,61.58029552083732,-2.8951014596887603,-3.8263572709221467,409.14093322753905,426.6548106424724,391.6270558126057,0.0856129318412304
2024-09-03,406.3890380859375,416.7512462836699,403.99699269665393,414.79592463376775,20313600,MSFT,409.8853927612305,426.8785900878907,406.47228942871095,-0.018458996318195586,0.010051163796504052,-0.12272647020846564,46.03818793600568,-3.1521367151636923,-3.691513159770456,409.8853927612305,425.392784229255,394.37800129320595,0.075666963214071
2024-09-04,405.8530578613281,408.1756176150405,401.356814564364,402.8853476688359,15135800,MSFT,410.38211212158205,426.1249566650391,406.6769497680664,-0.0013188845524323423,0.009825320369175399,-0.12388349271516548,42.15792240591686,-3.3603520846338597,-3.625280944743137,410.38211212158205,424.58761104982034,396.17661319334377,0.06923059513875539
2024-09-05,405.3468627929688,410.021757358501,403.1036936763924,404.5825811257243,14195500,MSFT,410.91197662353517,425.296205444336,406.8469969177246,-0.001247237290823322,0.009793944629581958,-0.12497621789415699,34.79299510314179,-3.525569407083424,-3.6053386372111946,410.91197662353517,423.34194270691705,398.4820105401533,0.06049941004649682
2024-09-06,398.7066955566406,407.5899853655918,397.813377784307,406.01183707940055,19609500,MSFT,410.8988006591797,424.31067382812506,407.0150372314453,-0.016381444747284646,0.010295975725415636,-0.13931037163328389,31.647966665029088,-4.1445356995691895,-3.713178049682794,410.8988006591797,423.3825080147071,398.41509330365227,0.06076292914703369
2024-09-09,402.6967468261719,405.6049064318399,399.1533416913916,404.2054095225525,15295100,MSFT,410.92016754150393,423.3912707519532,407.16556533813474,0.010007484985825599,0.010376319647498989,-0.1306970330999481,33.05457972752977,-4.263954936288371,-3.82333342700391,410.92016754150393,423.3430002404004,398.4973348426075,0.06046348502786357
2024-09-10,411.1135864257813,413.2276892130327,404.6620214016066,405.15829563423546,19594300,MSFT,411.32323760986327,422.7571154785157,407.3797465515137,0.020901185981625714,0.011371344712708916,-0.11252757011439114,39.78019554379287,-3.637496137324149,-3.786165969067958,411.32323760986327,423.1814803231202,399.46499489660636,0.05765899725074303
2024-09-11,419.8876953125,420.83059814465895,406.527971667463,412.4038716868024,19266900,MSFT,411.80834045410154,422.10464904785164,407.6142056274414,0.021342298519007263,0.011677158325164257,-0.09358686858838379,49.083947261418146,-2.4052989775162246,-3.5099925707576114,411.80834045410154,424.25007353377066,399.3666073744324,0.06042487175441666
2024-09-12,423.8181457519531,424.1853837952873,416.6221702093263,420.15563991463,17395700,MSFT,412.3487823486328,421.48026245117194,407.87038986206056,0.009360718314281424,0.011753114726264655,-0.08510219058887393,60.332049674276135,-1.0989513217842841,-3.0277843209629465,412.3487823486328,425.89974643454525,398.7978182627204,0.06572573833602521
2024-09-13,427.3814086914063,428.61215900524985,422.2896305914577,422.6568686502548,15874600,MSFT,412.8232192993164,420.8976165771485,408.1385664367676,0.008407528028633982,0.011617042641190478,-0.07741016161291416,61.94600901854762,0.22131298852372083,-2.3779648590656133,412.8232192993164,427.78266863490506,397.86376996372775,0.07247387567481929
2024-09-16,428.1258239746094,430.2995073976486,425.0290778075874,427.3913478501723,13834700,MSFT,413.46192321777346,420.1953137207032,408.39027740478514,0.0017418054881759293,0.011490468550634316,-0.07580318956907615,66.1656002855811,1.312569573453402,-1.6398579725618103,413.46192321777346,429.89421973326904,397.0296267022779,0.07948638359542756
2024-09-17,431.907470703125,438.5575577227914,429.04892619664366,436.9496340104397,18874200,MSFT,414.13784942626955,419.59479980468757,408.67989959716795,0.008833026453316517,0.011535350535090095,-0.06763973469446911,68.16097718705504,2.4542544479841126,-0.8210354884526258,414.13784942626955,432.43033790576635,395.84536094677276,0.08834009499415954
2024-09-18,427.5998229980469,432.7809274540053,427.2028096503848,431.7586036959415,18898000,MSFT,414.43611297607424,419.0408947753907,408.9476873779297,-0.00997354293980024,0.011721481416355477,-0.07693866983585736,66.90648777308459,2.9771381715220855,-0.0614007564576835,414.43611297607424,433.4245684727319,395.4476574794166,0.09163513942016858
2024-09-19,435.4210815429688,438.2101402616237,433.64441133789575,437.9421630848395,21706600,MSFT,415.15819244384767,418.5104547119141,409.276298828125,0.018291070585774394,0.012338318658348842,-0.06005488989082618,69.62998701302996,3.9767954665210823,0.7462384881380697,415.15819244384767,436.1834502834284,394.13293460426695,0.10128793420076611
2024-09-20,432.0265502929688,435.966968827051,430.9843865428928,433.9620318747381,55167100,MSFT,416.1368438720703,418.14098999023446,409.61444274902345,-0.007795973584859617,0.011451136866080371,-0.06738267714045529,64.04772716118974,4.4438943248079,1.4857696554720357,416.1368438720703,438.4167052048497,393.8569825392909,0.10707949397351944
2024-09-23,430.2796936035156,433.2076933933247,427.182947247431,431.04394501505726,15128900,MSFT,416.96661682128905,417.7593762207032,409.9271694946289,-0.004043401240661271,0.011539203666127687,-0.07115362318076772,70.54106092084731,4.619861907215181,2.112588105820665,416.96661682128905,440.0823325653951,393.850901077183,0.110875618390397
2024-09-24,425.9720458984375,430.1208912889201,422.9249147851151,429.7734932617357,17015800,MSFT,417.7447784423828,417.28348510742194,410.2367189025879,-0.010011273525372122,0.011643238200498856,-0.08045255832215596,66.24462031351871,4.361450231405854,2.5623605309377027,417.7447784423828,440.97850959800434,394.5110472867613,0.11123409485691997
2024-09-25,428.8901062011719,429.8925898519273,425.3765064150849,426.6270968939567,13396400,MSFT,418.65147399902344,416.9539349365235,410.5502467346191,0.0068503563340165385,0.011691212136808621,-0.07415333068062938,68.29683050840212,4.342067543951089,2.91830193354038,418.65147399902344,442.15070510775314,395.15224289029373,0.11226154722094454
2024-09-26,428.0960693359375,432.0563279566357,425.9323209856426,431.847901263487,14492000,MSFT,419.67925720214845,416.72739562988284,410.8436152648926,-0.00185137603724983,0.011495368634857539,-0.0758674210183748,75.12306776435891,4.214057454342992,3.1774530377009027,419.67925720214845,442.9290839787886,396.4294304255083,0.11079807437536188
2024-09-27,424.8305358886719,428.6320130497984,424.2846464096371,428.30445513024,14896100,MSFT,420.4187042236328,416.49796325683593,411.13511779785154,-0.007628038847287577,0.011678404439266744,-0.08291674023089066,69.15804755278444,3.805242807667753,3.303010991694273,420.4187042236328,443.3159535399836,397.521454907282,0.10892593067967345
2024-09-30,427.0935668945313,427.2126981469716,422.20031052363777,425.01914436125503,16807300,MSFT,421.0718002319336,416.3783898925781,411.42273330688477,0.005326902881699791,0.011562692918281735,-0.07803152677166794,65.48073068367665,3.6221085315928008,3.3668304996739784,421.0718002319336,443.9471039688649,398.1964964950023,0.10865274627429901
2024-10-01,417.5552062988281,425.28716713975047,415.6892103822864,425.257391898111,19092900,MSFT,421.63010864257814,415.95252502441406,411.6627066040039,-0.022333187233556817,0.011942937982274056,-0.09862202130771278,47.773354130238594,2.676454808724827,3.228755361484148,421.63010864257814,443.52039241870335,399.7398248664529,0.10383643543199578
2024-10-02,414.021728515625,419.66933146547984,413.6048448503053,419.4310992466512,16582300,MSFT,422.03854217529295,415.41814392089844,411.92667037963867,-0.008462300864414019,0.012134561945281822,-0.10624975295596424,40.5767014448066,1.623184236208317,2.907641136428982,422.03854217529295,442.97333942688886,401.10374492369704,0.09920798770506926
2024-10-03,413.4361572265625,416.4237075893507,411.2029231201695,414.5180314477273,13686400,MSFT,422.44300689697263,415.18810485839845,412.1640144348145,-0.0014143491723536128,0.012136296563814519,-0.10751382787816184,35.77075418820452,0.7327621835569857,2.4726653458545824,422.44300689697263,442.30505363423646,402.5809601597088,0.09403420775341595
2024-10-04,412.9596862792969,416.6221923109141,411.87781215445386,415.12343452898295,19169700,MSFT,423.1556564331055,415.1565966796875,412.38949935913087,-0.0011524655958053964,0.011442415600251384,-0.10854238748626435,34.43992184956048,-0.011221576376840403,1.9758879614082978,423.1556564331055,440.26362800983514,406.04768485637584,0.08085899983442223
2024-10-07,406.48828125,414.0018496365578,405.95229663138974,412.9001354490418,20919800,MSFT,423.34523315429686,414.8595300292969,412.5796166992188,-0.01567079122808146,0.011906574314727235,-0.12251223362065104,25.284648955703716,-1.1102243926065398,1.3586654906053304,423.34523315429686,439.55931677258354,407.1311495360102,0.07659981664362865
2024-10-08,411.6197509765625,412.5626841012525,405.1285060524599,407.8381438809941,19229300,MSFT,423.37054138183595,414.63616149902344,412.80842163085936,0.01262390568993177,0.011289289813828506,-0.11143491081380917,34.707395156575245,-1.5492663428885862,0.7770791239065471,423.37054138183595,439.50562477496476,407.23545798870714,0.07622204105399318
2024-10-09,414.3492431640625,417.247497795826,411.2127866111198,412.7611596791307,14974300,MSFT,423.09361877441404,414.5428790283203,413.0364616394043,0.006631101109760396,0.010266862711427745,-0.10554274586481223,27.657283236021627,-1.6578523534470264,0.29009282843583245,423.09361877441404,439.66460949327404,406.52262805555404,0.07833250128830403
2024-10-10,412.7413635253906,414.24012144932607,410.0714056441615,412.1359234812592,13848400,MSFT,422.53977966308594,414.5079949951172,413.25132904052737,-0.0038804937264848016,0.01001362830057778,-0.10901368162809266,28.746432441558653,-1.8522978616310297,-0.13838530957754,422.53977966308594,439.73738492995597,405.3421743962159,0.08140111816493405
2024-10-11,413.2177429199219,414.0217046730069,410.1706121672714,413.039091483719,14144900,MSFT,421.8315963745117,414.5072100830078,413.46818359375,0.0011541837979656133,0.009772929793958648,-0.10798531965521875,30.654865296914295,-1.9455306258965948,-0.499814372841351,421.8315963745117,439.3531755741598,404.3100171748636,0.08307381120921081
2024-10-14,416.0167846679688,420.8802661645229,414.408830685765,414.6569678058971,16653100,MSFT,421.2261444091797,414.73321228027345,413.7019451904297,0.006773769510157068,0.009928068033708501,-0.10194301781088667,38.31273520417095,-1.7731195681305394,-0.7544754118991888,421.2261444091797,438.66862459430035,403.78366422405907,0.08281765230686627
2024-10-15,415.6197204589844,419.3318721896264,412.1656713035286,419.0340894861109,18900200,MSFT,420.41175689697263,415.2156097412109,413.9277491760254,-0.0009544427619700979,0.009634694901697438,-0.10280016179737382,33.44067120186941,-1.649507826516185,-0.933481894822588,420.41175689697263,437.2654134672708,403.5581003266745,0.08017690416031038
2024-10-16,413.0192260742188,413.25742799200697,407.4212689749873,412.0763232895253,15508900,MSFT,419.68272705078124,415.55762084960935,414.13679962158204,-0.006256908074269818,0.00950526498203458,-0.10841385870925738,31.99808771722715,-1.7413100559276131,-1.095047527043593,419.68272705078124,436.48854553793234,402.87690856363014,0.08008820665672815
2024-10-17,413.6147766113281,419.3517052370469,412.49319205621896,419.2127339196968,14820000,MSFT,418.59241180419923,415.9349249267578,414.374345703125,0.001441943860023276,0.008313008727117436,-0.10712824154714128,35.69626027094435,-1.7458825853447593,-1.2252145387038265,418.59241180419923,433.8579027459134,403.32692086248505,0.0729372559617959
2024-10-18,415.0440673828125,416.52295489433874,413.1582313681452,414.0316788587722,17145300,MSFT,417.74328765869143,416.25640197753904,414.6203709411621,0.003455608581478309,0.008318788964825645,-0.10404282623647187,34.299077759008426,-1.6155514561331756,-1.3032819221896963,417.74328765869143,431.69517264691973,403.7914026704631,0.06679645323051799
2024-10-21,415.6593933105469,415.83804474240526,410.66687636358256,413.01921108689936,14206100,MSFT,417.012272644043,416.5242016601562,414.8826019287109,0.001482555651534767,0.008338047793692783,-0.10271451986497561,46.78118348321523,-1.4459435007648267,-1.3318142379047224,417.012272644043,429.6705770332825,404.3539682548035,0.06070950530534861
2024-10-22,424.3244018554688,427.3715026073368,414.9249667270413,415.3715953599656,25482200,MSFT,416.92989044189454,416.94964599609375,415.18909591674804,0.02084641580191149,0.009492952319570942,-0.0840093336530631,64.8966757624002,-0.6053560335650445,-1.1865225970367868,416.92989044189454,429.36209939868644,404.49768148510265,0.0596369281349211
2024-10-23,421.4360656738281,427.86776005710016,419.3814831724278,427.6493981928425,19654400,MSFT,416.5571884155273,417.1746545410156,415.44689392089845,-0.006806905681150277,0.009453949451416276,-0.09024439572370067,60.84491915779471,-0.17028604915401502,-0.9832752874602324,416.5571884155273,427.8768486395857,405.2375281914689,0.054348649063603344
2024-10-24,421.5651245117188,422.8058101049405,419.2524696034551,422.1606293643247,13581600,MSFT,416.2306411743164,417.34577087402346,415.69990783691406,0.00030623586447053874,0.009454036334836758,-0.08996579592976822,61.77672161409284,0.1828166214174871,-0.7500569056846885,416.2306411743164,426.4744156644964,405.98686668413643,0.049221626073847446
2024-10-25,424.9595947265625,429.2970264220679,423.3913815699701,423.5799681906594,16899100,MSFT,416.2370941162109,417.487109375,415.9354425048828,0.008052066021294824,0.0095015676826005,-0.08263814043695832,77.60302085043497,0.7281645813523028,-0.45441260827729024,416.2370941162109,426.50381560681745,405.9703726256044,0.04933112226533141
2024-10-28,423.4112243652344,428.72136443906953,423.12337684387694,428.44345209470936,14882400,MSFT,416.05297698974607,417.64829895019534,416.1540545654297,-0.003643570778356975,0.009451358438898444,-0.08598061330164143,69.73417952968882,1.0236166056812408,-0.15880676548558406,416.05297698974607,425.60729394850875,406.4986600309834,0.045928367237704715
2024-10-29,428.7312927246094,429.94220298203743,422.6270958434546,424.8107144355948,17644100,MSFT,416.61178131103514,417.85514587402344,416.380313873291,0.01256477876171247,0.008343580577436928,-0.07449616192386037,72.14917042422047,1.6678238829753695,0.2065193642066067,416.61178131103514,427.717411662977,405.5061509590933,0.053314048474546474
2024-10-30,429.3069458007813,435.2324607886903,428.8801572707895,434.1803619383898,29749100,MSFT,417.376042175293,418.00859375,416.60056732177736,0.0013426896658594867,0.008018120065461255,-0.0732534974847622,76.349689767221,2.199459187410696,0.6051073288474246,417.376042175293,429.7612481698601,404.99083618072586,0.05934794881861224
2024-10-31,403.3220520019531,413.05894946974416,403.2724064074055,412.2648925685448,53971000,MSFT,416.8703369140625,417.65544494628904,416.69484466552734,-0.06052754108219438,0.016102433891868495,-0.12934718448853322,41.31082332563018,0.5180484911226131,0.5876955613024623,416.8703369140625,430.6772420965825,403.06343173154244,0.06624076582050656
2024-11-01,407.3121032714844,412.4038816750557,404.46349406157685,405.9622519164769,24230400,MSFT,416.58795776367185,417.55261657714846,416.787354888916,0.009892965806669762,0.016289263941409803,-0.12073384595519741,42.51321444488829,-0.48690506983700743,0.37277543507456834,416.58795776367185,430.95141562475027,402.22449990259344,0.06895762392261338
2024-11-04,405.4163208007813,407.3617375208185,402.5478716062057,406.7463320541696,19672300,MSFT,416.53435974121095,417.38725830078124,416.8466941833496,-0.004654373035999582,0.015933730709453912,-0.12482627863405059,41.444745303687355,-1.4199435831254732,0.014231631434560021,416.53435974121095,431.06354583058004,402.00517365184186,0.06976224529662303
2024-11-05,408.3939514160156,411.8083202953773,405.039133016745,405.3269805306338,17626000,MSFT,416.3730697631836,417.34696105957033,416.9315832519531,0.007344624432861657,0.015756195640299692,-0.11839845633710773,46.146214054071606,-1.897243183111982,-0.3680633314747484,416.3730697631836,431.20053012878344,401.54560939758375,0.07122199509220477
2024-11-06,417.0489807128906,417.31698816741806,407.4609595048601,409.346825702744,26681800,MSFT,416.508056640625,417.47281677246093,417.0479510498047,0.02119284398523935,0.016414650027866306,-0.09971481236511395,52.52259150928677,-1.559145168728321,-0.606279698925463,416.508056640625,431.30706842563285,401.70904485561715,0.07106230743467638
2024-11-07,422.2598571777344,423.66928922885575,416.75122569160607,418.1407873890808,19901800,MSFT,416.9839813232422,417.7672058105469,417.1723081970215,0.012494639013231668,0.016594355130354108,-0.08846607393665659,55.021387623763,-0.860803072870624,-0.6571843737144951,416.9839813232422,431.8848199286408,402.08314271784354,0.07146959726420588
2024-11-08,419.3914184570313,423.3219017245024,418.6370719639162,422.1507018568993,16891400,MSFT,417.2926651000977,417.95420227050784,417.2709214782715,-0.006793065151574962,0.016692264545113734,-0.09465818328427575,52.51811093599495,-0.5326805530054344,-0.632283609572683,417.2926651000977,432.1206024325742,402.4647277676212,0.07106732790963223
2024-11-11,414.8951721191406,421.6444892164841,412.90014011467326,419.3715448677772,24503300,MSFT,417.23658447265626,417.97147277832033,417.35169311523435,-0.010720883022434458,0.016824892498823695,-0.10436424699660331,43.258566948286045,-0.6282089925666696,-0.6314686861714803,417.23658447265626,432.09329585542304,402.3798730898895,0.07121480682977077
2024-11-12,419.8777465820313,421.27724345465793,414.09120276331856,415.1333664626366,19401200,MSFT,417.4494857788086,418.2412469482422,417.42879974365235,0.012009237025924824,0.017034475480709122,-0.09360834494989276,48.9182718278692,-0.2984238072337462,-0.5648597103839336,417.4494857788086,432.33065612046425,402.56831543715293,0.07129566976896771
2024-11-13,422.0316162109375,426.1308158963339,415.09368189625457,418.4981461257373,21502200,MSFT,417.90010528564454,418.5648181152344,417.52225311279295,0.005129754187831015,0.01698164204005586,-0.08895877856158446,50.31496744416052,0.13517440018756588,-0.4248528882696337,417.90010528564454,432.76221822921684,403.03799234207224,0.07112758650019337
2024-11-14,423.7090148925781,424.9794756745813,416.8703416533151,421.83308381585454,30246900,MSFT,418.40481719970705,418.93206115722654,417.67843612670896,0.003974580617207124,0.016992819484044214,-0.08533777178137855,49.135586320077124,0.6071572278971189,-0.21845086503628316,418.40481719970705,433.33959548890977,403.47003891050434,0.07138913165081584
2024-11-15,411.9075927734375,419.64945830467593,410.5577414665236,416.691683409749,28247600,MSFT,418.2479934692383,419.1960791015625,417.74501022338865,-0.027852657612518872,0.018188391442176283,-0.11081354565505537,43.03569402880014,0.02860118622356822,-0.1690404547843129,418.2479934692383,433.395711896472,403.10027504200457,0.07243414750941447
2024-11-18,412.6619262695313,415.282238255226,409.0291955453545,411.778543667536,24727000,MSFT,418.0981201171875,419.3953826904297,417.7786340332031,0.0018313172889452556,0.018190275029827348,-0.10918516312811757,39.70231904680145,-0.36483464943029276,-0.20819929371350887,418.0981201171875,433.41208058613324,402.7841596482417,0.073255342380652
2024-11-19,414.6767883300781,414.825664526232,408.4832659585283,410.0316389788728,18133500,MSFT,417.615739440918,419.4666467285156,417.84982421875,0.004882597429719748,0.017557346813651266,-0.1048356728952507,40.794406144423405,-0.5081947021704423,-0.26819837540489555,417.615739440918,432.71012797292633,402.52135090890965,0.07228840824924804
2024-11-20,412.3939208984375,414.18052617467214,407.52050466835993,413.7636425231655,19191700,MSFT,417.16363220214845,419.3167712402344,417.91038970947267,-0.005505172934404778,0.017537084470821543,-0.10976370732067238,58.13454437389894,-0.7968315220586533,-0.3739250047356471,417.16363220214845,432.3177677276505,402.0094966766464,0.07265319579995742
2024-11-21,410.6137390136719,417.4859808182417,408.0478515779856,417.2075121790912,20780200,MSFT,416.6160629272461,419.05268310546876,417.9198042297363,-0.004316702537436434,0.017550339192269473,-0.1136065925841992,53.082672660214186,-1.1558995908748102,-0.5303199219634798,416.6160629272461,431.8914885704363,401.3406372840559,0.07333094905588294
2024-11-22,414.7211608886719,415.1189688817136,408.81361962204943,409.1219230929671,24814600,MSFT,416.10414123535156,418.7994781494141,417.9494596862793,0.010003128207220602,0.01760959147163953,-0.10473988568778377,58.343179657703594,-1.0963904970313365,-0.6435340369770511,416.10414123535156,430.8803193626436,401.3279631080595,0.07102153842268312
2024-11-25,416.5013732910156,418.778836873561,412.582902472389,416.09361024787086,27691100,MSFT,415.75864868164064,418.5669891357422,417.9562300109863,0.004292552611805611,0.01763788101516834,-0.10089693454584742,57.429041224601654,-0.8952608387388068,-0.6938793973294023,415.75864868164064,430.13311703853236,401.3841803247489,0.06914813872169719
2024-11-26,425.6510925292969,426.69537265560376,416.5610569682543,417.2970032728636,23458900,MSFT,415.604638671875,418.4418615722656,418.03485900878906,0.021968040983836534,0.018127786698363273,-0.0811454015552575,57.81151965946503,0.002413913561156278,-0.5546207351512906,415.604638671875,429.45015428814577,401.7591230556043,0.06662830164993394
2024-11-27,420.6784057617188,424.8952553598379,419.7137054696712,422.7868153853765,18332400,MSFT,415.1732116699219,418.3034332275391,418.1327503967285,-0.011682542004131768,0.01830255594364262,-0.09187995899727779,48.55765510753367,0.30901126893456876,-0.3818943343341188,415.1732116699219,427.6954802082937,402.6509431315501,0.06032310460496412
2024-11-29,421.1458435058594,422.5580967644444,415.5167709497141,417.7942649272981,16271900,MSFT,416.0644012451172,418.0179284667969,418.2135949707031,0.0011111522192210899,0.011736995606894259,-0.09087089939839836,51.673391592086986,0.582989857219161,-0.18891749602346286,416.0644012451172,427.52758912533835,404.60121336489607,0.05510294966796643
2024-12-02,428.624755859375,430.6337058704028,419.0075879189551,419.2661767617578,20207200,MSFT,417.1300338745117,417.949892578125,418.34632263183596,0.017758485495800835,0.012132388461600785,-0.07472614345155433,62.39044878062217,1.3876100801474536,0.12638801921072043,417.1300338745117,429.1179272673606,405.1421404816628,0.05747796811224241
2024-12-03,428.8435668945313,430.1066156030698,425.40245343840513,427.4909833141871,18302000,MSFT,418.30139617919923,417.9211700439453,418.4925067138672,0.000510495560895885,0.012023807449356463,-0.07425379525517331,58.85248430735411,2.019652330771578,0.505040881522892,418.30139617919923,430.0458195532949,406.55697280510356,0.05615292457242669
2024-12-04,435.0295715332031,437.2672755840065,430.2657397446012,430.6635477279166,26009400,MSFT,419.63317718505857,418.1023205566406,418.6759005737305,0.014424851195665056,0.012263957129602788,-0.06090004400677757,61.88715496111922,2.9852966027982006,1.0010920257779539,419.63317718505857,432.6220477882037,406.64430658191344,0.061905832566794536
2024-12-05,440.2011413574219,442.2300015529848,433.7864078777922,435.5268443828614,21697800,MSFT,420.79078521728513,418.32854125976564,418.8881687927246,0.0118878581196038,0.011710900619753275,-0.04973615696980397,64.17666755159243,4.120381911841662,1.6249500029906954,420.79078521728513,436.6250456042021,404.95652483036815,0.07525953962485463
2024-12-06,441.1459655761719,443.66213830194334,439.3557840883586,439.8828865059849,18821000,MSFT,421.735090637207,418.5895391845703,419.05833312988284,0.0021463465901894185,0.011485076332131467,-0.047696561410535805,80.90093913945444,5.038108437381766,2.3075816898689094,421.735090637207,440.00372351895976,403.46645775545426,0.08663558374594986
2024-12-09,443.58251953125,445.8798931073043,438.09269688925554,440.18122659952354,19144400,MSFT,422.944645690918,418.9645788574219,419.2471578979492,0.0055232375340796835,0.01130326443908945,-0.04243676331468535,81.5567357596869,5.894079581302549,3.0248812681556374,422.944645690918,443.6065143659343,402.2827770159017,0.09770483624996976
2024-12-10,440.9072570800781,447.16289170564096,439.1867306857862,441.9614922675205,18469500,MSFT,424.24524993896483,419.2408526611328,419.4364520263672,-0.006031036691885205,0.011052363356894513,-0.048211862329934886,76.41406455514777,6.284131996174892,3.6767314137594886,424.24524993896483,446.0185597053384,402.47194017259125,0.10264491951061826
2024-12-11,446.5363464355469,447.8889300799693,441.62334015579273,441.62334015579273,19200200,MSFT,425.57817993164065,419.8204754638672,419.654188079834,0.012767059886352516,0.011085751504253158,-0.0360603261771813,82.21063293296741,6.967158742779816,4.334816879563554,425.57817993164065,449.3939185866884,401.7624412765929,0.11192180322249236
2024-12-12,447.1032409667969,453.66717934055725,446.6556879875928,446.6556879875928,20834800,MSFT,426.8317611694336,420.48210571289064,419.87357208251956,0.0012695372633722002,0.01108291074101418,-0.0348365688416204,85.23145681782832,7.468118193549742,4.961477142360792,426.8317611694336,452.4338602053106,401.2296621335566,0.11996342055582926
2024-12-13,444.8257446289063,448.9630146718561,443.1449777254952,445.9893641585006,20177800,MSFT,427.88759765625,421.1098974609375,420.05229476928713,-0.005093893600426225,0.011223322664002467,-0.039753008666963435,80.13141585432845,7.593820412143941,5.4879457963174225,427.88759765625,454.6623170332093,401.1128782792907,0.12514837786193173
2024-12-16,449.12213134765625,449.7089034526842,442.8466168869823,444.82573215231423,23598800,MSFT,429.7483245849609,421.83314636230466,420.2433020019531,0.009658583772695462,0.008745821435077763,-0.0304783826586945,81.08417457111281,7.948497496445441,5.980056136343027,429.7483245849609,457.01505912829094,402.4815900416309,0.12689629247380302
2024-12-17,451.9764099121094,452.801891035832,447.11314908926647,448.545282051395,22733500,MSFT,431.7140487670898,422.7429089355469,420.4514486694336,0.006355239177121996,0.008735194278712615,-0.024316840893100423,78.50528252556683,8.363488972234165,6.456742703521255,431.7140487670898,459.458623196702,403.96947433747766,0.1285321823964102
2024-12-18,434.9997253417969,450.1763104473289,434.6317218572595,448.85359210839096,24444500,MSFT,432.7301956176758,423.21050842285155,420.6353857421875,-0.03756099698569171,0.012849058446718452,-0.060964473091304844,62.30772499028297,7.239048892417031,6.6132039413004104,432.7301956176758,459.31172081152056,406.14867042383105,0.12285495887756336
2024-12-19,434.6416931152344,440.7580781855559,433.9355816606558,439.2066057877418,22963700,MSFT,433.84258422851565,423.616357421875,420.82030166625975,-0.0008230631094794383,0.012738198168677018,-0.061737358591993925,61.620168335729744,6.247020060898194,6.539967165219967,433.84258422851565,458.643198068727,409.0419703883043,0.11433001158387084
2024-12-20,434.2140502929688,441.3150154444738,426.2876039748234,430.74310199904505,64263700,MSFT,435.0225997924805,424.0458111572266,420.9682179260254,-0.0009838973780920135,0.012663037098597191,-0.06266051274483699,55.4776026912182,5.36448442575653,6.30487061732728,435.0225997924805,457.28559540564737,412.7596041793136,0.10235328290432281
2024-12-23,432.8714599609375,435.2583384488606,430.4646713438474,434.3533077451568,19152500,MSFT,435.93011474609375,424.4388854980469,421.1238603210449,-0.0030920011250797907,0.012613526415511998,-0.06555876749401165,53.862329629785656,4.504804178850975,5.944857329632019,435.93011474609375,456.08896777388077,415.77126171830673,0.09248662730964795
2024-12-24,436.9291076660156,437.1976515770788,431.817212852652,432.2746905166953,7164500,MSFT,436.9515014648438,424.8571319580078,421.30819732666015,0.009373793563207666,0.01270827995321768,-0.056799508283551216,51.89896820408936,4.103615720525511,5.576609007810718,436.9515014648438,454.916141082842,418.98686184684556,0.08222715590985841
2024-12-26,435.7157897949219,438.5303413291557,434.24389716434194,436.6804901261448,8194200,MSFT,437.454736328125,425.25905334472657,421.43326080322265,-0.002776921587062553,0.011888658979473367,-0.05941870208992667,45.13062008261406,3.645740537299787,5.190435313708532,437.454736328125,454.63319375865655,420.2762788975935,0.0785382166608723
2024-12-27,428.1772155761719,432.8415878431465,424.020065946368,432.2249809082039,18117700,MSFT,437.82967681884764,425.5622131347656,421.52152130126956,-0.01730158602307752,0.012270313433150359,-0.0756922503274157,37.68410375307924,2.6440917747320896,4.681166605913244,437.82967681884764,453.7474766214367,421.9118770162586,0.07271229268076801
2024-12-30,422.5083618164063,425.2134986857935,419.59438106008827,423.7316509986102,13158700,MSFT,437.897802734375,425.7400848388672,421.531395111084,-0.013239503536257358,0.012673733884215251,-0.08792962604779599,31.144309145102085,1.3769758713744977,4.020328459005495,437.897802734375,453.5239430580278,422.2716624107222,0.07136889121652655
2024-12-31,419.1965637207031,424.3979934566231,418.361157840794,423.7714314589903,13246500,MSFT,437.42639312744143,425.823134765625,421.5682249450684,-0.007838420242064381,0.012090405885915591,-0.09507881692917017,30.793553431272997,0.10434019163517405,3.2371308055314314,437.42639312744143,454.7112489490113,420.14153730587157,0.07902978006420398
2025-01-02,416.2925109863281,423.74159992080814,412.5829142901712,423.2045424399656,16896500,MSFT,436.79884033203126,425.83579711914064,421.5860841369629,-0.006927663501339887,0.012154393881522908,-0.10134780638071923,21.88934210003795,-1.125590433029629,2.36458655781922,436.79884033203126,456.1799991788069,417.4176814852556,0.08874180541341688
2025-01-03,421.0364990234375,421.7127757009971,417.24732219520826,418.7788846089508,16662900,MSFT,436.099186706543,425.7700390625,421.60743881225585,0.011395804420957223,0.011964035922845388,-0.09110694173976974,27.517562861752793,-1.6979462592736922,1.5520799944006374,436.099186706543,456.71992256145967,415.4784508516263,0.09456901770739902
2025-01-06,425.5118713378906,431.9465149926899,423.15482788109534,425.66104554069966,20573600,MSFT,435.3647232055664,425.85155517578124,421.63228088378906,0.010629416510999468,0.011892658595950688,-0.08144593885956568,33.950370886958666,-1.7700136164683613,0.8876612722268378,435.3647232055664,456.4122710375525,414.3171753735803,0.0966892663099305
2025-01-07,420.0617980957031,428.2965477599085,418.50037065706186,426.655570865203,18139100,MSFT,434.31051483154295,425.8214886474609,421.6094006347656,-0.012808275419088577,0.012111015165151328,-0.09321103226197472,26.305482801333113,-2.241069227704486,0.2619151722405731,434.31051483154295,456.2327514582961,412.3882782047898,0.10095190366393123
2025-01-08,422.2398071289063,424.6366402910522,419.2363221421035,421.1458124811298,15054600,MSFT,433.2433792114258,425.7670928955078,421.6005256652832,0.005184972885125205,0.012099635131180049,-0.08850935605172233,25.483716598004662,-2.4108463309792683,-0.27263712840339516,433.2433792114258,455.34235524663984,411.14440317621177,0.10201645124012193
2025-01-10,416.6605224609375,422.3890244132644,412.7519761682606,422.3094749538564,20201100,MSFT,432.0310424804687,425.6320788574219,421.5928303527832,-0.013213544942401678,0.012317945858430124,-0.10055337864011152,31.381231491654205,-2.9614596893262615,-0.8104016405879685,432.0310424804687,455.0028486813,409.05923627963745,0.10634331305889803
2025-01-13,414.9101257324219,416.212964363656,410.0369095197108,412.970770030549,17604800,MSFT,430.4497314453125,425.3556555175781,421.5823664855957,-0.004201014096985256,0.011764781296031932,-0.10433196657593014,30.518420849644258,-3.4987358807409237,-1.3480684886185597,430.4497314453125,453.57094287904886,407.3285200115762,0.10742816057105066
2025-01-14,413.3984375,417.4461724776856,408.4754763868852,415.5267269300622,16935900,MSFT,428.76449127197264,425.0374853515625,421.56543212890625,-0.0036434112803426233,0.0117089200454877,-0.10759525359234967,29.878827998060117,-4.000397646051056,-1.878534320105059,428.76449127197264,451.6872955610934,405.8416869828519,0.10692491918403946
2025-01-15,423.9802856445313,425.8102267141552,415.9842143842228,416.8395304123367,19637800,MSFT,427.7222183227539,425.4506500244141,421.60491760253905,0.025597213691769927,0.013422455577947178,-0.08475217859900327,42.70795685834402,-3.5037128791827286,-2.2035700319205933,427.7222183227539,449.433768241216,406.01066840429183,0.10152173063910754
2025-01-16,422.25970458984375,427.1428756329152,422.07077084126166,426.3572147468436,15300000,MSFT,426.3790969848633,425.7496020507813,421.6167623901367,-0.004058162874417515,0.013125837572208357,-0.08846640332870427,37.48938768435243,-3.2118983695694396,-2.4052356994503628,426.3790969848633,445.70953346855003,407.0486605011765,0.0906725335288798
2025-01-17,426.6854248046875,432.1056536473427,425.8301391227975,431.7177703608077,26197500,MSFT,425.1145477294922,426.1749841308594,421.6662130737305,0.01048103848588311,0.01331165569331176,-0.07891258462081704,42.69863367254236,-2.593617031570716,-2.4429119658744334,425.1145477294922,440.24765636647834,409.98143909250604,0.07119543999522507
2025-01-21,426.1583251953125,428.54520356031776,423.2741792396476,427.8490471438773,26085700,MSFT,424.67247772216797,426.5302716064453,421.71792388916015,-0.0012353353987103466,0.010498729343180808,-0.08005043651034159,48.15891316459882,-2.121699518711921,-2.378669476441931,424.67247772216797,439.0893272063342,410.25562823800175,0.06789632123793107
2025-01-22,443.7616271972656,444.8257568157961,433.6173558153904,435.1688283301516,27803800,MSFT,425.1284744262695,427.0645245361328,421.8703596496582,0.04130695321717659,0.014129392118522512,-0.0420501229291122,65.91689799821445,-0.32353265214294424,-1.9676421115821339,425.1284744262695,441.33840036674445,408.9185484857946,0.07625895189613434
2025-01-23,444.2687683105469,444.3085582129765,439.08724891108926,439.58451646365,18389300,MSFT,425.63121032714844,427.50470275878905,421.9875523376465,0.001142823268619031,0.014120626288183655,-0.040955355519424905,69.60035194298669,1.1294302255975026,-1.3482276441462067,425.63121032714844,443.56011297743146,407.7023076768654,0.08424618409210413
2025-01-24,441.63330078125,444.20914332055247,438.987833493392,442.7272955771019,15549500,MSFT,426.0693023681641,427.9495404052734,422.09616622924807,-0.005932146748282463,0.014180626176055075,-0.04664454908863808,69.89386164687656,2.044683728890732,-0.6696453695388191,426.0693023681641,445.1352464077306,407.0033583285975,0.08949691486147843
2025-01-27,432.1852111816406,432.82172827375285,421.18565437157145,421.69287703242304,35647800,MSFT,425.8321075439453,428.29534118652344,422.1491828918457,-0.021393517162079267,0.014886743454303712,-0.0670401752892721,58.15034957702271,1.9847676881528287,-0.13876275800048965,425.8321075439453,444.4417671572482,407.22244793064243,0.0874037409749916
2025-01-28,444.7561340332031,445.9296782334323,429.02258057650255,432.2249849937885,23491700,MSFT,426.28412475585935,428.79290893554685,422.27998764038085,0.029086888043189374,0.016264908870369733,-0.03990327731911765,62.579655699063,2.918015146523885,0.4725928229043853,426.28412475585935,446.2912945728854,406.2769549388333,0.09386776872577432
2025-01-29,439.9127197265625,444.4378728714111,437.9932741704639,444.2489087647689,23581400,MSFT,426.8708999633789,429.15053100585936,422.36348281860353,-0.010890044984245284,0.01594203869599074,-0.05035877381833897,63.07995912380809,3.229568963845793,1.0239880510926669,426.8708999633789,447.7798817380442,405.96191818871364,0.09796395948498271
2025-01-30,412.7221374511719,420.5491243253889,410.9021514578089,416.4814791520961,54586300,MSFT,426.3815887451172,428.93079345703126,422.34084259033204,-0.06180903860268361,0.021149784932157054,-0.10905518502610102,45.28340408542273,1.267810331929013,1.0727525072599362,426.3815887451172,448.1603734327308,404.6028040575036,0.10215630910195117
2025-01-31,412.791748046875,418.3909856769975,412.6425738477464,416.6903391053237,34161900,MSFT,426.0613479614258,428.9484765625,422.3593952941894,0.0001686621321865811,0.021088348634685398,-0.10890491637394693,47.97203996411574,-0.27807504819963924,0.8025869961680212,426.0613479614258,448.46438605023565,403.6583098726159,0.10516343806356339
2025-02-03,408.6743774414063,413.1398303368367,406.4267183987767,409.3506540265293,25679100,MSFT,425.68044128417966,428.8687255859375,422.3527131652832,-0.00997444988895746,0.021147720997851723,-0.11779309963187133,46.81045153777595,-1.8145210775320493,0.2791653814280071,425.68044128417966,449.0222101217839,402.3386724465754,0.10966803533273708
2025-02-04,410.116455078125,411.6580027715914,407.5008227766752,410.43471361041793,20532100,MSFT,425.1344390869141,428.77751892089844,422.3667903137207,0.0035286715202140773,0.020983257252345205,-0.11468008126760601,48.32008907539292,-2.882573498979866,-0.35318239465356754,425.1344390869141,449.4251798748921,400.8436982989361,0.11427322067884517
2025-02-05,411.0314636230469,411.5684907814938,408.1572423104593,410.0965981017129,16316700,MSFT,424.41041870117186,428.7502697753906,422.42287551879883,0.002231094445473092,0.020819535200489563,-0.11270484891445556,42.64408462751733,-3.6135247315849597,-1.005250862039846,424.41041870117186,449.5037508815171,399.31708652082665,0.11825031184266696
2025-02-06,413.5475769042969,415.9145752087822,411.737515806655,411.737515806655,16309800,MSFT,424.08470764160154,428.80894653320314,422.5170074462891,0.006121461503388659,0.020709412896925544,-0.10727330580494193,45.09518110335789,-3.944311962824429,-1.5930630821967626,424.08470764160154,449.5815674954595,398.58784778774356,0.12024418421333716
2025-02-07,407.5107727050781,416.3621293611533,405.86979579790295,414.2040051086223,22886800,MSFT,423.34825592041017,428.66473876953125,422.57185653686525,-0.01459760505528429,0.020891452242586008,-0.12030497750911098,39.39724891924718,-4.640094750054402,-2.2024694157682907,423.34825592041017,449.8985905800514,396.79792126076893,0.12543023049388785
2025-02-10,409.96728515625,413.1895693646485,408.6744015876666,411.44913283343,20817900,MSFT,423.01359405517576,428.53405700683595,422.60630233764647,0.006028092054758183,0.02076944283857023,-0.11500209493342328,41.23410054312266,-4.9363840345421295,-2.749252339523059,423.01359405517576,450.08253494222237,395.94465316812915,0.12798142313845295
2025-02-11,409.1915283203125,410.2357780460881,407.0632086153108,407.4013772616106,18140600,MSFT,422.7276641845703,428.2048657226562,422.6295016479492,-0.0018922408300013904,0.020754797897909794,-0.11667672410385599,27.113434262742118,-5.174148161329015,-3.23423150388425,422.7276641845703,450.27362232937725,395.18170603976336,0.13032484258129792
2025-02-12,406.8046569824219,408.5053035519359,402.1601645834243,404.98464070295296,19121700,MSFT,422.3979751586914,427.9273907470703,422.6903143310547,-0.005833139673464105,0.02077808958909711,-0.12182927214898007,25.799816590009243,-5.491871636206554,-3.6857595303487116,422.3979751586914,450.5649131825904,394.2310371347924,0.13336682314027143
2025-02-13,408.2964477539063,408.7539254008991,404.1392679764064,404.775785007703,23891700,MSFT,421.61378326416013,427.67040283203124,422.72258697509767,0.003667093642806707,0.019882401693959675,-0.11860893785557859,28.14290024722702,-5.559211600437152,-4.0604499443663995,421.61378326416013,450.46033963594664,392.7672268923736,0.13683877290943702
2025-02-14,406.1979675292969,406.6753553081934,403.6619151401408,405.5614808415711,22758500,MSFT,420.8106964111328,427.2218670654297,422.7644934082031,-0.005139599514405457,0.019890642325522165,-0.12313893493057733,31.144429397286018,-5.716018124798268,-4.3915635804527735,420.8106964111328,450.4645567596973,391.15683606256835,0.14093681839110192
2025-02-18,407.4013977050781,408.3561429609082,404.2785427328027,405.7703454735141,21423100,MSFT,419.8464950561523,426.79302368164065,422.87630477905276,0.002962669121909123,0.019717677628524336,-0.1205410857288919,17.54235796002962,-5.677732303653613,-4.648797325092941,419.8464950561523,449.9467572774232,389.7462328348814,0.14338698822408957
2025-02-19,412.5033264160156,413.21939292620334,405.4222411212721,405.65099512827777,24114200,MSFT,419.1637451171875,426.3424987792969,422.98588500976564,0.012523100656200548,0.019988411072204774,-0.10952753322248193,26.290411057264606,-5.176041323779998,-4.7542461248303525,419.1637451171875,449.28064877745163,389.04684145692335,0.14369994547999004
2025-02-20,414.6857604980469,417.8547165109783,411.1082238049584,413.8486794990648,23508700,MSFT,417.70995178222654,425.8321911621094,423.09203720092773,0.005290706625309172,0.01738831679383355,-0.10481630464284679,52.99385817978782,-4.549895058659615,-4.713375911596205,417.70995178222654,445.54823931688503,389.87166424756805,0.13329003733754471
2025-02-21,406.793212890625,416.5990574532586,406.4743466307379,415.8915301727366,27524800,MSFT,415.83617401123047,425.14513610839845,423.1151126098633,-0.01903259855834627,0.017703319396523885,-0.12185397655255648,42.61575635902992,-4.6370789044290746,-4.698116510162778,415.83617401123047,441.070621190212,390.6017268322489,0.1213672535295116
2025-02-24,402.5978393554688,407.9491968592537,397.93408950529806,407.09219625426255,26443700,MSFT,413.88440093994143,424.3254425048828,423.0831903076172,-0.010313283020000119,0.017752341389948998,-0.13091054502525765,42.5340720421028,-4.987214804580844,-4.755936169046392,413.88440093994143,436.63367823775155,391.1351236421313,0.10993058567148686
2025-02-25,396.5190124511719,400.5250798023072,395.3231955078189,399.7079184567694,29387400,MSFT,412.101091003418,423.4376776123047,423.04164245605466,-0.01509900528534558,0.017490256655628294,-0.1440329312993594,35.002339382066566,-5.6896241112581265,-4.942673757488739,412.101091003418,434.39717920759097,389.805002799245,0.10820688753764085
2025-02-26,398.3426818847656,402.1992455439655,392.88169018272754,396.6286502127144,19619000,MSFT,409.7804183959961,422.47380432128904,423.0032791137695,0.004599197961077106,0.015818402091680672,-0.14009616930224222,36.279591607763976,-6.029627868382306,-5.160064579667453,409.7804183959961,426.8038104627132,392.757026329279,0.08308543455225022
2025-02-27,391.1676330566406,404.33177619538384,390.8088971171108,399.8772891429284,21127400,MSFT,407.3431640625,421.35509216308594,422.92023849487305,-0.018012252149772423,0.016027922158401108,-0.1555849739253255,28.015545538811736,-6.799667437963876,-5.487985151326738,407.3431640625,419.44976460071433,395.2365635242857,0.05944177590939885
2025-02-28,395.6121520996094,396.2499454411849,385.2283339547379,391.2971936660098,32845700,MSFT,406.4876647949219,420.3708203125,422.847453918457,0.011362185077120612,0.009625749419823533,-0.14599057411716343,37.9341931474818,-6.9709371777927345,-5.784575556619938,406.4876647949219,419.386070619163,393.5892589706808,0.06346271703348483
2025-03-03,387.14166259765625,397.4358274187669,384.8197626823639,397.4358274187669,23007700,MSFT,405.2051605224609,419.1312109375,422.7373606872559,-0.02141109532909491,0.010528667121513804,-0.16427585134668646,29.369901432287975,-7.701390556130207,-6.167938556521992,405.2051605224609,420.3666223116143,390.0436987333075,0.07483350789316018
2025-03-04,387.26123046875,391.2174529428098,379.6776572148895,382.069321414226,29342900,MSFT,404.13450317382814,417.8369073486328,422.6138218688965,0.00030884785246687585,0.010428447275424366,-0.16401773973812014,29.941181133748202,-8.176379776721888,-6.569626800561972,404.13450317382814,421.1725729533229,387.09643339433336,0.08431880794976956
2025-03-05,399.628173828125,400.2759422103805,387.4605594414927,387.9887187604894,23433100,MSFT,403.61008911132814,417.12947631835937,422.51610336303713,0.031934369842304466,0.012943248409063452,-0.1373211730573116,44.44931734999333,-7.468807419152995,-6.749462924280176,403.61008911132814,420.5180642274778,386.7021139951785,0.08378370894234963
2025-03-06,395.5125427246094,400.7542663515353,391.3171323240562,392.91158534383527,23304600,MSFT,402.8341430664062,416.3468933105469,422.4081604003906,-0.010298651028757821,0.013070277298343607,-0.1462056012458925,40.49790701398693,-7.1576394501796585,-6.831098229460073,402.8341430664062,419.7324757126444,385.9358104201681,0.08389722141031375
2025-03-07,391.9449462890625,393.42976525122566,384.2019243838628,390.9583919892802,22034100,MSFT,401.7540115356445,415.50151123046874,422.2862432861328,-0.009020185329573605,0.013023196863327044,-0.1539069849560064,39.6323577399644,-7.116872928603925,-6.888253169288843,401.7540115356445,418.53020443504994,384.9778186362391,0.08351474991017985
2025-03-10,378.840576171875,385.05890917094194,375.9107776446238,384.50085520495696,32840100,MSFT,400.32050170898435,414.4208935546875,422.07339126586913,-0.03343421121068091,0.014530520982254302,-0.1821954375248691,32.290925935246946,-8.04919223952561,-7.120440983336197,400.32050170898435,419.72006378481154,380.92093963315716,0.09692015269270336
2025-03-11,379.1296081542969,384.6603339518935,375.6018856955347,377.6846284139058,30380200,MSFT,398.7786178588867,413.2649035644531,421.8436552429199,0.0007629382927840656,0.014395102046763052,-0.18157150310814335,27.993236923403856,-8.664856473250893,-7.429324081319137,398.7786178588867,419.785256980388,377.77197873738544,0.10535489206662915
2025-03-12,381.9397888183594,383.883033194115,377.634805186652,381.6209225427357,24253600,MSFT,397.41603088378906,412.1893835449219,421.6206385803223,0.007412189930887214,0.01460889285343539,-0.17550515564433036,28.584469818835586,-8.824295731905238,-7.708318411436357,397.41603088378906,419.1030840576796,375.7289777098985,0.10914030380537013
2025-03-13,377.4553833007813,383.9826683121219,376.139987768004,381.8301614244045,20473000,MSFT,395.94856719970704,411.17494689941407,421.39263732910155,-0.011741132107371821,0.014721288937323863,-0.1851856585337573,29.918155383612714,-9.206381109952304,-8.007930951139548,395.94856719970704,418.89597373416996,373.00116066524413,0.11591104721886157
2025-03-14,387.21142578125,388.8756431080204,378.19284770158055,378.4618996667495,19952800,MSFT,394.8943161010742,410.46900817871096,421.1977619934082,0.02584687598082147,0.016073559038946302,-0.16412525330248467,40.21299245430104,-8.622559927815587,-8.130856746474755,394.8943161010742,417.38599898506277,372.4026332170856,0.11391241639564025
2025-03-17,387.3509521484375,391.3470139725856,384.2318105649253,385.35789354291256,22474300,MSFT,393.95196533203125,409.8320959472656,421.0027917480469,0.000360336389624738,0.016073519718726004,-0.1638240572140811,43.69173253461663,-8.055757070037487,-8.115836811187302,393.95196533203125,416.02495120165975,371.87897946240275,0.11205927530289082
2025-03-18,382.1889343261719,386.02557849597406,379.7773502731509,385.72663184862864,19486900,MSFT,392.69134216308595,409.1500244140625,420.7877081298828,-0.013326462200840217,0.016207622682464784,-0.1749673243088696,39.37328551513242,-7.931662155092454,-8.079001879968333,392.69134216308595,414.407102152016,370.9755821741559,0.11059963720774597
2025-03-19,386.4739990234375,388.3275289171194,382.6672498124423,384.1919384194473,19185500,MSFT,391.389875793457,408.4587744140625,420.665880279541,0.011211901529332602,0.016143778754621627,-0.1657171391905388,46.790255630059534,-7.40221895921303,-7.943645295817272,391.389875793457,411.13691790620294,371.6428336807111,0.10090727090328099
2025-03-20,385.4974060058594,390.4302384005767,381.9497639905121,384.40121765018193,18470500,MSFT,389.93045806884766,407.6584851074219,420.5368908691406,-0.002526930712145825,0.016023355327764992,-0.16782531417413507,42.73861102931897,-6.980962121003586,-7.751108660854535,389.93045806884766,406.48446472071146,373.37645141698385,0.08490748188201785
2025-03-21,389.9020690917969,390.38038369901005,381.47140919973,381.8899648927027,39675900,MSFT,389.0859008789063,407.05529052734374,420.437900390625,0.011425921464878863,0.015918568858579663,-0.15831695156882844,52.104557559659725,-6.219993330696298,-7.444885594822888,389.0859008789063,403.61753364046814,374.5542681173444,0.07469627004595313
2025-03-24,391.7157287597656,394.0276840634663,388.45708885622673,394.0276840634663,21004500,MSFT,388.5417953491211,406.44480895996094,420.33534591674805,0.004651577438902432,0.015858733478223145,-0.15440179769003945,53.31062816768135,-5.408230192917358,-7.037554514441783,388.5417953491211,401.69251806404554,375.3910726341967,0.06769270576468074
2025-03-25,393.7885437011719,394.98436068056907,391.2773006739415,392.552857032296,15775000,MSFT,388.40527191162107,405.9873693847656,420.20382202148437,0.005291630611742537,0.015574414108646373,-0.1499272043574615,44.875863136409954,-4.545248420779842,-6.539093295709395,388.40527191162107,401.2606763883767,375.54986743486546,0.06619582897773214
2025-03-26,388.6165466308594,393.9380096391845,387.2214116418782,393.6290879777552,16108400,MSFT,387.9189651489258,405.46149780273436,420.0439122009277,-0.013133944989108914,0.015788315666177707,-0.16109201369216863,44.05906441727468,-4.22990636080209,-6.077255908727934,387.9189651489258,399.8974933066751,375.9404369911765,0.061757888806238746
2025-03-27,389.2243957519531,390.878638018693,386.055439916328,388.7759758195498,13766800,MSFT,387.8218032836914,404.97801696777344,419.8903605651856,0.0015641359750724337,0.015284524101422094,-0.15977984753100896,47.5302844687204,-3.8861500436291294,-5.639034735708173,387.8218032836914,399.7206391157076,375.92296745167516,0.061362387216338334
2025-03-28,377.48529052734375,387.77945533191945,375.6217855831935,386.7330813092454,21632000,MSFT,386.91546020507815,404.04811706542966,419.65819900512696,-0.030160250366450647,0.016418208323197406,-0.18512109769241106,48.73839958274292,-4.508991521953874,-5.413026092957314,386.91546020507815,399.0744136140945,374.7565067960618,0.06285069819940362
2025-03-31,374.087158203125,375.761320171641,365.96541986866765,371.2470435423123,35184700,MSFT,386.2627349853516,403.0846661376953,419.3852191162109,-0.009002025799393687,0.015880219331309432,-0.19245665859436556,45.56294627392323,-5.216664301240542,-5.3737537346139606,386.2627349853516,399.70449132026437,372.8209786504388,0.06959903256224051
2025-04-01,380.863525390625,381.52123836039385,371.9346316172352,373.3496861547736,19689500,MSFT,385.94284973144534,402.16822814941406,419.10460784912107,0.0181144074018722,0.016480262847587857,-0.17782848951347477,49.11474369562063,-5.171094716764401,-5.333221931044049,385.94284973144534,399.58752714367523,372.29817231921544,0.07070827933060253
2025-04-02,380.813720703125,383.74348886180815,375.3128595122782,376.6581801475031,16092600,MSFT,385.0021270751953,401.26133605957034,418.8211714172363,-0.00013076780573539892,0.01458925166090807,-0.1779360030778393,52.979698862122476,-5.080435220046468,-5.282664588844533,385.0021270751953,397.19066776446545,372.81358638592513,0.06331674467289161
2025-04-03,371.8150329589844,376.16989155085776,368.0681034665444,373.4892252977989,30198000,MSFT,383.81725158691404,399.82240417480466,418.4878373718262,-0.023630156307198336,0.01526263562264683,-0.1973615038196302,36.153397311089876,-5.669353038731117,-5.360002278821851,383.81725158691404,396.3073698307453,371.3271333430828,0.06508367298338032
2025-04-04,358.5910949707031,373.28990195338014,358.2323590249941,362.86621412703136,49209900,MSFT,382.1495590209961,398.1088507080078,418.0596517944336,-0.035565904592512854,0.016884276513599472,-0.22590806799705918,29.062633718561287,-7.121048912392723,-5.712211605536025,382.1495590209961,398.4085814027812,365.890536639211,0.08509245659441822
2025-04-07,356.61798095703125,369.7123913004176,343.5933653790687,349.66222551139305,50425000,MSFT,381.0384292602539,396.4085443115234,417.6316566467285,-0.005502406616742839,0.0154411597591956,-0.23016743656567945,30.477741509341655,-8.334665328319204,-6.236702350092661,381.0384292602539,400.8900367300494,361.1868217904584,0.10419740343951828
2025-04-08,353.3294372558594,372.35317854006513,349.0343982710952,366.98190125867967,35868900,MSFT,379.74842071533203,394.8314288330078,417.1903890991211,-0.009221474734242618,0.01547772667139813,-0.23726642809898627,24.30465685079973,-9.452856430026657,-6.879933166079461,379.74842071533203,403.1567962512991,356.34004517936495,0.12328359650250936
2025-04-09,389.1347351074219,391.8652461990382,351.8745186247924,352.3129939705509,50199700,MSFT,380.10816802978513,393.7190008544922,416.90793670654296,0.10133686604106673,0.028063877034571368,-0.15997339829822893,51.83104286546503,-7.364944143433149,-6.976935361550199,380.10816802978513,403.87672158476244,356.33961447480783,0.1250620510376131
2025-04-10,380.0264587402344,382.56759631800514,366.5234683324548,380.7339860356081,38024400,MSFT,380.2367218017578,392.52127563476563,416.5903953552246,-0.023406485069170535,0.02846735636732024,-0.17963546840866748,45.25336953792212,-6.371770590425513,-6.855902407325262,380.2367218017578,403.9726530102995,356.50079059321615,0.12484817929246066
2025-04-11,387.101806640625,388.6962291414208,377.57498926356885,379.3189154840166,23839200,MSFT,380.2312408447266,392.00886901855466,416.29198226928713,0.018618040238158606,0.028175799132590607,-0.16436188854954187,47.88912403722673,-4.956615175468983,-6.476044960954007,380.2312408447266,403.960440434326,356.50204125512715,0.12481457092732486
2025-04-14,386.4640197753906,393.2802764387861,382.8765082652718,391.8552468593249,19251200,MSFT,380.18689422607423,391.482314453125,415.9843859863281,-0.0016475946489872273,0.02817933149148789,-0.16573868143045745,46.60443419780837,-3.842267119661642,-5.949289392695534,380.18689422607423,403.8633259861404,356.51046246600805,0.12455154093758547
2025-04-15,384.3912658691406,390.5298901348079,382.8267075366503,387.1616161645613,17199900,MSFT,380.29701080322263,390.9966522216797,415.6630078125,-0.0053633813244883255,0.028033317325440146,-0.1702131430062163,47.983255899589004,-3.090763773648348,-5.377584268886098,380.29701080322263,404.0330585049222,356.56096310152304,0.12482899958412427
2025-04-16,370.32025146484375,380.2855448116978,366.7227951642272,379.3488352158224,21967800,MSFT,379.489323425293,390.2007281494141,415.3005023193359,-0.036605968068710304,0.02910347170640322,-0.20058829419716617,42.00455215109403,-3.5892308051927557,-5.01991357614743,379.489323425293,403.4387577786896,355.53988907189637,0.12621927877826764
2025-04-17,366.5035400390625,373.02085009277744,365.61664478749583,372.4528211002609,21120200,MSFT,378.5396301269531,389.3101696777344,414.8704649353027,-0.0103065155380615,0.02916639684326759,-0.20882744336433132,45.02168131455836,-4.2433317464343645,-4.864597210204817,378.5396301269531,402.98711775771534,354.0921424961909,0.12916738795651658
2025-04-21,357.87359619140625,363.2150090361753,354.43558836453434,361.5607667541322,20807300,MSFT,376.9382064819336,388.1966900634766,414.38464553833006,-0.02354668619772804,0.029358395941821443,-0.2274569352836856,42.98281808364733,-5.3958755059503005,-4.970852869353914,376.9382064819336,402.42573544475687,351.45067751911034,0.13523452133284802
2025-04-22,365.5469055175781,366.4935901583944,358.611039306251,362.1188421014038,19485000,MSFT,375.62976531982423,387.35741271972654,413.92981155395506,0.021441395531364815,0.0298511764233423,-0.21089253386809034,43.42208215519847,-5.625258328486666,-5.101733961180464,375.62976531982423,400.6047563371166,350.65477430253185,0.1329766345647705
2025-04-23,373.0906372070313,379.069813295219,371.7253664544321,374.75482418771264,20545500,MSFT,374.59486999511716,386.6198797607422,413.4790599060059,0.020636836410287795,0.030270927767354353,-0.19460785217938942,46.88380420434623,-5.139089540962061,-5.109205077136784,374.59486999511716,398.07206659140684,351.1176733988275,0.1253471335397396
2025-04-24,385.9557800292969,387.101813036712,373.8878249819962,374.3960646492269,22232300,MSFT,374.4618316650391,386.15516479492186,413.0991729736328,0.03448262041249395,0.031229328293655212,-0.16683582046288806,55.53302687965579,-3.6733437467838144,-4.82203281106619,374.4618316650391,397.6326299261943,351.2910334038839,0.12375519373030133
2025-04-25,390.4900207519531,390.7989424087168,383.2651831703409,385.6568474598527,18973200,MSFT,374.5251129150391,385.8288720703125,412.7751477050781,0.0117480834781436,0.03133720663366033,-0.15704773813068695,63.39219456596162,-2.1214001324802894,-4.2819062753490105,374.5251129150391,397.8719145394905,351.17831129058766,0.12467415839080266
2025-04-28,389.8024291992188,391.3769322112989,385.2981274275963,390.59964052478745,16579400,MSFT,375.14096984863284,385.45899169921876,412.41444442749025,-0.001760842828736675,0.03050161724116479,-0.1585320445759669,64.08392109808653,-0.9361650014637348,-3.6127580205719556,375.14096984863284,399.44667890305675,350.8352607942089,0.12958173597637776
2025-04-29,392.6724243164063,393.7287429695286,389.0251233321368,389.9419132819562,14974000,MSFT,376.0702331542969,385.18848083496096,412.1253076171875,0.007362691718169723,0.0304093321600735,-0.15233657542946122,66.75722111029457,0.2320520478714343,-2.8437960068832777,376.0702331542969,401.5967574852058,350.543708823388,0.13575402720286925
2025-04-30,393.88818359375,395.2833185411371,383.10572919383554,388.9453763349202,36461100,MSFT,376.7214660644531,384.91821655273435,411.8479466247559,0.0030961157495594804,0.030197318096486236,-0.14971211135032295,52.87038425972167,1.2416609941429897,-2.0267046066780243,376.7214660644531,403.4013933992901,350.04153872961615,0.14164272407175393
2025-05-01,423.9235534667969,435.47332427714,423.4252888222868,429.6137271918364,58938100,MSFT,378.87695770263673,385.14662109375,411.71873138427736,0.07625354383320349,0.03443335493077044,-0.08487464656233283,71.15957071852692,4.41449909298467,-0.7384638667454856,378.87695770263673,412.9032806565471,344.85063474872635,0.17961674502578798
2025-05-02,433.769287109375,437.9148527865164,428.497638419409,430.2415647531947,30757400,MSFT,381.97467041015625,385.5282916259766,411.6607397460937,0.023225257389123177,0.033906887537539954,-0.06362062468543059,71.90980359119048,7.635447875895522,0.936318481782716,381.97467041015625,423.70282869717147,340.24651212314103,0.2184865202826586
2025-05-05,434.65618896484375,437.97461808249534,430.6102521137275,431.367624097433,20136100,MSFT,385.7779251098633,386.08555114746093,411.6369055175781,0.002044639585663255,0.03235557182161485,-0.06170606634746381,72.57282531786704,10.142719601679062,2.777598705761985,385.7779251098633,432.1406643284778,339.4151858912488,0.2403597313423837
2025-05-06,431.8061218261719,436.2107948487266,429.6735648726689,430.6999888667604,15104200,MSFT,389.53733215332034,386.669716796875,411.6144253540039,-0.006557060985279972,0.03238326225627291,-0.06785851689254177,72.0481887360944,11.764163950114835,4.574911754632555,389.53733215332034,438.08632372156495,340.9883405850757,0.24926489740981195
2025-05-07,431.8459777832031,436.5994115910065,429.6137314736212,432.3342674079582,23295300,MSFT,393.4631591796875,387.37625610351563,411.6082940673828,9.230058356446413e-05,0.03215709254068148,-0.06777247968968635,82.90344471235531,12.903641177511588,6.2406576392083615,393.4631591796875,442.38100491958613,344.5453134397889,0.2486527371044602
2025-05-08,436.6492614746094,442.1301726837614,434.147963172883,436.4100737600986,23491300,MSFT,395.83888549804686,388.1423876953125,411.5972981262207,0.011122677849317864,0.024061253114711207,-0.05740361329900629,87.12163080100433,14.03251187888884,7.799028487144458,395.83888549804686,448.35447098792577,343.32330000816796,0.2653381838613631
2025-05-09,437.2073059082031,439.2103090991504,434.3671913522403,438.4728871570268,15324200,MSFT,398.6979278564453,389.06318115234376,411.5796307373047,0.0012780152924320998,0.02308420379918591,-0.05619896070221114,95.90591537695697,14.801556435879775,9.19953407689152,398.6979278564453,453.75348414185515,343.6423715710354,0.27617678667862605
2025-05-12,447.7007751464844,447.8103787748487,438.2536661790282,444.39229048229146,22821900,MSFT,401.7278762817383,390.1049536132812,411.6934440612793,0.024001129662010845,0.023254108122550195,-0.03354666958288426,96.03531220009705,16.072491382036105,10.574125537920438,401.7278762817383,460.6318839839864,342.8238685794902,0.2932532750649237
2025-05-13,447.5812072753906,449.1058959658508,443.8142971336702,446.2259115440581,23618800,MSFT,404.78373565673826,391.3137445068359,411.85867462158205,-0.0002670709494630996,0.02322740360243795,-0.03380478119145056,95.52933741751346,16.87553766201961,11.834407962740272,404.78373565673826,466.6218387178897,342.9456325955868,0.30553650067398436
2025-05-14,451.3679809570313,452.3246405642177,446.5846525094385,446.5846525094385,19902800,MSFT,408.1325714111328,392.59587951660154,412.00880645751954,0.008460528771286668,0.02302555476455434,-0.025630258744041175,94.97127069829436,17.61446996809741,12.9904203638117,408.1325714111328,472.522358557231,343.74278426503463,0.3155336851624863
2025-05-15,452.3863220214844,455.44129747226026,449.6907411096269,450.0301794411029,21992300,MSFT,412.23587493896486,393.65104248046873,412.1567971801758,0.0022561216289509467,0.02054139959972811,-0.02343196209619829,94.71581173403749,18.07390601967495,14.007117494984351,412.23587493896486,476.9385848439018,347.5331650340279,0.31391110690944485
2025-05-16,453.5244445800781,453.6142932166669,447.9935587223261,451.308086808409,23849800,MSFT,416.5869201660156,394.8112805175781,412.32935256958007,0.0025158200042567636,0.02006040570620594,-0.02097509269092222,95.7370367303774,18.318683004705633,14.869430596928607,416.5869201660156,480.0323145311612,353.14152580087,0.304596190105353
2025-05-19,458.1168823242188,458.83570185482216,450.0601197660991,450.140005529217,21336500,MSFT,421.5990844726563,396.13471923828126,412.5475091552734,0.010126108524079358,0.018358553153261938,-0.01106138023173377,95.83989924338485,18.668048234621722,15.629154124467231,421.5990844726563,481.23889515784816,361.9592737874644,0.2829219174410231
2025-05-20,457.4180603027344,457.5877642352693,453.5743728670407,454.8422775622727,15441800,MSFT,426.19264221191406,397.7062689208984,412.7683145141602,-0.0015254229836260125,0.01849276320198144,-0.012569929931723617,94.82344693288104,18.673279655381975,16.237979230650183,426.19264221191406,481.66087901747994,370.7244054063482,0.26029654814165293
2025-05-21,451.8272399902344,457.02868069868646,451.06847756848606,453.8239575485261,19216900,MSFT,430.12947235107424,399.1602215576172,413.0038673400879,-0.012222561367165596,0.019081995324920657,-0.024638854558917695,80.05422163553692,18.01858607514714,16.594100599549577,430.12947235107424,480.6879995299011,379.5709451722474,0.2350851565807641
2025-05-22,454.1134643554688,459.49463285512667,453.1550484484722,454.2033434579146,18025600,MSFT,433.5373565673828,400.6036950683594,413.3169354248047,0.005059952483794206,0.018191226218195525,-0.019703573508446807,76.17440441507895,17.48268636962399,16.77181775356446,433.5373565673828,480.62836692265216,386.44634621211344,0.21724084276437763
2025-05-23,449.441162109375,452.9454112846908,448.17325738802526,449.24150862772166,16883500,MSFT,436.4849136352539,402.04341064453126,413.5845478820801,-0.010288843235963685,0.01863436444418363,-0.02978968976539381,67.3336701266695,16.490869767379024,16.715628156327373,436.4849136352539,479.4280131333094,393.54181413719846,0.19676785225131796
2025-05-27,459.9338989257813,460.1934819526082,455.3713920868909,455.7308170830738,20974300,MSFT,439.99148712158205,403.4978601074219,413.91046951293947,0.023346185665684027,0.01884249119623545,-0.007138979727895694,77.96513077929924,16.362902776417457,16.64508308034539,439.99148712158205,478.0612317866705,401.92174245649363,0.17304764196298497
2025-05-28,456.609375,461.7609101640183,456.1800880198718,460.4630558858422,17086300,MSFT,443.1883346557617,404.8830285644531,414.1986653137207,-0.007228264612688995,0.01916724948233263,-0.014315641906046847,73.11076060586885,15.810967723591261,16.478260008994564,443.1883346557617,474.7006204445161,411.6760488670073,0.14220719872164952
2025-05-29,457.9272155761719,460.9622349154345,454.56275123248776,460.7925005105856,13974800,MSFT,446.3902862548828,406.3977941894531,414.4769543457031,0.0028861443683056986,0.0191699839709266,-0.01147081454700688,71.23971121333034,15.303484890859806,16.243304985367615,446.3902862548828,468.3881070772867,424.39246543247896,0.09855868955823742
2025-05-30,459.60443115234375,460.9222720478794,454.79236501090486,458.9654973792759,34770500,MSFT,448.17433013916013,407.86040283203124,414.75971557617186,0.0036626247995799055,0.010361167000290291,-0.007850203037258193,71.86826402260265,14.865280667407433,15.96770012177558,448.17433013916013,468.1993033161898,428.14935696213047,0.08936242810163546
2025-06-02,461.2118225097656,461.3515769006255,456.1401731404802,456.3897628439735,16626500,MSFT,449.5464569091797,409.3746911621094,415.01484649658204,0.003497336510424276,0.009332532020272948,-0.004380321328530358,65.96178084917973,14.480778313814255,15.670315760183316,449.5464569091797,469.1722410835613,429.92067273479813,0.08731370861786819
2025-06-03,462.2101745605469,463.3782677615003,460.1036216507913,460.7126363614999,15743800,MSFT,450.92415618896484,410.8208532714844,415.26085083007814,0.0021646280560383424,0.009331847607007367,-0.00222517503893414,66.93092876720057,14.094147535832747,15.355082115313204,450.92415618896484,470.0098506408241,431.8384617371056,0.08465146162567154
2025-06-04,463.1086730957031,464.9256933509807,462.2600620562611,463.2384646092932,14162700,MSFT,452.4892837524414,412.24871215820315,415.48693084716797,0.0019439176907138922,0.009057492531420604,-0.00028558290534326606,64.56169090467259,13.702289715023994,15.024523635255363,452.4892837524414,470.04654920866136,434.93201829622143,0.07760301110611766
2025-06-05,466.9124145507813,468.8791825139859,463.2684111938008,464.1968775224098,20131700,MSFT,454.2426055908203,413.7111895751953,415.7447341918945,0.008213496477299076,0.009076622506643095,0.0,66.85199491031798,13.542559518897747,14.728130811983842,454.2426055908203,470.03481773034326,438.4503934512973,0.06953206037986022
2025-06-06,469.6080017089844,472.5631351284868,468.0106215882427,469.31846913564885,15285600,MSFT,455.8905426025391,415.3310186767578,416.0008294677734,0.005773218004486935,0.008931799421780982,0.0,68.00808307774722,13.478116209551217,14.47812789149732,455.8905426025391,470.80699090999957,440.9740942950786,0.06543872668341423
2025-06-09,471.97412109375,472.6529977632414,467.8508943889836,468.92913895111,16469900,MSFT,457.6288833618164,416.98601318359374,416.2525273132324,0.005038498867470098,0.008918085554475513,0.0,66.32946189166466,13.462779935662184,14.275058300330294,457.6288833618164,471.44008121998104,443.8176855036518,0.06035981713700115
2025-06-10,470.1471252441406,472.0240141385288,466.19360257943936,470.4166711436691,15375900,MSFT,458.7512008666992,418.83924987792966,416.4983654785156,-0.003870966156736544,0.0077015651198844475,-0.00387096615673653,64.61150968248177,13.151599084234249,14.050366457111085,458.7512008666992,472.81126562863165,444.69113610476677,0.06129712460858676
2025-06-11,471.8443298339844,474.68965849935887,468.8891963253199,469.2485908678973,16399200,MSFT,459.96435699462893,420.79439331054687,416.79531951904295,0.0036099435659899815,0.007677614456589121,-0.00027499656011826986,75.23285533809212,12.893310189749968,13.818955203638861,459.96435699462893,474.1528034715168,445.77591051774107,0.061693678047551596
2025-06-12,478.0840759277344,479.6315503555016,472.7428502291372,474.2403884361742,18950600,MSFT,461.30016174316404,422.7388043212891,417.11731872558596,0.01322416250280134,0.007936213555834801,0.0,77.47772834351193,13.041772309074247,13.66351862472594,461.30016174316404,477.02791870500823,445.57240478131985,0.0681888204955838
2025-06-13,474.1804809570313,478.3935562569989,471.9841099060599,475.62811338522215,16814500,MSFT,462.3898696899414,424.6061395263672,417.4361770629883,-0.00816508051042708,0.008314436880114098,-0.008165080510427046,78.86765415990669,12.698066709069053,13.470428241594563,462.3898696899414,478.53179240052356,446.24794697935926,0.06981953441759536
2025-06-16,478.3536376953125,479.90108160832807,474.2204177457221,474.4300645574067,15626100,MSFT,463.63132934570314,426.7369116210937,417.77416427612303,0.008800777142615734,0.008437382749750809,0.0,75.21181874230373,12.61697577412366,13.299737748100382,463.63132934570314,480.6952316067953,446.567427084611,0.07360978942114839
2025-06-17,477.2554321289063,477.9542649832925,473.30190948641297,474.6197503672441,15414100,MSFT,464.5882568359375,429.1101983642578,418.1227394104004,-0.0022958026862663905,0.008318501415112622,-0.00229580268626638,80.0930909504994,12.322053648579981,13.104200928196303,464.5882568359375,482.47669743197144,446.69981623990356,0.07700771740492349
2025-06-18,479.4518127441406,480.2105751696819,473.68130019053103,477.21549881727225,17526500,MSFT,465.6899444580078,431.566875,418.4697904968262,0.0046021071052808615,0.008291472461659316,0.0,80.59018953029468,12.125776891052169,12.908516120767477,465.6899444580078,484.4135390388333,446.9663498771823,0.0804122777553932
2025-06-20,476.6164855957031,482.666537493529,476.0873566497709,481.4385756672578,37576200,MSFT,466.9294067382813,434.03261596679687,418.7827146911621,-0.005913685323681417,0.007812562604360515,-0.005913685323681468,73.4065950676816,11.607633369568873,12.648339570527757,466.9294067382813,485.06173386165165,448.7970796149109,0.07766624616784408
2025-06-23,485.2023620605469,486.9494899074728,471.7345120072702,477.425138713905,24864000,MSFT,468.48385162353514,435.9539685058594,419.17678131103514,0.01801422469496128,0.008522952967355352,0.0,77.69068736922951,11.754312968228305,12.469534250067868,468.48385162353514,487.3073400403284,449.66036320674186,0.08035917716933169
2025-06-24,489.30560302734375,491.0427680081874,486.0010379300524,488.1475336634371,22305600,MSFT,470.4770736694336,438.1395513916016,419.5940440368652,0.008456762142235563,0.007955922969196168,0.0,79.18276951718087,12.062604662897115,12.388148332633719,470.4770736694336,489.2527593851093,451.7013879537579,0.07981551818981034
2025-06-25,491.4620666503906,493.7483167920849,488.5868189509033,491.2324636297239,17495100,MSFT,472.05348205566406,440.22675659179686,420.02462005615234,0.004407191762580975,0.006575486450823659,0.0,79.731981935854,12.338703747876139,12.378259415682203,472.05348205566406,492.3357553927838,451.7712087185443,0.08593209925619444
2025-06-26,496.6335754394531,497.2226034494893,492.0011761864687,492.1709105807123,21578900,MSFT,474.05469207763673,442.4301477050781,420.5142544555664,0.010522701831922499,0.006264410226858485,0.0,80.29716578182263,12.826950697937377,12.46799767213324,474.05469207763673,495.7684961888027,452.34088796647075,0.09160885642119065
2025-06-27,495.1260681152344,498.4805390751374,492.2208403370186,496.73341116664807,34539200,MSFT,475.91463470458984,444.64484375,420.97640106201175,-0.003035451888013796,0.006467835360854237,-0.0030354518880138363,76.65833503366673,12.943047288811897,12.563007595468973,475.91463470458984,498.1776263272113,453.65164308196836,0.09355876032869041
2025-06-30,496.5936584472656,499.9381665482639,494.5170550643952,496.2242705630272,28369000,MSFT,477.76409606933595,447.1703118896484,421.40380142211916,0.002964074054145005,0.006471254863310383,-8.037513805259521e-05,76.21174401852792,13.003579774943205,12.651122031363819,477.76409606933595,500.4634256081852,455.0647665304867,0.09502317032862599
2025-07-01,491.242431640625,497.2325843953567,490.1742108879921,495.655190908974,19945400,MSFT,479.26562652587893,449.6650897216797,421.7605751037598,-0.010775866174716486,0.007257047066707528,-0.010855375201037699,70.8918076427185,12.475938076938746,12.616085240478805,479.26562652587893,501.3185714908394,457.21268156091844,0.09202806854653364
2025-07-02,490.2840270996094,492.6900755013178,487.8979653734086,489.1858263089447,16319600,MSFT,480.66931915283203,452.31329833984375,422.09290451049804,-0.001950980777077449,0.00734528647371932,-0.012785177349769927,68.53301843388654,11.843913728199595,12.461650938022963,480.66931915283203,501.7015673865035,459.6370709191606,0.08751233913052857
2025-07-03,498.0213012695313,499.3091926553608,492.6301698307581,492.99955771280014,13984800,MSFT,482.4149505615234,454.9627862548828,422.4461039733887,0.01578120791675297,0.007875298572239092,0.0,69.45256163423409,11.830983032876986,12.335517356993769,482.4149505615234,503.1029021810557,461.72699894199116,0.08576828556184596
2025-07-07,496.9031372070313,497.9314455400232,494.41723357438383,496.56369887519327,13981600,MSFT,483.91448669433595,457.4390362548828,422.7899905395508,-0.0022452133265176144,0.007904908333093328,-0.0022452133265176235,73.44459642255293,11.596827855967547,12.187779456788526,483.91448669433595,504.2152029520968,463.6137704365751,0.08390208111535107
2025-07-08,495.804931640625,497.3823555722493,493.2990413573122,496.4239092084173,11846600,MSFT,485.22433319091795,459.6360192871094,423.10947784423826,-0.0022100998850179687,0.00796664171616081,-0.004450351065820772,69.22567960473054,11.193609220829671,11.988945409596756,485.22433319091795,505.0124680953901,465.4361982864458,0.08156283001861013
2025-07-09,502.68365478515625,505.94827712953634,498.919822567675,499.4789010645568,18659500,MSFT,486.75980987548826,461.87989196777346,423.48489700317384,0.013873849785578818,0.00833671815570963,0.0,74.84880150590114,11.298864737925555,11.850929275262516,486.75980987548826,506.97999187879475,466.53962787218177,0.08308073753450908
2025-07-10,500.656982421875,503.6121159415126,496.93309312638246,502.22438258392543,16492100,MSFT,488.285302734375,464.09698303222655,423.8110765075684,-0.004031705316035028,0.008343957525427112,-0.004031705316035065,70.79093715721255,11.09089602589654,11.698922625389322,488.285302734375,507.8202776096605,468.75032785908957,0.0800145929680476
2025-07-11,502.4939575195313,504.2011425332065,496.9829974553982,497.6519112557523,16459500,MSFT,489.81778411865236,466.29341369628906,424.16341354370115,0.0036691290886829986,0.008344127910608212,-0.0003773690746042231,75.87859337166097,10.948104922827554,11.54875908487697,489.81778411865236,508.72076468605394,470.91480355125077,0.07718372496994748
2025-07-14,502.1944274902344,503.14288052756655,500.2077032480772,500.6968893054946,12058800,MSFT,491.02330169677737,468.45953857421875,424.52298721313474,-0.000596086828139164,0.008035500743622227,-0.0009732309580087055,70.3685683807895,10.687572689620765,11.376521805825728,491.02330169677737,509.85059791482087,472.19600547873387,0.07668595829560024
2025-07-15,504.9898376464844,507.465747883617,501.9648118083004,502.1944148249749,14927200,MSFT,492.56376953125,470.0808642578125,424.918076171875,0.00556639023300276,0.007654455202359956,0.0,69.40942499964112,10.584651975901863,11.218147839840956,492.56376953125,510.6142329262152,474.51330613628477,0.07329188426563735
2025-07-16,504.7901611328125,505.88836188358,501.066302385086,504.3508808325056,15154400,MSFT,493.885595703125,471.50128173828125,425.2975764465332,-0.00039540699393569856,0.007574848110789203,-0.00039540699393570284,67.33313383504233,10.367464663767578,11.048011204626281,493.885595703125,511.41904435599616,476.3521470502538,0.07100206527752453
2025-07-17,510.8601989746094,512.5274410723513,504.7901605415637,504.85005963085433,17503100,MSFT,495.56583404541016,473.0253619384766,425.7113970947266,0.012024873520068091,0.007750538011464421,0.0,68.0791455629929,10.56337546171153,10.951084056043332,495.56583404541016,512.8276839851807,478.30398410563964,0.06966521399935234
2025-07-18,509.212890625,513.7953843002441,506.59719545986655,513.6356127696338,21209700,MSFT,497.05388793945315,474.5734973144531,426.1333088684082,-0.0032245775907299157,0.007885005296014025,-0.003224577590729962,67.83810500590862,10.465077267405718,10.85388269831581,497.05388793945315,513.5823885804496,480.52538729845674,0.0665058700557223
2025-07-21,509.2228698730469,511.2495674173143,504.7202620876888,505.8783619126309,14066800,MSFT,498.6842071533203,476.12103515625,426.5439553833008,1.9597398712045688e-05,0.007637948533291873,-0.0032050433853506722,66.60532803461703,10.269598938179513,10.73702594628855,498.6842071533203,513.0104563469104,484.35795795973024,0.057456197682175476
2025-07-22,504.4407348632813,510.3610256433726,504.4407348632813,510.1313921533716,13868600,MSFT,499.64612579345703,477.47686462402345,426.978383026123,-0.009391045243034357,0.007318742915312524,-0.012565989920947289,67.61723587303655,9.617933079024624,10.513207372835767,499.64612579345703,512.6866976291604,486.60555395775367,0.05219923126590631
2025-07-23,505.0397644042969,505.9582679116736,499.8782664381748,505.9183250285286,16396600,MSFT,500.4328338623047,478.8335137939453,427.43347320556643,0.0011875122281270745,0.007158467177635046,-0.011393399959509833,69.88690954079411,9.045548416815905,10.219675581631794,500.4328338623047,512.723653502107,488.1420142225024,0.049120756305866896
2025-07-24,510.0415344238281,512.826933461713,506.4673929575042,507.93498157135946,16107000,MSFT,501.36180725097654,480.0803289794922,427.91650009155273,0.009903715255829226,0.0073738591315017565,-0.0016025216926753361,67.48976711926079,8.893017319300895,9.954343929165615,501.36180725097654,513.6062285904634,489.1173859114897,0.048844651357168166
2025-07-25,512.866943359375,517.4393829887753,509.5224046731241,511.6289272082179,19125700,MSFT,502.17347564697263,481.3860437011719,428.4160363769531,0.005539566378135463,0.007147266439801122,0.0,72.12839581376842,8.897556718450403,9.742986487022574,502.17347564697263,515.223853139539,489.12309815440625,0.051975574678662456
2025-07-28,511.6588745117188,514.1547714605564,509.2827757416266,513.2362984451797,14308000,MSFT,503.0001159667969,482.5918615722656,428.9418893432617,-0.0023555209851177095,0.007125472314219081,-0.002355520985117728,71.90937692418004,8.703346405510047,9.535058470720069,503.0001159667969,516.2636300653785,489.73660186821525,0.05273761845198918
2025-07-29,511.728759765625,516.7704593446111,510.7204076628311,514.6839236482208,16469200,MSFT,503.75687103271486,483.7787103271484,429.442434387207,0.0001365856381809749,0.007126446605609606,-0.0022192570772736554,65.39755501019272,8.457578785648934,9.319562533705842,503.75687103271486,517.2071051506301,490.3066369147996,0.05339970486295081
2025-07-30,512.3976440429688,515.1032182392812,508.6038929137552,514.3244691518986,26380400,MSFT,504.814631652832,484.95617431640625,429.93267639160155,0.0013071070651766714,0.006514532400340544,-0.0009150508187021202,70.9549155415343,8.22200143283186,9.100050313531046,504.814631652832,517.421992944462,492.2072703612021,0.049948478118994714
2025-07-31,532.6243896484375,554.5383762548963,531.0270400328567,554.3187056451394,51617300,MSFT,506.93164978027346,486.44632446289063,430.5320915222168,0.03947470453976676,0.010509331291272652,0.0,82.46543054475916,9.557263823706705,9.191493015566177,506.93164978027346,523.0077861323998,490.8555134281471,0.06342526200167009
2025-08-01,523.2498168945312,534.9206337229102,520.0051507892547,534.1219588686084,28977600,MSFT,508.1930755615234,487.76295959472657,431.08225189208986,-0.01760072001226609,0.011201549809484854,-0.01760072001226606,68.97602936961931,9.746665718539816,9.302527556160905,508.1930755615234,525.2543559935839,491.13179512946294,0.0671448756487237
2025-08-04,534.7609252929688,537.3666271513684,527.2632409127965,527.4030257699867,25349000,MSFT,510.0859649658203,489.42163330078125,431.67597259521483,0.021999259295981233,0.011944502496713211,0.0,73.18815191043251,10.702249460309645,9.582471936990654,510.0859649658203,530.0300549902026,490.141874941438,0.07819893662715745
2025-08-05,526.8838500976562,536.4181643311854,526.374677366439,536.2983661514853,19171600,MSFT,511.63991088867186,490.877041015625,432.2322932434082,-0.014730087451690799,0.012583983552587998,-0.014730087451690762,65.37016231144133,10.70059255340567,9.806096060273656,511.63991088867186,531.7413275772761,491.53849420006753,0.07857642166221933
2025-08-06,524.0784912109375,530.8274067099719,523.1700114791388,530.0287318260303,21355700,MSFT,512.7096527099609,492.3697875976562,432.7875895690918,-0.0053244351410633994,0.012451942998144264,-0.019976093197495458,59.633294412010045,10.353561019387598,9.915589052096445,512.7096527099609,533.0795729071003,492.3397325128214,0.07945986618146508
2025-08-07,519.9852294921875,527.2233308658066,516.7005900083886,525.9354090023164,16079100,MSFT,513.6760650634766,493.57081420898436,433.3194418334961,-0.007810398227357296,0.012578838776254665,-0.027630470181953526,57.5804651857986,9.637152916659602,9.859901825009077,513.6760650634766,533.4640089298548,493.8881211970984,0.07704444575953885
2025-08-08,521.1832275390625,523.7989228282858,518.5575389118288,521.7423060527517,15531000,MSFT,514.6105285644531,494.86229125976564,433.85013763427736,0.002303907839930286,0.012572835797220199,-0.025390220398896404,58.27806064794614,9.061606208385115,9.700242701684285,514.6105285644531,533.9347781259554,495.2862790029509,0.07510242596632752
2025-08-11,520.9136962890625,526.7241518809952,518.8670119786243,521.4427947726738,20194400,MSFT,515.5464920043945,496.12202087402346,434.37640914916994,-0.0005171525785138131,0.012572022802307936,-0.025894242359461934,62.16099063953419,8.485912064199852,9.457376574187398,515.5464920043945,534.138093144686,496.954890864103,0.07212385857969532
2025-08-12,528.3713989257812,530.1085334795151,521.8421543429575,522.8904188907295,18667000,MSFT,516.7155700683594,497.4973602294922,434.89664413452147,0.014316580058936212,0.012855186335070712,-0.01194837929433045,65.64047234152417,8.533080542605603,9.272517367871039,516.7155700683594,535.4521184921474,497.97902164457145,0.0725217102372557
2025-08-13,519.7256469726562,531.825750889051,518.5176108745642,531.236692379076,19619200,MSFT,517.4623443603516,498.66763671875,435.3880920410156,-0.016363020350273483,0.013513219804034748,-0.028115888071057967,56.18940621848773,7.783103205578868,8.974634535412605,517.4623443603516,535.3698166043278,499.55487211637546,0.06921265842488318
2025-08-14,521.6224975585938,525.0868343553949,519.2863720398742,521.7023833261101,20269100,MSFT,518.0004592895508,499.85588317871094,435.88837890625,0.003649715185283675,0.01329944007788574,-0.02456878786941494,55.663154969211135,7.258133507292769,8.631334329788638,518.0004592895508,535.7183991585057,500.2825194205959,0.06840897358761201
2025-08-15,519.3162841796875,525.2365445998882,518.2281072023833,521.9120536418995,25213300,MSFT,518.5056289672851,500.98003540039065,436.36016235351565,-0.004421230659529152,0.013322714714218292,-0.028881394250748413,54.883493535722614,6.580147251830567,8.221096914197023,518.5056289672851,535.7381057831288,501.2731521514414,0.06646977719476595
2025-08-18,516.2512817382812,521.9619254356152,513.176380682391,520.7339636806648,23760600,MSFT,518.8570495605469,501.9668127441406,436.82436264038085,-0.005901995633061485,0.01341269490772721,-0.03461293202106529,52.7780964657133,5.729472386819793,7.722772008721577,518.8570495605469,535.571331245134,502.14276787595975,0.06442730882713664
2025-08-19,508.933349609375,514.314487646487,507.7153506663982,514.1547770514178,21481000,MSFT,519.0816802978516,502.7533197021484,437.2253729248047,-0.014175136000177835,0.013644113132528756,-0.04829742500247959,48.0326592634751,4.413929432305167,7.061003493438296,519.0816802978516,535.0858558714696,503.07750472423356,0.061663418999625366
2025-08-20,504.8900146484375,510.161347905157,503.6121166003689,509.0331975839143,27723000,MSFT,519.0741928100585,503.41163757324216,437.603288269043,-0.00794472392905854,0.013773182730922299,-0.05585843922340899,30.70294942508039,3.0103869561598913,6.250880185982615,519.0741928100585,535.1061452518265,503.0422403682905,0.06177133313053957
2025-08-21,504.239990234375,507.6300048828125,502.7200012207031,503.6900024414063,18443300,MSFT,518.7841156005859,504.0934948730469,438.1078779602051,-0.0012874574564821772,0.013578788326885837,-0.05707398131580548,34.945608199226825,1.8245852115492198,5.3656211910959355,518.7841156005859,535.6903173495347,501.8779138516372,0.0651762505464408
2025-08-22,507.2300109863281,510.7300109863281,502.4100036621094,504.25,24324200,MSFT,518.5022689819336,504.80120849609375,438.6074674987793,0.005929757278004377,0.013588177191326415,-0.05148265889389322,24.795952748540373,1.1132654407247173,4.515150041021692,518.5022689819336,536.00137590208,501.00316206178735,0.0674986705632181
2025-08-25,504.260009765625,508.1900024414063,504.1199951171875,506.6300048828125,21638600,MSFT,518.1323257446289,505.32472717285157,439.1016859436035,-0.0058553341804989945,0.013636245885931686,-0.057036544902067825,27.24371095438292,0.3063536660256432,3.6733907660224823,518.1323257446289,536.5303334685555,499.7343180207024,0.07101663729428966
2025-08-26,502.0400085449219,504.9800109863281,498.510009765625,504.3599853515625,30835700,MSFT,517.6478881835938,505.88191772460937,439.56991622924807,-0.004402493114088024,0.01366037980925453,-0.061187935019973126,27.56834730813459,-0.5064274931938257,2.8374271141792207,517.6478881835938,537.2280886534753,498.06768771371213,0.07565065333730134
2025-08-27,506.739990234375,507.2900085449219,499.8999938964844,502.0,17277900,MSFT,517.3650054931641,506.44964477539065,440.0183712768555,0.00936176720870363,0.013845351126261892,-0.052398995014907794,36.68294095844042,-0.7625232809655245,2.117437035150272,517.3650054931641,537.4222494209407,497.30776156538747,0.0775361445587438
2025-08-28,509.6400146484375,511.0899963378906,505.5,507.0899963378906,18015600,MSFT,516.215786743164,507.09733642578124,440.455272064209,0.005722904191400424,0.010332211389863122,-0.04697596525170339,38.778261426801535,-0.7231374260356347,1.5493221429130906,516.215786743164,535.196688587652,497.23488489867606,0.07353863377266946
2025-08-29,506.6900024414063,509.6000061035156,504.489990234375,508.6600036621094,20961600,MSFT,515.387796020508,507.64210021972656,440.8917649841309,-0.005788423440545976,0.009722284545780533,-0.052492471913844096,36.85737972106457,-0.919367289246452,1.0555842564811821,515.387796020508,534.5208818810634,496.2547101599526,0.07424733766801903
2025-09-02,505.1199951171875,506.0,496.80999755859375,500.4700012207031,18128000,MSFT,513.9057495117188,508.21217041015626,441.34288909912107,-0.0030985559546349295,0.007985749129068735,-0.05542837700705688,25.892869573141326,-1.1878742644718727,0.6068925522905713,513.9057495117188,531.2264793468249,496.5850196766126,0.06740819635337118
2025-09-03,505.3500061035156,507.7900085449219,502.3200073242188,503.7900085449219,16345100,MSFT,512.8290573120117,508.6151232910156,441.7702503967285,0.0004553590999198942,0.007500603578759379,-0.0549982577230009,31.944422085513338,-1.3663574938505576,0.21224254306234552,512.8290573120117,529.4145349049866,496.243579719037,0.0646822848919966
2025-09-04,507.9700012207031,508.1499938964844,503.1499938964844,504.2999877929688,15509500,MSFT,512.0236328125,508.9884112548828,442.19994232177737,0.005184515851476723,0.007626734270825498,-0.05009888121049274,33.158606836017356,-1.2816212967636034,-0.08653022490284426,512.0236328125,527.8563591379076,496.1909064870923,0.06184373263569842
2025-09-05,495.0,511.9700012207031,492.3699951171875,509.0700073242188,31994800,MSFT,510.7743713378906,509.059169921875,442.55639724731446,-0.025533006259296664,0.009251166086071226,-0.07435271242225809,26.25193579883667,-2.235271139480801,-0.5162784078184356,510.7743713378906,527.8556709097886,493.6930717659926,0.06688393361302097
2025-09-08,498.2000122070313,501.2000122070313,495.0299987792969,498.1099853515625,16771000,MSFT,509.6252105712891,509.0904986572266,442.98785934448244,0.006464671125315791,0.009408391870013055,-0.0683687071300274,32.416918644539464,-2.701687892735549,-0.9533603048018584,509.6252105712891,526.8498568504076,492.4005642921705,0.06759730846050475
2025-09-09,498.4100036621094,502.25,497.7000122070313,501.4299926757813,14410500,MSFT,508.5000259399414,509.15617736816404,443.41659973144533,0.00042150030094911806,0.009419616228505479,-0.06797602425970918,38.10206657451834,-3.0195742027980828,-1.3666030844011035,508.5000259399414,525.5590580249441,491.4409938549387,0.06709550133638544
2025-09-10,500.3699951171875,503.2300109863281,496.7200012207031,502.9800109863281,21611800,MSFT,507.0999557495117,509.2317041015625,443.84506576538087,0.003932488193810091,0.008723942836109968,-0.06431085097876248,44.63691099514356,-3.0778667318971884,-1.7088558139003205,507.0999557495117,521.7130158097556,492.48689568926784,0.05763384474623054
2025-09-11,501.010009765625,503.1700134277344,497.8800048828125,502.25,18881600,MSFT,506.16417388916017,509.4270556640625,444.2881462097168,0.0012790827881028477,0.008140248956744508,-0.06311402709323481,46.166656284090465,-3.0374068128613203,-1.9745660136925207,506.16417388916017,519.7326190932014,492.5957286851189,0.05361282328532583
2025-09-12,509.8999938964844,512.5499877929688,503.8500061035156,506.6499938964844,23624900,MSFT,505.5780487060547,509.819375,444.78457748413086,0.017744124783092063,0.009180527169680975,-0.04648980548244866,52.779493318287415,-2.2619206001822363,-2.032036930990464,505.5780487060547,517.209345649753,493.9467517623563,0.046011874817218704
2025-09-15,515.3599853515625,515.469970703125,507.0,508.7900085449219,17143800,MSFT,505.38023376464844,510.1661486816406,445.2877716064453,0.010707965327386493,0.009509495229439615,-0.03627965138024519,60.98571980863094,-1.193014185282948,-1.8642323818489608,505.38023376464844,516.1288261464314,494.6316413828655,0.04253665522972739
2025-09-16,509.0400085449219,517.22998046875,508.6000061035156,516.8800048828125,19711900,MSFT,505.0196701049805,510.40888610839846,445.75046478271486,-0.012263227620067041,0.009807072124007955,-0.0480979733774596,56.407909763614455,-0.8461139851333996,-1.6606087025058487,505.0196701049805,514.6594154144027,495.3799247955582,0.03817572217501305
2025-09-17,510.0199890136719,511.2900085449219,505.9299926757813,510.6199951171875,15816600,MSFT,505.0740020751953,510.69318725585936,446.17230926513673,0.001925154118143313,0.009286005198462191,-0.04626541527083819,53.222003116510606,-0.48650867428818856,-1.4257886968623168,505.0740020751953,514.8183071694895,495.3296969809012,0.038585653010282654
2025-09-18,508.4500122070313,513.0700073242188,507.6600036621094,511.489990234375,18913700,MSFT,505.252001953125,510.8085144042969,446.6111672973633,-0.0030782652454010018,0.00912516000594282,-0.04920126329634689,48.79967346094465,-0.32446267829493536,-1.2055234931488406,505.252001953125,515.1115359691978,495.3924679370522,0.03902818386848287
2025-09-19,517.9299926757812,519.2999877929688,510.30999755859375,510.55999755859375,52474100,MSFT,505.93650207519534,511.153974609375,447.0950880432129,0.01864486230927631,0.009980556681736818,-0.03147375176667344,60.017831866927885,0.5624317739453772,-0.8519324397299971,505.93650207519534,517.2881625150147,494.58484163537594,0.04487385430091875
2025-09-22,514.4500122070312,517.739990234375,512.5399780273438,515.5900268554688,20009300,MSFT,506.2975021362305,511.393095703125,447.5242143249512,-0.0067190170833154594,0.010077877794114138,-0.03798129617419255,58.041747243890704,0.9732773413108475,-0.4868904835218282,506.2975021362305,518.2648805467695,494.33012372569146,0.04727409619855853
2025-09-23,509.2300109863281,514.5900268554688,507.30999755859375,513.7999877929688,19799600,MSFT,506.54600219726564,511.5338073730469,447.9261465454102,-0.010146760806378219,0.010269890726964435,-0.04774266985317507,53.07937492128387,0.8676630606287858,-0.2159797746917054,506.54600219726564,518.5416099986223,494.55039439590894,0.04736236294165921
2025-09-24,510.1499938964844,512.47998046875,506.9200134277344,510.3800048828125,13533700,MSFT,506.9515014648438,511.6370104980469,448.30174865722654,0.0018066156556137969,0.010206246248105195,-0.04602230685235889,51.778138214563434,0.8484178812962568,-0.0031002434941129475,506.9515014648438,518.8536955592717,495.0493073704158,0.04695594769928244
2025-09-25,507.0299987792969,510.010009765625,505.0400085449219,508.2999877929688,15786500,MSFT,506.9660018920898,511.6818072509766,448.6358929443359,-0.0061158387817614734,0.010113340506915003,-0.05185668062504658,61.690992811593055,0.5747826701199301,0.11247633922869568,506.9660018920898,518.867817629918,495.0641861542616,0.04695311201701277
2025-09-26,511.4599914550781,513.9400024414062,506.6199951171875,510.05999755859375,16213100,MSFT,507.0570007324219,511.6938031005859,448.98746307373045,0.00873714116807034,0.01022375753442776,-0.04357261859610481,62.58543991963911,0.7072356079202109,0.23142819296699874,507.0570007324219,519.0721908289454,495.04181063589846,0.047391871443123935
2025-09-29,514.5999755859375,516.8499755859375,508.8800048828125,511.5,17617800,MSFT,507.45249938964844,511.8015447998047,449.3425503540039,0.006139256605245391,0.01020219483753737,-0.03770086547738333,64.55675293309329,1.0534326766594404,0.3958290897054871,507.45249938964844,519.928718158523,494.9762806207738,0.04917196696786667
2025-09-30,517.9500122070312,518.1599731445312,509.6600036621094,513.239990234375,19728200,MSFT,508.0940002441406,511.97608764648436,449.7277641296387,0.006509982083227506,0.010233923998133172,-0.031436315352935784,65.42110064825903,1.5799041541160364,0.632644102587597,508.0940002441406,521.3596495717575,494.8283509165237,0.05221730357470357
2025-10-01,519.7100219726562,520.510009765625,511.6900024414063,514.7999877929688,22632300,MSFT,508.81200103759767,512.2814733886719,450.09363250732423,0.0033980301653540046,0.010242218424891716,-0.028145106735438578,66.08745101004376,2.114776841072171,0.9290706502845119,508.81200103759767,522.9763361720949,494.64766590310046,0.05567610475229558
2025-10-02,515.739990234375,521.5999755859375,510.6799926757813,517.6400146484375,21222900,MSFT,509.20050048828125,512.4954779052734,450.43681625366213,-0.007638936272985952,0.010396477638343801,-0.035569044331676125,55.48872654889848,2.193038929040256,1.1818643060356608,509.20050048828125,523.6900922933381,494.7109086832244,0.05691114518215341
2025-10-03,517.3499755859375,520.489990234375,515.0,517.0999755859375,15112300,MSFT,510.3179992675781,512.6416467285156,450.79943740844726,0.003121699658835464,0.008347512164255222,-0.03255838054639587,52.01620433641004,2.35779536299691,1.4170505174279109,510.3179992675781,523.5927314625704,497.04326707258576,0.05202533406246531
2025-10-06,528.5700073242188,531.030029296875,518.2000122070312,518.6099853515625,21388600,MSFT,511.8364990234375,512.9557080078125,451.1966767883301,0.021687508007657064,0.009382519711019211,-0.011576982677555032,68.00000900058114,3.355053843219025,1.804651182586134,511.8364990234375,526.1797446596677,497.49325338720735,0.056046200939544065
2025-10-07,523.97998046875,529.7999877929688,521.4400024414062,528.2899780273438,14615200,MSFT,513.1149978637695,513.2021301269531,451.55669464111327,-0.008683857940984696,0.009728972892122293,-0.020160307745582588,62.063591104650605,3.7319914920369683,2.190119244476301,513.1149978637695,526.9692275526345,499.2607681749046,0.054000486232301435
2025-10-08,524.8499755859375,526.9500122070312,523.0900268554688,523.280029296875,13363400,MSFT,514.338996887207,513.4645544433594,452.005945892334,0.0016603594595525628,0.009725237625225562,-0.018533421643702815,64.34565567906373,4.054184514082635,2.562932298397568,514.338996887207,527.7712802000484,500.90671357436565,0.052231245906430995
2025-10-09,522.4000244140625,524.3300170898438,517.4000244140625,522.3400268554688,18343600,MSFT,515.4084976196289,513.6646020507812,452.44473754882813,-0.004667907565661822,0.009852546958724662,-0.023114816910256356,54.45843936054935,4.064975711215766,2.863340980961208,515.4084976196289,527.7327676161717,503.084227623086,0.0478233092914124
2025-10-10,510.9599914550781,523.5800170898438,509.6300048828125,519.6400146484375,24133800,MSFT,515.4614974975586,513.231314086914,452.82846725463867,-0.021898990092536486,0.01051330765447189,-0.04450761585628435,46.996025731614736,3.1145106215154783,2.913574909072062,515.4614974975586,527.6948054470481,503.2281895480692,0.04746545768744787
2025-10-13,514.0499877929688,516.4099731445312,511.6799926757813,516.4099731445312,14284200,MSFT,515.3959976196289,513.0473175048828,453.23435989379885,0.0060474330467461535,0.010316937511035974,-0.03872933963649927,54.306622842680284,2.5808466765220146,2.847029262562053,515.3959976196289,527.6456112448021,503.14638399445573,0.04753476426572339
2025-10-14,513.5700073242188,515.280029296875,506.0,510.2300109863281,14684300,MSFT,515.6224975585938,512.6234991455078,453.61756439208983,-0.00093372333459385,0.00991583211142577,-0.03962690048294115,53.07998049779006,2.0950335007263448,2.6966301101949113,515.6224975585938,527.5402994605938,503.70469565659363,0.04622684990833159
2025-10-15,513.4299926757812,517.1900024414062,510.0,514.9600219726562,14694700,MSFT,515.7929977416992,512.3544219970703,454.00613540649414,-0.0002726301116511287,0.009911264384910363,-0.03988872710828928,56.090583765529594,1.6793663568431612,2.4931773595245614,515.7929977416992,527.4684247461679,504.1175707372305,0.04527175458211849
2025-10-16,511.6099853515625,516.8499755859375,508.1300048828125,512.5800170898438,15559600,MSFT,515.9509963989258,512.1050518798828,454.4232992553711,-0.0035448013364658415,0.009920376464862537,-0.043292130831591724,50.15020392895584,1.1893773680301365,2.2324173612256764,515.9509963989258,527.2886650010885,504.61332779676314,0.04394862566908019
2025-10-17,513.5800170898438,515.47998046875,507.30999755859375,509.0400085449219,19867800,MSFT,515.7334976196289,511.9769476318359,454.87865753173827,0.003850651462417254,0.008993171702529935,-0.03960818227607232,48.95410609273413,0.9490822320649386,1.9757503353935288,515.7334976196289,527.078210894005,504.3887843452528,0.04399447903515162
2025-10-20,516.7899780273438,518.7000122070312,513.4299926757812,514.6099853515625,14665600,MSFT,515.8504959106446,511.8890826416016,455.3666246032715,0.006250167122328731,0.00897984387669934,-0.033605572912380643,48.80704150561581,1.0060663201883244,1.7818135323524882,515.8504959106446,527.1877378533014,504.51325396798774,0.043955533754573256
2025-10-21,517.6599731445312,518.6900024414062,513.0399780273438,517.5,15586200,MSFT,516.2719940185547,511.8240081787109,455.8734619140625,0.0016834597306014665,0.008641142400681335,-0.03197868681050087,47.852454383517326,1.1086481499158936,1.6471804558651695,516.2719940185547,527.192011222537,505.35197681457237,0.0423033491279786
2025-10-22,520.5399780273438,525.22998046875,517.7100219726562,521.1500244140625,18962700,MSFT,516.7914932250976,511.66737976074216,456.37097930908203,0.0055635069973014595,0.008703486507621701,-0.026593093461034115,55.14578289602827,1.4061283416373271,1.598970033019601,516.7914932250976,527.4711482385994,506.1118382115958,0.041330614584439776
2025-10-23,520.5599975585938,523.9500122070312,518.6099853515625,522.4600219726562,14023500,MSFT,517.4679931640625,511.68406677246094,456.84621994018556,3.8459161822324006e-05,0.008544340149281888,-0.02655565704729646,53.562728627557235,1.6247696129530595,1.6041299490062928,517.4679931640625,527.217737624768,507.71824870335695,0.03768250245233771
2025-10-24,523.6099853515625,525.3499755859375,520.7100219726562,522.7899780273438,15532400,MSFT,518.0754928588867,511.7238165283203,457.36396087646483,0.00585905142014953,0.0084369806739368,-0.020852196587282826,43.27545917033241,2.02085773079682,1.6874755053643984,518.0754928588867,527.7629244547875,508.38806126298596,0.037397760478662216
2025-10-27,531.52001953125,534.5800170898438,529.010009765625,531.780029296875,18734700,MSFT,518.9214950561524,511.96789123535154,457.91036193847657,0.015106729055933688,0.008936321498097189,-0.0060604760154142154,59.37815519018822,2.9391533391018356,1.9378110721118862,518.9214950561524,530.16175872293,507.68123138937466,0.043321634481768276
2025-10-28,542.0700073242188,553.719970703125,540.77001953125,550.0,29986700,MSFT,520.1274948120117,512.4842657470704,458.53740936279297,0.019848712005754443,0.009775896626887597,0.0,67.26145755071374,4.466715553149129,2.443591968319335,520.1274948120117,535.3863344433088,504.86865518071465,0.05867345904031482
2025-10-29,541.5499877929688,546.27001953125,536.72998046875,544.9400024414062,36023000,MSFT,521.2194931030274,513.1365985107421,459.1706086730957,-0.0009593217190099201,0.00979922140843317,-0.0009593217190099394,69.96864872571008,5.571137774731483,3.0691011296017647,521.2194931030274,539.2303237881034,503.2086624179513,0.06911034956828035
2025-10-30,525.760009765625,534.969970703125,522.1199951171875,530.47998046875,41023100,MSFT,521.7204940795898,513.553998413086,459.7324165344238,-0.029157009294181968,0.01188480991209143,-0.030088360060914678,64.14915213094896,5.113337703707657,3.4779484444229434,521.7204940795898,539.6467988013709,503.79418935780876,0.0687199560883892
2025-10-31,517.8099975585938,529.3200073242188,515.0999755859375,528.8800048828125,34006400,MSFT,521.7434951782227,513.8253985595703,460.20156509399413,-0.015120990678951118,0.012404506844985055,-0.04475438492783975,53.28901987165113,4.062201771675518,3.5947991098734584,521.7434951782227,539.6473546549583,503.83963570148705,0.06863088717807533
2025-11-03,517.030029296875,524.9600219726562,514.5900268554688,519.8099975585938,22374700,MSFT,521.1664962768555,514.0213989257812,460.6754167175293,-0.0015062827396076228,0.011318484239335437,-0.04619325490990877,53.01080808349045,3.130149635710609,3.5018692150408888,521.1664962768555,538.8869026679682,503.44608988574265,0.06800286095788977
2025-11-04,514.3300170898438,515.5499877929688,507.8399963378906,511.760009765625,20958700,MSFT,520.6839981079102,514.2227990722656,461.11363967895505,-0.005222157426142293,0.011221523339825783,-0.05117418388688561,50.749770177593746,2.148852548160562,3.231265881664824,520.6839981079102,538.6062070729145,502.7617891429058,0.06884102077317923
2025-11-05,507.1600036621094,514.8300170898438,506.5799865722656,513.2999877929688,23024300,MSFT,519.7994995117188,514.3251989746094,461.5186480712891,-0.0139404918816588,0.011573184531775246,-0.06440128247351873,46.59631333608771,0.7835748124184647,2.741727667815552,519.7994995117188,538.5814773206347,501.01752170280287,0.07226624045063158
2025-11-06,497.1000061035156,505.7000122070313,495.80999755859375,505.6600036621094,27406500,MSFT,518.5344985961914,514.1323992919922,461.7853399658203,-0.019835944250241266,0.012258159336394625,-0.08295976647497122,38.78300238000579,-1.0975237864971632,1.9738773769530091,518.5344985961914,539.8201374630796,497.2488597293032,0.08209921972217471
2025-11-07,496.8200073242188,499.3800048828125,493.25,496.9500122070313,24019800,MSFT,517.8274993896484,513.8759991455078,462.0480961608887,-0.000563264485735071,0.01136869400136494,-0.0834763026705061,35.84293037858572,-2.5811476764574763,1.0628723662709123,517.8274993896484,541.0258274581412,494.6291713211557,0.08959867174237014
2025-11-10,506.0,506.8500061035156,498.7999877929688,500.0400085449219,26101500,MSFT,517.425,513.8621990966797,462.36992965698244,0.018477501993575007,0.012109459656286188,-0.06654123422594166,42.60529605988936,-2.981809169652365,0.2539360590862568,517.425,541.1721396719665,493.6778603280334,0.09178968805900983
2025-11-11,508.6799926757813,509.6000061035156,502.3500061035156,504.7999877929688,17980000,MSFT,517.1804992675782,513.9333990478516,462.7524035644531,0.0052964282130065765,0.01218354967482335,-0.06159723688321768,42.459318958304586,-3.0479484261427388,-0.40644083795954233,517.1804992675782,541.1939609516844,493.16703758347194,0.09286298194968166
2025-11-12,511.1400146484375,511.6700134277344,499.1199951171875,509.3599853515625,26574900,MSFT,517.0660003662109,514.04919921875,463.0843229675293,0.004836089502392005,0.012239947443941886,-0.05705903713149294,44.190934308932064,-2.8687914078974472,-0.8989109519471234,517.0660003662109,541.1764003040729,492.955600428349,0.09325850054262247
2025-11-13,503.2900085449219,513.5,501.2900085449219,510.30999755859375,25273100,MSFT,516.6500015258789,513.9555993652343,463.4012094116211,-0.015357839101904136,0.012689074426471382,-0.07154057272182203,38.16955727142828,-3.3219447561863262,-1.383517712794964,516.6500015258789,541.434452634734,491.86555041702377,0.09594290539303788
2025-11-14,510.1799926757813,511.6000061035156,497.4400024414063,498.2300109863281,28505700,MSFT,516.4800003051757,514.25919921875,463.8884986877441,0.013689888561029262,0.013061793138960994,-0.05883006662894675,37.426331287319876,-3.089494146757886,-1.7247129995875485,516.4800003051757,541.3993904786146,491.5606101317369,0.09649701889217227
2025-11-17,507.489990234375,512.1199951171875,504.9100036621094,508.4500122070313,19092800,MSFT,516.0150009155274,514.4449987792968,464.36198989868166,-0.005272653730103882,0.013013998806132791,-0.06379252978879722,27.545443448153407,-3.0867539022551114,-1.9971211801210613,516.0150009155274,541.2550515354773,490.77495029557747,0.09782680958952099
2025-11-18,493.7900085449219,502.9800109863281,486.7799987792969,495.3699951171875,33782700,MSFT,514.8215026855469,514.3525988769532,464.7875680541992,-0.026995570263614543,0.014244662083737057,-0.08906598433220456,23.51962780586372,-4.14230633660668,-2.426158211418185,514.8215026855469,541.9228381717847,487.720167199309,0.10528439602800109
2025-11-19,488.63720703125,495.1871948242188,487.8299865722656,490.1000061035156,6064192,MSFT,513.2263641357422,514.1179431152344,465.1801718139648,-0.010435208134032314,0.01423136293693745,-0.0985717703820679,26.664883915259708,-5.3331500302905965,-3.007556575192668,513.2263641357422,542.5729980078759,483.8797302636085,0.11436136536575837
2025-11-20,478.4299926757813,493.5700073242188,475.5,492.7099914550781,26802500,MSFT,511.11986389160154,513.6663427734375,465.5171644592285,-0.020889146811973958,0.01475136548106897,-0.11740183701101464,25.92908877781187,-7.019621305490205,-3.8099695212521754,511.11986389160154,544.0762203274332,478.1635074557699,0.1289574472215037
2025-11-21,472.1199951171875,478.9200134277344,468.2699890136719,478.5,31699600,MSFT,508.5453643798828,512.9107427978515,465.81002655029295,-0.013188967362399273,0.014688822582227975,-0.12904239537678994,24.287171996379683,-8.76429665334939,-4.800834947671619,508.5453643798828,545.2275053547255,471.8632234050402,0.14426300402746822
2025-11-24,473.6700134277344,476.8999938964844,468.0199890136719,475.0,19422195,MSFT,505.65286407470705,512.076943359375,466.14082275390626,0.0032831024455173274,0.014058901609798608,-0.12618295233510954,26.409844094099498,-9.907681329567481,-5.822204224050791,505.65286407470705,543.8011250691316,467.5046030802826,0.150887154824019
2025-11-25,476.989990234375,479.1499938964844,464.8900146484375,474.0700073242188,28019800,MSFT,502.3988632202148,511.4359429931641,466.4759362792969,0.007009049997941608,0.013093206574444752,-0.12005832495897267,31.67738470280662,-10.425746030581081,-6.74291258535685,502.3988632202148,538.5162397449191,466.2814866955106,0.1437796904762224
2025-11-26,485.5,488.30999755859375,481.2000122070313,486.30999755859375,25709100,MSFT,499.5963638305664,510.94554321289064,466.8574786376953,0.01784106572434263,0.014130087020989831,-0.10435922770097762,42.82000106535741,-10.033964079637826,-7.401122884213046,499.5963638305664,531.3582714347657,467.83445622636714,0.12715027531693984
2025-11-28,492.010009765625,492.6300048828125,486.6499938964844,487.6000061035156,14386700,MSFT,497.9088638305664,510.6167431640625,467.2835054016113,0.013408876963182381,0.01354967451347425,-0.09234969078201047,47.2359516039877,-9.093348221331667,-7.73956795163677,497.9088638305664,527.3168915709732,468.5008360901596,0.11812614667737292
2025-12-01,486.739990234375,489.8598937988281,484.6474914550781,487.9599914550781,22606084,MSFT,496.3553634643555,509.99294311523437,467.6757231140137,-0.010711203891482723,0.01338072121654327,-0.10207171830621166,38.41155157762224,-8.6731709932846,-7.926288559966337,496.3553634643555,524.5963333299064,468.1143935988046,0.11379335026598927
2025-12-02,490.0,493.5,486.32000732421875,486.7200012207031,19562700,MSFT,495.00386199951174,509.5039428710937,468.0947332763672,0.00669764110414528,0.013553677078493491,-0.09605771693816485,38.83844366286556,-7.985074995781531,-7.938045847129375,495.00386199951174,521.6192177305899,468.3885062684336,0.1075359518350763
2025-12-03,477.7300109863281,484.239990234375,475.20001220703125,476.32000732421875,34615100,MSFT,493.1738616943359,508.87394287109373,468.4463763427734,-0.025040793905452774,0.014450765370364523,-0.11869314935074074,32.131780807519306,-8.333772981782545,-8.01719127406001,493.1738616943359,519.221183606164,467.1265397825079,0.10563139669381712
2025-12-04,480.8399963378906,481.32000732421875,476.489990234375,479.760009765625,22318200,MSFT,491.857861328125,508.28774291992187,468.78805969238283,0.006509922508618482,0.014402869861951132,-0.11295591004669937,37.35210579885565,-8.263907638134071,-8.066534546874824,491.857861328125,517.5875250500595,466.1281976061905,0.10462235432187149
2025-12-05,483.1600036621094,483.3999938964844,478.8800048828125,482.5199890136719,22608700,MSFT,491.1608612060547,507.81034301757813,469.13043090820315,0.004824905045104577,0.013892789523762801,-0.10867600654185351,33.95106820557196,-7.929922438322194,-8.039212125164298,491.1608612060547,517.0473768591977,465.27434555291165,0.1054095213921492
2025-12-08,491.0199890136719,492.29998779296875,484.3800048828125,484.8900146484375,21965900,MSFT,490.87086029052733,507.40154296875,469.5515647888184,0.01626787253081341,0.014440589584125498,-0.09417606143262088,40.78343587261653,-6.950876257281379,-7.821544951587715,490.87086029052733,516.6200245680425,465.1216960130122,0.10491217287689565
2025-12-09,492.0199890136719,492.1199951171875,488.5,489.1000061035156,14696100,MSFT,490.17185974121094,506.9499432373047,469.99867553710936,0.002036576967077819,0.013755894367125848,-0.09233128126310693,48.84538880138617,-6.0248329387191575,-7.462202549014004,490.17185974121094,514.9317595489301,465.41195993349174,0.10102538248846568
2025-12-10,478.55999755859375,484.25,475.0799865722656,484.0299987792969,35756200,MSFT,488.6658599853516,506.1621429443359,470.4088804626465,-0.027356594763681685,0.014826665076070812,-0.11716200658126226,44.0692444137279,-6.304372871433372,-7.230636613497878,488.6658599853516,512.3253909952994,465.00632897540373,0.09683316534802346
2025-12-11,483.4700012207031,486.0299987792969,475.8599853515625,476.6300048828125,24669200,MSFT,487.28235931396483,505.43734252929687,470.8345170593262,0.010259954210878552,0.01502470521900335,-0.10810412919316202,53.16344985765995,-6.059859730326934,-6.99648123686369,487.28235931396483,508.52061439383135,466.0441042340983,0.08717021937657435
2025-12-12,478.5299987792969,482.45001220703125,476.3399963378906,479.82000732421875,21248100,MSFT,486.0443588256836,504.6931427001953,471.27132888793943,-0.01021780550795981,0.01483908514311505,-0.11721734773441876,54.09375588356936,-6.19330564381346,-6.835846118253643,486.0443588256836,506.21342112325493,465.8752965281123,0.08299268135238169
2025-12-15,474.82000732421875,480.7200012207031,472.5199890136719,480.1000061035156,23727700,MSFT,484.27635955810547,503.84254333496096,471.6673681640625,-0.0077528921165697096,0.014381917310156044,-0.1240614663998131,50.714726015055845,-6.523232038046274,-6.7733233022121695,484.27635955810547,501.52499592467996,467.027723191531,0.071234682536697
2025-12-16,476.3900146484375,477.8900146484375,470.8800048828125,471.9100036621094,20705600,MSFT,482.7213607788086,502.7989434814453,472.1136099243164,0.003306531527738965,0.014453590339368813,-0.12116514802210268,49.61882116081559,-6.582139802102461,-6.735086602190228,482.7213607788086,496.3954606236568,469.04726093396044,0.05665421485714565
2025-12-17,476.1199951171875,480.0,475.0,476.9100036621094,24527200,MSFT,481.8378601074219,501.84174377441406,472.5579037475586,-0.0005668035075194755,0.013312930476820676,-0.12166327469873413,43.343739740492396,-6.574822488091172,-6.7030337793704176,481.8378601074219,494.7636513603595,468.91206885448423,0.05365203660026193
2025-12-18,483.9800109863281,489.6000061035156,477.8900146484375,478.19000244140625,28573500,MSFT,481.6050003051758,501.0243444824219,472.97966293334963,0.016508476749030443,0.013742593128005938,-0.10716327329127856,44.40885974116378,-5.867152984839265,-6.535857620464187,481.6050003051758,494.17802569783663,469.03197491251495,0.052213018488984804
2025-12-19,485.9200134277344,487.8500061035156,482.489990234375,487.3599853515625,70836100,MSFT,481.97950134277346,500.2947442626953,473.43170028686524,0.00400843505386228,0.012888961145167799,-0.10358439525856367,49.40130207718255,-5.0910908945458,-6.24690427528051,481.97950134277346,494.60043833359,469.35856435195694,0.05237126041939604
2025-12-22,484.9200134277344,488.7300109863281,482.69000244140625,486.1199951171875,16963000,MSFT,482.61950225830077,499.7739447021484,473.8965756225586,-0.002057951869374297,0.0124845334199818,-0.10542917542807761,46.16431102490118,-4.504818990247088,-5.898487218273826,482.61950225830077,494.40587230680393,470.8331322097976,0.04884332271427782
2025-12-23,486.8500061035156,487.8299865722656,484.739990234375,484.9800109863281,14683600,MSFT,483.2785018920898,499.22994506835937,474.4366227722168,0.003980022730220467,0.012490999014348603,-0.1018687632124892,58.160338511345245,-3.8401926524550163,-5.486828305110064,483.2785018920898,494.4138525894763,472.14315119470336,0.04608254103499453
2025-12-24,488.0199890136719,489.1600036621094,484.8299865722656,485.67999267578125,5855900,MSFT,483.8300018310547,498.71894470214846,474.9810746765137,0.0024031691393415766,0.012425356637504957,-0.09971040194116272,56.65553610567659,-3.182379162463519,-5.025938476580755,483.8300018310547,494.7443520620395,472.91565160006985,0.04511646731157422
2025-12-26,487.7099914550781,488.1199951171875,485.9599914550781,486.7099914550781,8842200,MSFT,483.9405014038086,498.20454467773436,475.50992568969724,-0.0006352148796615609,0.01179522680376593,-0.10028227928985421,54.38088622636254,-2.6554609437828844,-4.551842970021181,483.9405014038086,494.97018066686985,472.9108221407473,0.04558279057473599
2025-12-29,487.1000061035156,488.3500061035156,484.17999267578125,484.8599853515625,10893400,MSFT,483.69500122070315,497.71434509277344,476.05814880371094,-0.0012507132563402967,0.011385704365108116,-0.1014075681701107,45.61326818179955,-2.261031416522087,-4.093680659321363,483.69500122070315,494.1732068225724,473.2167956188339,0.04332567248131724
2025-12-30,487.4800109863281,489.67999267578125,485.5,485.92999267578125,13944500,MSFT,483.7320022583008,497.1923449707031,476.55949172973635,0.0007801372984006516,0.01112707466451049,-0.10070654269797974,44.847959284035134,-1.895924914010493,-3.6541295102591893,483.7320022583008,494.260587151601,473.2034173650006,0.04353065269259653
2025-12-31,483.6199951171875,488.1400146484375,483.29998779296875,487.8399963378906,15601600,MSFT,483.41300201416016,496.5289453125,477.04083694458006,-0.007918305945161852,0.011153326927634715,-0.10782742342737951,57.34183739437081,-1.8961883228116676,-3.3025412727696852,483.41300201416016,493.52013603562983,473.3058679926905,0.041815730976857826
2026-01-02,472.94000244140625,484.6600036621094,470.1600036621094,484.3900146484375,25571600,MSFT,483.1735015869141,495.6345458984375,477.4945922851563,-0.02208343902983856,0.010827011734298425,-0.127529662126215,36.912756768976,-2.726750941190403,-3.187383206453829,483.1735015869141,494.0457005611517,472.30130261267647,0.0450032915237671
2026-01-05,472.8500061035156,476.07000732421875,469.5,474.05999755859375,25250300,MSFT,482.7740020751953,494.6807464599609,477.9264723205566,-0.00019029123657554603,0.01070335110687684,-0.12769568558568448,41.972877484620454,-3.3535817495959463,-3.2206229150822527,482.7740020751953,494.55632326634714,470.9916808840435,0.048810918319982965
2026-01-06,478.510009765625,478.739990234375,469.75,473.79998779296875,23037700,MSFT,482.54150238037107,493.8397467041016,478.39153533935547,0.011969976925135795,0.011015074971267299,-0.11725422307044878,54.942406579302336,-3.354960788838298,-3.247490489833462,482.54150238037107,494.4743072398954,470.60869752084676,0.049458149405429114
2026-01-07,483.4700012207031,489.70001220703125,477.95001220703125,479.760009765625,25564200,MSFT,482.1640029907227,493.03694702148437,478.859375,0.010365491533829152,0.01061612784018159,-0.10810412919316202,58.69349995091107,-2.9221392272830826,-3.1824202373233863,482.1640029907227,493.42631517592264,470.9016908055227,0.04671569057558475
2026-01-08,478.1099853515625,482.6600036621094,475.8599853515625,481.239990234375,18162600,MSFT,481.4685028076172,491.96874633789065,479.291346282959,-0.011086553158639045,0.01083994165427791,-0.11799218017683272,52.172004300840314,-2.9773128967961497,-3.1413987692179393,481.4685028076172,491.85177526900605,471.08523034622834,0.04313167902299001
2026-01-09,479.2799987792969,479.82000732421875,472.20001220703125,474.05999755859375,18491000,MSFT,481.50450286865237,490.7129461669922,479.71880355834963,0.0024471637564189574,0.008967301038363277,-0.1158337626072833,43.99282618396048,-2.893276234552218,-3.0917742622847952,481.50450286865237,491.8502406159549,471.15876512134986,0.042972548275938674
2026-01-12,477.17999267578125,480.989990234375,475.67999267578125,476.6700134277344,23519900,MSFT,481.19000244140625,489.42554626464846,480.1616207885742,-0.004381585104457186,0.008688688648725651,-0.11970781222290719,38.874718656356364,-2.961985590230711,-3.0658165278739786,481.19000244140625,491.66576765206844,470.71423723074406,0.04354107590561509
2026-01-13,470.6700134277344,475.7799987792969,465.95001220703125,474.67999267578125,28514200,MSFT,480.7970031738281,488.3237463378906,480.5688488769531,-0.013642607292779108,0.00891853894923326,-0.13171729284365138,34.09242354249365,-3.501377468851672,-3.1529287160695176,480.7970031738281,492.23818870713956,469.35581764051665,0.047592582556821764
