Date,Close,High,Low,Open,Volume,symbol,sma_20,sma_50,sma_200,daily_return,volatility,drawdown,rsi,macd,macd_signal,bb_middle,bb_upper,bb_lower,bb_width
2023-03-02,137.75746154785156,139.7966854022248,135.93671802577796,139.74206531914987,1731800,MTB,143.23701019287108,138.675499420166,150.90581405639648,-0.018549887658136366,0.011560112892657787,-0.200263039402849,32.35116614636769,-0.15189205332043798,0.6897793062425996,143.23701019287108,148.22198226989184,138.25203811585033,0.0696045256782225
2023-03-03,140.0714874267578,140.65917374120596,137.5370928228652,138.1706949767251,1250900,MTB,143.1387725830078,138.9160530090332,150.8752417755127,0.016797826069860022,0.011967220787422073,-0.1868291970370995,36.86941651427504,-0.25351794267706396,0.501119856458667,143.1387725830078,148.29777938777275,137.97976577824286,0.07208398830964093
2023-03-06,139.6858367919922,141.21933073860004,139.30936049018393,139.52055656362006,1391500,MTB,142.88469772338868,139.15508422851562,150.8120980834961,-0.0027532415186729553,0.011019509589711783,-0.18906805265358959,27.776367026172323,-0.3610144257990271,0.32869300000712814,142.88469772338868,148.2040247664647,137.56537068031267,0.07445621718532423
2023-03-07,132.41317749023438,138.63898332065227,132.02750971445704,138.05129708924704,1586500,MTB,142.32343215942382,139.199501953125,150.7350715637207,-0.052064400148081,0.015738281381878255,-0.23128873805309563,19.70037212453785,-1.021276350598356,0.05869912988603132,142.32343215942382,149.38983220015717,135.25703211869046,0.09930058506202853
2023-03-08,128.90545654296875,132.88152751781976,128.7401623117389,132.51421478816903,2294200,MTB,141.4811782836914,139.14190216064452,150.65304023742675,-0.02649072406350439,0.01586494041528685,-0.2516524559778393,17.29418188507887,-1.8067552977232992,-0.31439175563583477,141.4811782836914,150.5574139477925,132.40494261959032,0.12830308277334035
2023-03-09,122.71636962890624,128.10655590405264,121.92666480053911,127.64742551573563,2648000,MTB,140.38454666137696,138.96416229248047,150.540777053833,-0.0480126061382008,0.01844339669621395,-0.28758257186346514,14.194052566455781,-2.895285562288052,-0.8305705169662783,140.38454666137696,152.60469114901807,128.16440217373585,0.17409529436480564
2023-03-10,120.95330047607422,126.09556599861594,114.29591040376296,118.1985183771868,4544900,MTB,139.24983177185058,138.72749160766602,150.3948985671997,-0.014367025020081137,0.018495071667144092,-0.29781789087824456,12.874757355902005,-3.8557716499958588,-1.4356107435721945,139.24983177185058,154.1212167892495,124.37844675445166,0.21359286152337284
2023-03-13,116.72013092041016,120.65028602590894,110.55860178930496,114.3234696704709,7864400,MTB,137.84747161865235,138.44785186767578,150.22441986083984,-0.03499837986232901,0.018992151415574705,-0.32239312706581913,12.811484321348459,-4.902037561899732,-2.1288961072377024,137.84747161865235,155.5485762431148,120.14636699418989,0.25682160748557825
2023-03-14,117.01396942138672,124.5804361541366,114.52548359196628,124.10293663368604,4248600,MTB,136.35465507507325,138.1394950866699,150.0348923110962,0.002517462057825437,0.018336640424566175,-0.3206872774730855,14.04852793160532,-5.642457782693526,-2.831608442328867,136.35465507507325,155.80156851037756,116.90774163976893,0.28524018376339794
2023-03-15,114.68157958984376,115.64575613831224,111.30237989450252,112.71650222956212,3629900,MTB,134.77753715515138,137.79195541381836,149.81545955657958,-0.019932575940088237,0.01836529223662315,-0.33422772990192134,11.910351903423106,-6.344317169789605,-3.534150187821015,134.77753715515138,155.89844242563137,113.65663188467138,0.31341877461622286
2023-03-16,117.1333465576172,119.686110485788,111.4493169136673,114.1765456316269,2999300,MTB,133.3398494720459,137.49509017944337,149.5946813583374,0.02137890824788191,0.01973016257543291,-0.31999424562551043,14.8071004392135,-6.626324542081932,-4.152585058673198,133.3398494720459,155.17895582659443,111.50074311749735,0.32757058660287464
2023-03-17,112.48694610595705,116.53647952854293,111.13710163176174,116.53647952854293,6635000,MTB,131.6957862854004,137.07580108642577,149.34900993347168,-0.0396676146307714,0.02066933099978918,-0.3469684518367447,13.416666358539985,-7.142409846522256,-4.75055001624301,131.6957862854004,154.64469723620485,108.74687533459596,0.3485139744877096
2023-03-20,111.7615203857422,115.03971113975965,111.2105653105527,114.846877213732,3044300,MTB,130.0045295715332,136.6483758544922,149.1094999694824,-0.00644897692867874,0.020460555995665052,-0.3511798372245489,12.735232011601923,-7.523223919174697,-5.305084796829348,130.0045295715332,153.61902640320025,106.39003273986614,0.36328729328886195
2023-03-21,117.12416076660156,119.1718783036614,115.7375850807507,116.27017799396144,2805500,MTB,128.78487091064454,136.25628387451172,148.88517349243165,0.04798288679637075,0.02422550139082549,-0.3200475728028915,23.643172707375427,-7.308058801336131,-5.705679597730705,128.78487091064454,152.41544467489715,105.15429714639194,0.36697748108391276
2023-03-22,108.04255676269533,117.35371965179348,107.96909422569192,117.14251660935204,2660600,MTB,127.16803131103515,135.71242004394531,148.62626037597656,-0.07753826319407786,0.028642132678657412,-0.3727699030623529,20.613895307146834,-7.780657859736195,-6.120675250131804,127.16803131103515,151.85959113874858,102.47647148332172,0.3883296701719215
2023-03-23,103.18497467041016,109.3373195889674,103.1390588254074,108.82309575265316,2990200,MTB,125.28464241027832,135.08141830444336,148.343553276062,-0.044959895783976744,0.029255178213433732,-0.40097010285324314,15.268902264077894,-8.449758737813298,-6.586491947668103,125.28464241027832,151.29241324757726,99.27687157297939,0.4151789131844186
2023-03-24,105.53571319580078,106.19686208753474,101.0086872071059,101.7065673712444,3069300,MTB,123.45460891723633,134.4728515625,148.06025192260742,0.0227817909816741,0.02999896066235016,-0.38732312894467197,18.992821304301728,-8.690166224448646,-7.007226803024212,123.45460891723633,149.6199869023324,97.28923093214024,0.4238866124898957
2023-03-27,108.29049682617188,111.92680876697588,106.839643075401,110.25557438500373,2421200,MTB,121.81056442260743,133.91410095214843,147.8029377746582,0.026102857004056457,0.0313078713915104,-0.37133051218982205,26.13988400955185,-8.559731615549893,-7.317727765529349,121.81056442260743,147.41478573606236,96.20634310915248,0.4203941002132475
2023-03-28,109.5301513671875,111.17383910387068,107.98747288289864,108.96083413271876,1757900,MTB,120.21848907470704,133.38178131103516,147.58114318847657,0.011447491491386463,0.031624574737928436,-0.36413382357722074,29.935333173841627,-8.261102638177277,-7.506402740058935,120.21848907470704,144.63360423747304,95.80337391194104,0.40617903869335414
2023-03-29,112.39511108398438,112.569575853063,110.40248704631976,110.65041435278582,1567900,MTB,118.82018737792968,132.88873626708985,147.39845947265624,0.026156813270461265,0.032760826536660424,-0.34750159073552794,38.52122731402618,-7.704446651281273,-7.546011522303402,118.82018737792968,141.5211657103036,96.11920904555578,0.38210642203701006
2023-03-30,109.81478118896484,113.90104504001772,108.85061176771616,113.790851246544,2210100,MTB,117.42305335998535,132.4303871154785,147.21836528778076,-0.022957670223675897,0.03283235933926691,-0.3624814340368948,37.83347872566317,-7.386358486207257,-7.514080915084174,117.42305335998535,138.60534884854619,96.2407578714245,0.3607859765598499
2023-03-31,109.79644775390624,111.51359803732842,108.1068511803827,111.08201432398133,2082600,MTB,115.90930137634277,131.8258299255371,147.02690898895264,-0.00016694870089539737,0.03229795306027586,-0.362587866933279,41.67034578444694,-7.05443158262166,-7.422151048591671,115.90930137634277,134.4375753398458,97.38102741283973,0.31970297022745553
2023-04-03,109.03428649902344,111.3758543642826,107.78545123832174,110.79735257669137,1728000,MTB,114.37672386169433,131.20821395874023,146.82899265289308,-0.00694158390798838,0.03225112025908936,-0.3670125167389315,40.50688036131313,-6.7747816974940065,-7.292677178372138,114.37672386169433,129.3547903713055,99.39865735208315,0.261907598048058
2023-04-04,107.60179901123048,110.48513731418672,105.82955541686034,110.40249720635062,1505300,MTB,113.13615493774414,130.5424670410156,146.6456915283203,-0.013137954434230048,0.030837485609867574,-0.3753286774514534,41.39317357229657,-6.592749801363311,-7.1526917029703725,113.13615493774414,125.74719842621634,100.52511144927193,0.2229356918734198
2023-04-05,107.81301879882812,108.00585275279975,105.388803506303,106.0499524946485,1392200,MTB,112.0815330505371,129.87766723632814,146.4558129119873,0.0019629763585606863,0.030685955105964887,-0.37410246241341977,38.01654643655201,-6.3581517253116715,-6.993783707438633,112.0815330505371,122.47234724902927,101.69071885204494,0.1854152761063143
2023-04-06,107.95993041992188,108.97920054810665,106.986576137638,108.15276436231164,1473500,MTB,111.3437110900879,129.19850830078124,146.25355758666993,0.001362651957347305,0.029289054580547577,-0.3732495819087285,43.41789847080795,-6.090172798798633,-6.8130615257106335,111.3437110900879,120.587236026077,102.1001861540988,0.16603586939023776
2023-04-10,107.8497314453125,108.67616759165983,106.53661818105344,107.13348912040286,1131200,MTB,110.6885326385498,128.5331674194336,146.05317596435546,-0.001020739585332664,0.029239694894320534,-0.37388933087059806,44.20880758764732,-5.819604922168381,-6.614370205002183,110.6885326385498,118.85949003171473,102.51757524538488,0.14763873363191019
2023-04-11,108.52924346923828,109.02510512948264,107.2069457085867,107.83136331714176,1590000,MTB,110.27898826599122,127.88196334838867,145.8790023422241,0.006300544422499055,0.028480696353795357,-0.36994449278634767,35.22726646869205,-5.487095171650097,-6.388915198331766,110.27898826599122,117.98489041196022,102.57308612002221,0.13975286257401073
2023-04-12,106.83045196533205,109.22711307596025,105.98565375930274,109.07101043032355,1242400,MTB,109.76981239318847,127.22391235351563,145.66490310668945,-0.01565284571791703,0.028577055445193338,-0.3798066544344869,47.2081179024675,-5.299566966608083,-6.17104555198703,109.76981239318847,116.92826911469494,102.611355671682,0.13042669137240268
2023-04-13,107.02330017089844,107.36305218678592,105.30614993471202,106.61007860307656,1811000,MTB,109.38689842224122,126.52401794433594,145.46173652648926,0.0018051800962985975,0.028357630655746886,-0.37868709375121523,61.260755529352714,-5.07686533125522,-5.952209507840668,109.38689842224122,116.25240408031735,102.52139276416509,0.1255270193615837
2023-04-14,107.06002044677734,109.2730322783798,105.96729488791968,108.93327326938528,2757900,MTB,108.88323211669922,125.85399002075195,145.26459079742432,0.00034310543423976547,0.02778784559230762,-0.37847391791671803,55.17454111475086,-4.841598725068167,-5.730087351286167,108.88323211669922,114.76317760824709,103.00328662515135,0.10800460965827768
2023-04-17,115.38865661621094,115.49884342959034,105.03066880633456,106.51825383892228,5167200,MTB,109.02831764221192,125.32103836059571,145.1126354598999,0.07779408349332417,0.03197510373358205,-0.3301228659938525,67.480771283112,-3.9377054933135867,-5.371610979691651,109.02831764221192,115.40488910805358,102.65174617637025,0.11697092285266779
2023-04-18,115.45293426513672,117.00479026394476,114.89279461280027,116.15080743380672,2029800,MTB,109.21288833618163,124.73475036621093,144.97420280456544,0.0005570534471128763,0.03191875592028522,-0.3297497086272123,65.48246654953107,-3.179525336972617,-4.933193851147845,109.21288833618163,116.11463681141453,102.31113986094874,0.12639073245618723
2023-04-19,119.01578521728516,119.25452798587972,114.681593034096,115.87533490016514,1981200,MTB,109.30746955871582,124.24229629516601,144.8521474838257,0.030859769609375087,0.030834820486693212,-0.3090659390548316,66.69755581886596,-2.265059607622703,-4.399567002442817,109.30746955871582,116.7000942007159,101.91484491671575,0.1352629362264952
2023-04-20,114.6081314086914,118.4923707779968,114.22246354330028,117.53738568439232,1328500,MTB,109.63574829101563,123.6194482421875,144.71290321350097,-0.03703419509056527,0.026398363694825417,-0.33465412586259147,61.06876200207892,-1.874392919984274,-3.894532185951108,109.63574829101563,117.36720752357962,101.90428905845164,0.14103901971903748
2023-04-21,113.9469757080078,114.10308536346224,111.70642419074528,113.85515103206464,1210100,MTB,110.17384834289551,123.00540771484376,144.57740303039552,-0.005768837625717227,0.023972117289110674,-0.3384923981754311,59.308025921994506,-1.5996961930288052,-3.435564987366648,110.17384834289551,117.50247443769953,102.84522224809149,0.1330374894774492
2023-04-24,114.32347106933594,114.84687945183208,113.01035782822828,113.88270279713046,1161600,MTB,110.61323623657226,122.41892517089843,144.435747756958,0.0033041277224672427,0.02361493435065971,-0.33630669256961965,62.07038480985155,-1.3362139856155437,-3.0156947870164275,110.61323623657226,117.82379061754709,103.40268185559744,0.13037416906514462
2023-04-25,110.20047760009766,113.57967753327094,109.44750404461864,112.53286080994091,1891500,MTB,110.70873527526855,121.72758804321289,144.27316310882568,-0.03606427823327485,0.024657716981188273,-0.36024231267035134,55.28181004501292,-1.443454310850754,-2.7012466917832927,110.70873527526855,117.83991660178316,103.57755394875394,0.1288277986155923
2023-04-26,110.76979064941406,112.4134782162693,108.92409160441652,110.18210433571733,1287900,MTB,110.77071723937988,121.0055778503418,144.1144578933716,0.005166157731025134,0.024559561320564676,-0.3569372235479705,55.92341002561029,-1.4656096009231874,-2.454119273611272,110.77071723937988,117.8802827932556,103.66115168550415,0.12836543323108895
2023-04-27,113.9469757080078,114.41529066282372,111.12791542133334,111.83498013822042,1102000,MTB,110.84831047058105,120.36003860473633,143.9752307510376,0.028682775691519558,0.024702665597827456,-0.3384923981754311,60.69549459374144,-1.2128149705117863,-2.2058584129913745,110.84831047058105,118.06558039529916,103.63104054586294,0.13021885302678674
2023-04-28,115.51720428466795,115.65493779151464,112.94607140167014,112.94607140167014,1419800,MTB,111.13343162536621,119.75264068603515,143.860737991333,0.013780344470781802,0.024190389403526403,-0.32937659555224774,63.0183722614216,-0.8756748468888134,-1.9398216997708624,111.13343162536621,118.62415830999055,103.64270494074188,0.13480599987006206
2023-05-01,111.7431411743164,115.73757361617476,111.69722533932898,114.8468596612919,1512000,MTB,111.23076629638672,119.08013931274414,143.7433601760864,-0.03267100458085148,0.025459270476616565,-0.3512865358709865,54.937892450692814,-0.9026193873616677,-1.7323812372890237,111.23076629638672,118.69890104343965,103.76263154933379,0.13428181780485546
2023-05-02,107.8038101196289,111.45848386845316,105.24186186560952,111.29319665833016,2988500,MTB,111.16924247741699,118.324482421875,143.58096061706544,-0.035253448339547244,0.026691956150904462,-0.3741559224658274,51.39915633877698,-1.2276921526375588,-1.631443420358731,111.16924247741699,118.73322535170308,103.60525960313089,0.13608049683027482
2023-05-03,105.4255142211914,111.7339680811418,104.89292831181426,108.33640611632951,2254800,MTB,111.06042823791503,117.60264602661132,143.3987668991089,-0.022061334342434846,0.026991894537706163,-0.38796287790654155,47.83903094480859,-1.6581096084682514,-1.636776657980635,111.06042823791503,118.89815986470342,103.22269661112665,0.14114355132862078
2023-05-04,104.38788604736328,106.00402698637396,100.42099974671798,103.19414422766044,4063200,MTB,110.8891716003418,116.88281677246094,143.18112098693848,-0.009842287054451448,0.02706004013512938,-0.39398672295016574,46.48126574047915,-2.0592091833593003,-1.7212631630563684,110.8891716003418,119.16320518049032,102.61513802019327,0.14923068611188042
2023-05-05,108.88736724853516,111.51359369466115,107.8221813587111,109.04346990301056,2045800,MTB,110.93554344177247,116.24350906372071,142.9822456741333,0.04310348040892742,0.02882586990447183,-0.3678654415352983,40.47875237182853,-1.9910612424156682,-1.7752227789282284,110.93554344177247,119.15063879403404,102.7204480895109,0.14810573955629444
2023-05-08,106.7294464111328,110.65960116602751,106.4906966626675,110.65041659722448,1145300,MTB,110.87952919006348,115.53537033081055,142.7560566329956,-0.019817917283984965,0.0291930212987786,-0.38039303192730006,37.9624878483141,-2.087120657566956,-1.837602354655974,110.87952919006348,119.19784474510391,102.56121363502305,0.15004240396406512
2023-05-09,107.18858337402344,107.81300098140429,104.4613477506949,105.92137902052404,1078100,MTB,110.81249618530273,114.85571426391601,142.5333306503296,0.004301877113856545,0.029173287471105546,-0.377727558891762,32.150789481986436,-2.1019697218843305,-1.8904758281016454,110.81249618530273,119.23155532164353,102.39343704896194,0.15195143916372542
2023-05-10,105.47144317626952,108.4741531126535,104.44298848868748,108.28131917231455,893000,MTB,110.7445457458496,114.1377099609375,142.28639297485353,-0.016019804942865368,0.029183615815694078,-0.3876962420196367,34.99248097687149,-2.22662937811468,-1.9577065381042522,110.7445457458496,119.31942300876474,102.16966848293447,0.15485868320041396
2023-05-11,103.9930191040039,106.24275490482776,102.82683115553216,103.79100063912546,1477900,MTB,110.59303169250488,113.41034744262696,142.04391735076905,-0.01401729252717998,0.029339252569722328,-0.3962790829107391,34.077560635206126,-2.416859469209612,-2.049537124325324,110.59303169250488,119.54361866003796,101.6424447249718,0.16186529712684752
2023-05-12,102.32179260253906,105.17758401037038,101.42189401182448,104.96638096162594,1312400,MTB,110.35612030029297,112.7016340637207,141.7788066482544,-0.016070564311566393,0.029527695501177523,-0.4059812187350599,31.565583176147214,-2.6716747946093022,-2.17396465838212,110.35612030029297,119.92960859395029,100.78263200663565,0.1735017191181902
2023-05-15,105.49899291992188,105.73774271255016,102.59729215524764,102.92785962979694,878800,MTB,109.86163711547852,112.01018417358398,141.52549587249757,0.031051061915269518,0.024274236195078677,-0.3875363047791692,42.56248948460885,-2.5874181177425157,-2.2566553502541993,109.86163711547852,119.36200235204328,100.36127187891375,0.17295145941760676
2023-05-16,103.7175521850586,106.7753622604942,103.70837462142578,105.82955477905422,1106500,MTB,109.27486801147461,111.29081848144531,141.24729278564453,-0.01688585535802667,0.024407661454683267,-0.39787827814871074,39.25576289638328,-2.634028037875936,-2.332129887778547,109.27486801147461,118.77081373275102,99.7789222901982,0.17379926224718523
2023-05-17,110.17293548583984,110.1912976195692,105.47143759865958,105.7928274822285,1073400,MTB,108.83272552490234,110.84601364135742,141.00747333526613,0.06224002750530788,0.02763383910867382,-0.36040220561914316,44.77234870045041,-2.1255690164038867,-2.290817713503615,108.83272552490234,117.17201663488852,100.49343441491617,0.15324969708818031
2023-05-18,112.53285217285156,112.90933541880848,108.712884278204,109.75970092118904,2266400,MTB,108.72896156311035,110.51856155395508,140.78969120025636,0.021420112631155508,0.026983286739735397,-0.34670194882486655,45.95469222195175,-1.5147252152450363,-2.1355992138518993,108.72896156311035,116.81342648273728,100.64449664348341,0.14870858331401268
2023-05-19,111.66969299316406,113.0011683096558,109.649522097982,112.94607490520818,1506500,MTB,108.61509742736817,110.29762802124023,140.5554697036743,-0.0076702861699593505,0.02700590439284587,-0.35171293183165653,49.89191066950713,-1.0877380666740635,-1.9260269844163322,108.61509742736817,116.45043103895928,100.77976381577706,0.14427706271369253
2023-05-22,113.19401550292967,113.6715150833748,110.56779583357977,112.28493919408646,1213100,MTB,108.55862464904786,110.14244232177734,140.3336741256714,0.013650279399074927,0.027184462104743387,-0.34286363222035154,58.53943256023306,-0.6192097236622374,-1.6646635322655134,108.55862464904786,116.23540204908235,100.88184724901336,0.14143099960693592
2023-05-23,113.85514831542967,116.72012437460296,113.84597075209594,114.3234632590714,1161000,MTB,108.74135818481446,110.08514266967774,140.10023189544677,0.0058407046482320535,0.025852887475939397,-0.3390254927825387,64.12305909860518,-0.1923326525143665,-1.370197356315284,108.74135818481446,116.74952479764791,100.73319157198101,0.14728833162489918
2023-05-24,111.55950164794922,113.36847652894257,111.02691571302756,112.89098399968805,910700,MTB,108.78084373474121,109.97605331420898,139.8531113433838,-0.02016287099394476,0.026303328386287784,-0.35235263650185056,61.52936068332458,-0.038821488735834464,-1.1039221827993941,108.78084373474121,116.83875506803196,100.72293240145046,0.14814945456646245
2023-05-25,111.19219207763672,111.6880537287831,109.55768904558398,110.73306169758712,710100,MTB,108.64310455322266,109.90626556396484,139.60119060516357,-0.00329249920344421,0.025470245376420585,-0.3544850149302809,54.273043185038,0.05259215236186776,-0.8726193157671418,108.64310455322266,116.4184154271587,100.8677936792866,0.143134916954201
2023-05-26,113.49703216552734,113.6623193878457,110.00764536936876,111.16464891982338,1008400,MTB,108.54209594726562,109.83353927612305,139.33879180908204,0.0207284346573664,0.025727375958739817,-0.3411044997419124,62.478824259288736,0.3074750730267226,-0.636600438008369,108.54209594726562,115.98686440378658,101.09732749074466,0.13717753267152585
2023-05-30,114.99380493164062,115.27846354240988,110.843262125089,113.3225705287656,1248600,MTB,108.70462913513184,109.88367645263672,139.074672164917,0.013187770090149487,0.024740595055158743,-0.3324151373710747,63.8616981781426,0.6230663560520782,-0.3846670791962795,108.70462913513184,116.57350533448471,100.83575293577897,0.14477536535396276
2023-05-31,110.56776428222656,114.20510416314606,109.49140470236014,113.9545690185072,2113600,MTB,108.84282684326172,109.85980133056641,138.77517585754396,-0.03848938342413466,0.025004303286324497,-0.35811006711694765,58.256409800034696,0.5101495447249107,-0.20570375441204147,108.84282684326172,116.7421150935513,100.94353859297213,0.1451503691954803
2023-06-01,112.5534439086914,112.87820510105765,109.57490061499,111.40285128536098,1114000,MTB,109.19922332763672,109.7683869934082,138.4836771774292,0.017958938026424676,0.024612780695731168,-0.34658240559251496,63.64425457069493,0.5742700810415613,-0.049708987321320924,109.19922332763672,117.09251654947778,101.30593010579565,0.14456683813873586
2023-06-02,116.53410339355467,116.923823917138,113.18441546012228,114.6226456701404,1176300,MTB,109.8065341949463,109.93821792602539,138.2068732070923,0.03536683860240264,0.0253810828593239,-0.3234730909911353,71.09934668950083,0.9355080660532025,0.14733442335358377,109.8065341949463,118.00434313616081,101.60872525373178,0.14931368158219882
2023-06-05,113.2864761352539,116.97021323113697,112.35858294553076,116.97021323113697,1341700,MTB,110.02648963928223,110.14024795532227,137.9169295501709,-0.027868470805777812,0.024850030003051114,-0.3423268614041719,61.53703564302139,0.9487982380804567,0.30762718629895835,110.02648963928223,118.35547339490513,101.69750588365933,0.15139960900196242
2023-06-06,117.93521118164062,119.16002978618604,114.51129046851514,116.63615943033189,1726700,MTB,110.58677787780762,110.38823791503906,137.64816383361816,0.04103521624978912,0.02571335469415127,-0.3153391019402146,69.41389434258997,1.3192375134479875,0.5099492517287643,110.58677787780762,119.4710132782348,101.70254247738043,0.16067445983901954
2023-06-07,120.5982666015625,121.45192654931468,116.93308463143764,118.34348609919232,1436900,MTB,111.25726203918457,110.63439331054687,137.40331031799317,0.022580664360029923,0.025998703297595144,-0.2998790040006899,65.88021871386488,1.806871138604933,0.769333629103998,111.25726203918457,121.04024386807212,101.47428021029701,0.17586235090779084
2023-06-08,119.33633422851562,120.24566551791077,116.83102564673906,119.52191002003144,1119000,MTB,111.95050659179688,110.83051696777343,137.17343101501464,-0.010463934587186863,0.025777201851820964,-0.3072050243059428,60.72194127223454,2.067662181107579,1.0289993395047143,111.95050659179688,121.96934076377994,101.93167241981382,0.17898684833137118
2023-06-09,117.7682113647461,119.57760039779278,117.3321003979954,119.26212008608772,903500,MTB,112.63926620483399,110.93797897338867,136.93472316741943,-0.013140363946212319,0.025741173800849344,-0.31630860242667,59.40204346785902,2.1233301234957764,1.2478654963029268,112.63926620483399,122.24000320398743,103.03852920568055,0.1704687418984876
2023-06-12,116.31140899658205,120.30134543329592,114.938131051034,116.94237664377694,1152500,MTB,113.33874702453613,111.06791152954102,136.68855171203614,-0.012370081461559379,0.025582828908672757,-0.3247659207092195,54.81609057484091,2.026534959262648,1.403599388894871,113.33874702453613,121.73769582729703,104.93979822177523,0.14820966391913
2023-06-13,117.56405639648438,119.16003370811264,115.17009750830474,116.04231223406272,778900,MTB,113.94200019836425,111.22326370239257,136.43342163085939,0.010769772378384168,0.02496272654335084,-0.31749380337313,55.62708237259448,2.027530164949553,1.5283855441058076,113.94200019836425,121.67694247001386,106.20705792671465,0.13576981724357412
2023-06-14,113.11017608642578,118.7424872080984,112.48848937667708,117.10939328644452,1494500,MTB,114.41163139343261,111.30478149414063,136.1726807785034,-0.037884711080722666,0.026365835819160712,-0.34335035344314185,52.20805062318631,1.64990883225002,1.5526902017346502,114.41163139343261,120.49752278653627,108.32574000032896,0.10638588610236337
2023-06-15,115.77323150634766,116.12583545325046,112.52560530474244,112.95244240670512,1405200,MTB,114.691646194458,111.46821014404297,135.9273208618164,0.02354390658791905,0.023141640957286116,-0.32789025550361717,56.122771539002464,1.5476867522968405,1.5516895118470884,114.691646194458,120.46363112761264,108.91966126130336,0.10065222925422704
2023-06-16,114.27932739257812,117.14651391937026,113.20296790624296,116.72896482027382,2641300,MTB,114.77896995544434,111.59753631591796,135.67799377441406,-0.012903709210946746,0.022955153475836525,-0.3365629642044422,51.06874100627193,1.3307889341149206,1.507509396300655,114.77896995544434,120.4656525367535,109.09228737413518,0.09908927713006399
2023-06-20,113.38854217529295,113.90816716271,112.15444964342728,113.73186519561644,977700,MTB,114.86491241455079,111.7061085510254,135.42330867767333,-0.007794806266448351,0.022957651531873593,-0.3417343273684554,47.77003030100694,1.074629270808714,1.420933371202267,114.86491241455079,120.40377356038188,109.3260512687197,0.09644130708673128
2023-06-21,113.34215545654295,114.34428180856612,112.33074819035387,113.77826639191952,944900,MTB,114.87231941223145,111.81595703125,135.1727759552002,-0.00040909529181787363,0.0227648208481316,-0.34200362075589424,54.38801626116324,0.8579875254598903,1.3083442020537916,114.87231941223145,120.40216119653691,109.34247762792599,0.09627805571612147
2023-06-22,109.11094665527344,113.65762427880745,108.7954663980926,113.65762427880745,1197000,MTB,114.63510932922364,111.8275910949707,134.9013585662842,-0.03733128935325236,0.024213665935468323,-0.36656747398284834,44.9163925342856,0.3409440026441928,1.1148641621718718,114.63510932922364,120.72711219393304,108.54310646451424,0.10628511457538918
2023-06-23,107.5149917602539,109.06457176472225,106.9953667344054,107.6541700821866,2618700,MTB,114.43288383483886,111.84128189086914,134.6297806930542,-0.01462689990273669,0.02402416866957066,-0.37583262813603885,35.672168310598835,-0.1953451194225977,0.852822305852978,114.43288383483886,121.18726920743762,107.6784984622401,0.11804972742533301
2023-06-26,110.57703399658205,110.82756913188352,107.91398496981812,107.91398496981812,1399400,MTB,114.40212593078613,111.91235656738282,134.356382522583,0.028480142035969713,0.02493743084790074,-0.35805625273113534,45.670228683009825,-0.3690230267544905,0.6084532393314844,114.40212593078613,121.2239138165817,107.58033804499055,0.11925980973330494
2023-06-27,113.03594207763672,113.95455430441702,109.27797202740204,110.44711936647148,1012300,MTB,114.3790714263916,112.031875,134.072272605896,0.02223705947051058,0.02500556047934906,-0.3437813114463952,41.58163178355242,-0.30473785906136186,0.4258150196529152,114.3790714263916,121.2168363073955,107.54130654538771,0.11956321721678463
2023-06-28,112.8318099975586,112.93387881435586,110.92035229983378,112.4513774725296,834100,MTB,114.2709716796875,111.98073806762696,133.788452835083,-0.0018059041781411933,0.024816380090787897,-0.34496637951782844,35.423187437047616,-0.267183231398505,0.28721536944263115,114.2709716796875,121.13612081732325,107.40582254205177,0.1201556097182653
2023-06-29,115.2536163330078,116.87742947260534,114.13086638314056,114.13086638314056,1316200,MTB,114.50526428222656,111.97675170898438,133.50345359802247,0.02146386143678458,0.023596813092762188,-0.3309068286513637,42.65688627717454,-0.041522738733362985,0.22146774780743234,114.50526428222656,121.15472457300291,107.85580399145022,0.11614243820942775
2023-06-30,114.83606719970705,116.85887470794366,114.6226486436544,116.30213311102844,969100,MTB,114.61939544677735,111.89315734863281,133.23566661834718,-0.0036228722931721524,0.023337092914738088,-0.33333086776339343,44.49859803157565,0.10244122339035755,0.19766244292401738,114.61939544677735,121.20585827192721,108.03293262162748,0.1149275443213839
2023-07-03,118.25997161865234,118.25997161865234,115.08657894639074,115.24431907284097,753900,MTB,114.70568885803223,111.96619415283203,132.9986944580078,0.029815584096857917,0.022939752949052226,-0.3134537381864136,53.404653647856506,0.4871980564984142,0.25556956563889677,114.70568885803223,121.44131053267935,107.97006718338511,0.11744180679623652
2023-07-05,116.46915435791016,118.1300840783291,115.81963193283616,116.78464173527716,901600,MTB,114.86482276916504,112.01663772583008,132.73807857513427,-0.01514305505261715,0.02226385132054219,-0.32385014602522516,48.122231157477906,0.640236385780284,0.3325029296671742,114.86482276916504,121.60964566750246,108.11999987082763,0.11743931232788243
2023-07-06,116.2742919921875,116.58977935425636,113.035946779753,114.07518968874147,993500,MTB,114.78177680969239,112.0556541442871,132.49298587799072,-0.0016730813132191935,0.020240804977270682,-0.3249813997108462,56.35484154689483,0.7372974933847445,0.4134618424106883,114.78177680969239,121.40726835493982,108.15628526444496,0.11544500755084947
2023-07-07,119.2899398803711,120.42197064449212,115.96808781753576,116.20006110266672,1133400,MTB,114.71636047363282,112.23744338989258,132.24290328979492,0.0259356375043438,0.020455047180991857,-0.30747436198505723,56.96435553927819,1.0455047739739882,0.5398704287233483,114.71636047363282,121.1222426612726,108.31047828599304,0.11168210290479268
2023-07-10,120.13433074951172,120.87664812275914,118.40844887408517,118.72392915619426,908600,MTB,114.75626029968262,112.42473419189453,131.99753986358644,0.007078475100141812,0.02037431343203654,-0.30257233650015863,61.901189177587625,1.3424219460597016,0.700380732190619,114.75626029968262,121.29193093899164,108.2205896603736,0.11390525662375725
2023-07-11,121.97156524658205,122.20353855977773,119.72606527387116,121.18286447683316,959700,MTB,114.96642799377442,112.58522598266602,131.76832305908204,0.015293167952973308,0.020362163700196348,-0.2919064581072058,66.79991183359257,1.706311121151714,0.901566809982838,114.96642799377442,122.14829951231421,107.78455647523462,0.12493858674862371
2023-07-12,122.0086898803711,125.51612527123348,121.5725789153963,123.15926846155772,1283000,MTB,115.25129203796386,112.71505569458007,131.5503204727173,0.00030437121729143257,0.020088333533146596,-0.2916909348139037,66.96952494771445,1.9749258459716401,1.1162386171805985,115.25129203796386,123.08056371243107,107.42202036349666,0.13586436275071415
2023-07-13,123.67887878417967,125.03360909015872,122.34272446517268,122.85305439994384,807400,MTB,115.55703315734863,112.95377044677734,131.3600591659546,0.013689097927747529,0.020161399225056394,-0.28199482265745984,81.70448062346046,2.29610714297516,1.3522123223395108,115.55703315734863,124.20170158142076,106.91236473327649,0.14961734803802196
2023-07-14,121.359130859375,124.70882547642128,119.50334468169892,124.70882547642128,933900,MTB,115.9694808959961,113.22487686157227,131.16628993988036,-0.018756217291172605,0.018520086405323377,-0.29546188377988347,79.20906988655892,2.3365273316063053,1.5490753241928696,115.9694808959961,124.9048494507751,107.0341123412171,0.15409862121901594
2023-07-17,121.87876892089844,122.81593588998882,120.29206543061954,121.3313012108802,868800,MTB,116.27475776672364,113.5539419555664,130.9743050765991,0.00428182088849649,0.01792447649390988,-0.2924451777571103,76.71053205734114,2.383021087360717,1.7158644768264393,116.27475776672364,125.59097051687081,106.95854501657647,0.16024480169355132
2023-07-18,125.0428695678711,125.42330913846556,121.27562583190196,121.27562583190196,1300500,MTB,116.81293487548828,113.96704162597656,130.78977897644043,0.02596104863043225,0.01824473460207333,-0.2740763126081658,77.46179918642677,2.644697772825836,1.9016311360263187,116.81293487548828,126.85879283523217,106.7670769157444,0.1719990679191792
2023-07-19,128.1420440673828,131.06490169848766,126.24913419549424,127.7152070073216,2308700,MTB,117.55060997009278,114.35213516235352,130.64022956848146,0.024784895853893874,0.018525625281597548,-0.25608436961828457,80.92203536503933,3.0668037084324737,2.13466565050755,117.55060997009278,128.64926284247352,106.45195709771203,0.1888319061075815
2023-07-20,128.55035400390625,128.8287248742301,125.69245460027136,128.23487362485352,1527100,MTB,118.31101989746094,114.78855331420898,130.48603225708007,0.0031863853858045132,0.018474490040750014,-0.2537139677253647,79.23299104641853,3.3951358898591195,2.386759698377864,118.31101989746094,130.24790892422087,106.374130870701,0.20178828712837615
2023-07-21,127.91935729980467,129.7473080390799,126.58318882454498,129.65451305553762,1629300,MTB,119.2514404296875,115.20316879272461,130.30743637084962,-0.0049085567207570735,0.015631769644858434,-0.2573771550446935,78.49627788429484,3.5633492762353143,2.6220776139493545,119.2514404296875,131.09973813289855,107.40314272647647,0.1987111880664784
2023-07-24,129.71017456054688,130.8329314788757,128.03069025869985,128.03069025869985,987900,MTB,120.36119956970215,115.68794342041015,130.10927398681642,0.013999579880197954,0.01472570827045455,-0.24698074720588178,76.84935354428048,3.797389639338718,2.857140019027227,120.36119956970215,131.72897339219028,108.99342574721402,0.1888943257981566
2023-07-25,127.92861938476562,130.5638465949439,127.8172767415628,129.905036252768,927900,MTB,121.22877883911133,116.16665542602539,129.90907417297365,-0.013734891513461411,0.01489106252535583,-0.25732338495055673,76.8827490719101,3.79536113898034,3.04478424301785,121.22877883911133,132.08968806631526,110.3678696119074,0.1791803783096418
2023-07-26,130.31332397460938,131.67732811863152,129.57100657890948,130.4153927934997,1005500,MTB,122.09264793395997,116.7264860534668,129.72848167419434,0.018640899912093722,0.014723491713633676,-0.24347922450236753,79.86566549852175,3.940752724054846,3.2239779392252492,122.09264793395997,132.95821788055304,111.2270779873669,0.17798893103653984
2023-07-27,128.25338745117188,131.97423374418483,127.6224127707198,130.7030247077278,898200,MTB,122.86372680664063,117.1815739440918,129.54685531616212,-0.015807566414612118,0.01548919642053981,-0.2554379769050802,69.87643977923808,3.845429226456602,3.34826819667152,122.86372680664063,133.13466934845763,112.59278426482363,0.16719243032536546
2023-07-28,129.951416015625,130.11842995764948,128.62452167816244,129.89574470161685,771700,MTB,123.59861679077149,117.70625122070312,129.37724464416505,0.013239639109724033,0.01517817192013102,-0.24558024442449744,70.97528142930125,3.8623782893037486,3.451090215197966,123.59861679077149,133.67838839886633,113.51884518267663,0.1631049257639825
2023-07-31,129.775146484375,131.45463094939566,128.42970414533,131.18554814499743,1781500,MTB,124.34557075500489,118.09829544067382,129.21665115356444,-0.0013564263988382619,0.015109844219262912,-0.2466035592967651,67.9470294425535,3.8175803754882054,3.524388247256014,124.34557075500489,133.89121697850828,114.7999245315015,0.15353415751833974
2023-08-01,128.6987762451172,129.00498268166984,126.60174283668093,128.46680295910994,1002800,MTB,124.86751098632813,118.42161392211914,129.0518960571289,-0.008294116927754058,0.014365112689896762,-0.25285231746891146,64.68422690207882,3.6531128128088852,3.550133160366588,124.86751098632813,134.15002899492492,115.58499297773132,0.14867787361619078
2023-08-02,128.4482421875,129.6637941093297,126.74092218650114,127.07496428743796,973100,MTB,125.46646537780762,118.75718490600586,128.84783081054687,-0.0019466700844149587,0.01371150584134285,-0.2543067675111347,61.16414415431249,3.4626399222068045,3.532634512734632,125.46646537780762,133.98145194787628,116.95147880773897,0.13573326616682993
2023-08-03,129.738037109375,129.96072242122048,126.94506944941269,127.52035871638276,708200,MTB,126.139652633667,119.08806533813477,128.65780792236328,0.010041359071245592,0.013661746421435923,-0.24681899400671622,70.60701220839378,3.3768383643951125,3.5014752830667284,126.139652633667,133.66624247093512,118.61306279639888,0.11933741183078624
2023-08-04,129.78440856933594,130.7772610222315,128.72661095926978,128.72661095926978,796100,MTB,126.66437606811523,119.40665054321289,128.45744033813477,0.0003574237825245685,0.012827839262591928,-0.2465497892026285,69.90646607435683,3.274831580985193,3.4561465426504214,126.66437606811523,133.62205825359933,119.70669388263114,0.10986012644537911
2023-08-07,131.34327697753906,132.15053947970998,130.2019723781723,130.29475319718318,616500,MTB,127.22482337951661,119.80232604980469,128.25826805114747,0.01201121479372702,0.012931022587676408,-0.23749993688436233,67.25975226258007,3.281945893429679,3.421306412806273,127.22482337951661,133.76076401093073,120.68888274810249,0.10274631094463627
2023-08-08,129.4318084716797,129.57098676773788,124.42117743571688,127.4182822237322,826900,MTB,127.59783554077148,120.16711837768554,128.16841186523436,-0.0145532268559605,0.013341570170648225,-0.24859677328056837,53.779191421325784,3.097636874012153,3.356572505047449,127.59783554077148,133.70915843036983,121.48651265117316,0.09579038490265888
2023-08-09,125.35836791992188,129.032816797482,125.07070915555742,128.39256827040813,676800,MTB,127.76531944274902,120.40434509277344,128.06569160461424,-0.03147171162835993,0.015417217974421905,-0.27224471894850144,42.30073330555773,2.5929876908637652,3.2038555422107127,127.76531944274902,133.39643449176836,122.13420439372968,0.08814778648195869
2023-08-10,125.35836791992188,126.89865976007758,124.44902245552896,126.1934660761331,687500,MTB,127.84929389953614,120.61163635253907,127.96129890441894,0.0,0.015147619685962756,-0.27224471894850144,43.62879635091751,2.1680575594413654,2.9966959456568434,127.84929389953614,133.26998143588608,122.42860636318618,0.08479808329030779
2023-08-11,126.10066223144533,126.46253996149132,123.9850671698648,124.43973987008656,453000,MTB,128.08637046813965,120.92229431152344,127.8544255065918,0.005921378236175112,0.014461734016515394,-0.2679354046660216,40.5260337526043,1.8696422441813354,2.771285205361742,128.08637046813965,132.66054727477405,123.51219366150526,0.07142331834240204
2023-08-14,123.2891616821289,125.03360538257336,123.01080505633564,125.024331547889,651600,MTB,128.15689010620116,121.13700866699219,127.73186733245849,-0.022295684253871628,0.015431317171984468,-0.2842572857370263,38.44732511585866,1.3902553608363348,2.4950792364566605,128.15689010620116,132.3562416528191,123.95753855958323,0.06553454196864512
2023-08-15,118.01873779296876,121.59111810028443,117.80531924314243,121.50761111074152,1195200,MTB,127.80568351745606,121.16670135498048,127.57617725372315,-0.04274847697276629,0.01707019397964339,-0.31485419667612224,23.232256118385166,0.5783913059653969,2.111741650358408,127.80568351745606,133.86473009454778,121.74663694036433,0.09481654352662909
2023-08-16,119.03013610839844,119.7631796500548,116.81247197247738,117.9352218718098,923100,MTB,127.35008811950684,121.28157455444335,127.4161877822876,0.008569811322706178,0.016048227058705667,-0.3089826264130927,28.958454735901114,0.01640547268522141,1.6926744148237707,127.35008811950684,134.56305840099017,120.1371178380235,0.11327782160173458
2023-08-17,119.45697021484376,120.28279455882443,118.74248851905456,119.92091679367618,546900,MTB,126.89541893005371,121.31200973510742,127.25331554412841,0.003585933112406181,0.0160573100141345,-0.3065046843318994,24.5842658097246,-0.39003433091113493,1.2761326656767895,126.89541893005371,134.89349971252994,118.89733814757749,0.12605783329160006
2023-08-18,118.47340393066406,119.37345438710662,117.74036745394758,118.29710195749104,529400,MTB,126.42312126159668,121.26951248168945,127.08466663360596,-0.008233644988741573,0.016089434313583197,-0.3122146785624658,23.65913075640057,-0.7824863668723339,0.864408859166965,126.42312126159668,135.2402665458426,117.60597597735075,0.13948627745080497
2023-08-21,119.1322021484375,119.37344927277044,117.61045793362553,119.0579689966752,535400,MTB,125.89422264099122,121.26542984008789,126.92053203582763,0.005560726677178884,0.01570683694909345,-0.3083900923773761,27.260659422923368,-1.0284921056876755,0.48582866619603693,125.89422264099122,135.13979454477936,116.64865073720307,0.1468784144313511
2023-08-22,116.63616943359376,119.3085063121667,116.58977902233488,118.63114117856644,760900,MTB,125.32960014343261,121.24278900146484,126.76375980377198,-0.02095178859980873,0.01601901223406175,-0.3228805569554185,24.63129125074559,-1.4086246577306838,0.10693800141069282,125.32960014343261,135.39496187216398,115.26423841470127,0.16062225870364413
2023-08-23,117.40631866455078,118.01873153913355,115.4762992212912,116.38563761950904,592600,MTB,124.68424987792969,121.26468719482422,126.6086686706543,0.006603005180099819,0.015314973998757822,-0.31840953376544884,22.910594771178296,-1.6289601982267072,-0.2402416385167872,124.68424987792969,135.05466329742023,114.31383645843913,0.1663468069085479
2023-08-24,117.2021942138672,119.51265350485112,117.16507763433285,117.23002987870204,420400,MTB,124.13169021606446,121.25744995117188,126.439765625,-0.0017386155447629559,0.015118557884539316,-0.31959455754520644,22.55057046776561,-1.799307541425108,-0.5520548190984513,124.13169021606446,134.87243383609135,113.39094659603755,0.17305401386755448
2023-08-25,116.52481842041016,118.2507001708711,115.3649520332328,117.68468480758752,448100,MTB,123.46036033630371,121.32574279785156,126.25866184234619,-0.0057795487362718445,0.014538652095226166,-0.32352699396029855,16.37885162716674,-1.9663013061848318,-0.8349041165157275,123.46036033630371,134.34693911514125,112.57378155746615,0.17635747618397868
2023-08-28,117.93521118164062,119.0115634926593,116.73822823731588,117.41559331282212,559000,MTB,122.868363571167,121.36898239135742,126.07778507232666,0.012103797116781667,0.015035615717166865,-0.3153391019402146,23.308830562453736,-1.9622189209134149,-1.0603670773952651,122.868363571167,133.59560517324064,112.14112196909335,0.17461356675203518
2023-08-29,118.94662475585938,119.66110644329584,116.88670083724315,117.6754085961852,638200,MTB,122.3807559967041,121.46232833862305,125.92248554229737,0.008576010201575723,0.015292205473333681,-0.3094674430938338,32.646861568043136,-1.85597643740509,-1.2194889493972303,122.3807559967041,132.8761809077629,111.8853310856453,0.1715208379876563
2023-08-30,117.31353759765624,119.46624953919194,116.60833678323118,118.72393214724308,1192200,MTB,121.82402076721192,121.54082824707031,125.73981113433838,-0.013729579645955337,0.015442493113237124,-0.3189481648320022,29.995340570878696,-1.8818620548275362,-1.3519635704832915,121.82402076721192,132.14410303550346,111.50393849892039,0.16942606561987836
2023-08-31,117.23854064941406,118.2885733552844,116.31975487896617,117.74480233099506,967900,MTB,121.19904594421386,121.61875595092773,125.5747960281372,-0.0006392863924996606,0.015097305936589903,-0.319383552002812,27.206587620660756,-1.8866797503336414,-1.4589068064533617,121.19904594421386,131.0021342682765,111.39595762015122,0.16176840746048216
2023-09-01,117.90418243408205,120.36052210141264,117.71667149412684,117.93230728687256,1160000,MTB,120.60503463745117,121.7946206665039,125.41469123840332,0.005677670337594032,0.015241786507944544,-0.3155192361847398,34.431288297548534,-1.8158540446132463,-1.5302962540853386,120.60503463745117,129.62627569770035,111.583793577202,0.14959974245466254
2023-09-05,116.07598876953124,118.57920796970936,116.02911639896988,117.6791697600746,705200,MTB,119.84167022705078,121.96584060668945,125.22704948425293,-0.015505757529618691,0.014894112788280695,-0.32613262894214745,42.9874807915796,-1.8855091367951928,-1.6013388306273095,119.84167022705078,127.52098156167342,112.16235889242814,0.12815761529480516
2023-09-06,114.18216705322266,116.17911015515566,113.39463546116323,115.40095589769982,777100,MTB,119.07918815612793,122.03794326782227,125.03549800872803,-0.016315361483319024,0.01495214508503104,-0.3371270186927702,33.548839080584784,-2.069669028132779,-1.6950048701284035,119.07918815612793,125.70525793955812,112.45311837269773,0.111288460830663
2023-09-07,111.87583923339844,114.47280306782037,110.83517680209738,113.76027582818838,1219500,MTB,118.40506172180176,122.0147412109375,124.83603084564209,-0.020198669191040963,0.014137250609304734,-0.350516170757874,27.184403155738806,-2.3743484382763143,-1.830873583757986,118.40506172180176,125.08447253553015,111.72565090807336,0.11282306206506584
2023-09-08,114.17279815673828,114.24780253348926,110.46016734129743,112.23210461337578,837500,MTB,117.84578323364258,122.0415609741211,124.6357543182373,0.02053132239346045,0.015264054973783157,-0.33718140887036474,38.005437981350504,-2.402766085520909,-1.9452520841105705,117.84578323364258,123.91948411082608,111.77208235645908,0.10307879858784086
2023-09-11,118.27920532226562,119.54487385484566,115.17596521539002,115.17596521539002,1181200,MTB,117.4547103881836,122.10207275390626,124.46093643188476,0.03596659827755122,0.017642152913299625,-0.3133420788723127,48.004678664817284,-2.0700720342827736,-1.9702160741450112,117.4547103881836,122.13867674993438,112.77074402643282,0.07975782914572666
2023-09-12,121.5136947631836,121.83245266017062,118.8323488828332,119.4604944935864,1401800,MTB,117.36593704223633,122.23562530517579,124.29257343292237,0.02734622228907635,0.01827248826797842,-0.29456457872459996,61.02844801264122,-1.527801787635127,-1.8817332168430345,117.36593704223633,121.63306321151607,113.09881087295658,0.07271489968582867
2023-09-13,118.28856658935548,122.72309478705884,117.39791287688288,122.39496673805414,829300,MTB,117.37942848205566,122.23619720458984,124.10718078613282,-0.026541273229437334,0.016584729675141036,-0.3132877329863936,51.795496213928004,-1.3428105166623254,-1.7739486768068926,117.37942848205566,121.65693866214664,113.10191830196467,0.07288347260516621
2023-09-14,120.88555145263672,121.56994678698403,119.6292530544139,120.0230224943415,993400,MTB,117.47219924926758,122.32452514648438,123.9335527420044,0.021954656634709302,0.01719711963069295,-0.2982112009572671,56.83084309201746,-0.975404768069609,-1.6142398950594359,117.47219924926758,121.97499668807455,112.9694018104606,0.07666149893477973
2023-09-15,121.22306060791016,121.27931031796489,119.27298959414864,119.54487511409909,2323300,MTB,117.5605037689209,122.42350051879883,123.77345413208008,0.0027919726652003707,0.01719154165081066,-0.296251825813596,58.8241986820332,-0.649511730226493,-1.4212942620928475,117.5605037689209,122.29071616123792,112.83029137660387,0.080472815965723
2023-09-18,118.77609252929688,121.55118300351872,118.48545235103904,121.55118300351872,775200,MTB,117.57563819885254,122.41322357177734,123.59479309082032,-0.020185664891995025,0.017724275483013877,-0.3104574506260761,51.52014520658285,-0.5819803167604221,-1.2534314730263625,117.57563819885254,122.3200644549466,112.83121194275849,0.08070423990503776
2023-09-19,118.50420379638672,119.26360343720488,117.16353096768624,119.20735373131052,884600,MTB,117.54423828125,122.38062103271484,123.41340686798095,-0.0022890863566933373,0.017687974346019722,-0.3120358730682075,49.17821843072867,-0.5441279650546562,-1.1115707714320213,117.54423828125,122.25347066960919,112.83500589289082,0.08012697954775676
2023-09-20,118.71046447753906,120.54802881687154,118.5323308684572,119.53549117495022,726200,MTB,117.64795303344727,122.31539901733399,123.24078998565673,0.0017405347198209409,0.016995357744839668,-0.3108384476192914,52.73997734967224,-0.49181683214420957,-0.987619983574459,117.64795303344727,122.36434082448356,112.93156524241097,0.08017798303206228
2023-09-21,118.38233184814452,121.01680540087432,117.1447881238515,118.32608213657132,968600,MTB,117.69675369262696,122.24287185668945,123.06298210144043,-0.0027641424101800816,0.016962396551893015,-0.3127433882936925,52.221409899386856,-0.47140339836670364,-0.884376666532908,117.69675369262696,122.42280212583398,112.97070525941993,0.08030890037204291
2023-09-22,116.50726318359376,119.01048259819136,116.39476376236124,118.4198320254742,690800,MTB,117.66200714111328,122.09943954467774,122.91125778198243,-0.015839092162469037,0.01735111248463884,-0.3236289091057749,47.40871111906169,-0.5996159759312008,-0.8274245284125666,117.66200714111328,122.41351521535545,112.91049906687111,0.080765375157057
2023-09-25,117.74480438232422,117.78230657287456,115.45722798124484,115.9166172980665,522700,MTB,117.72300643920899,122.02715301513672,122.77009105682373,0.010622009005398336,0.01745854734891968,-0.3164444892873053,53.16501302989573,-0.5945129598686947,-0.7808422147037923,117.72300643920899,122.44427247285849,113.00174040555949,0.08020974279292663
2023-09-26,115.5697250366211,118.17607358048296,115.51347532835166,116.1228733949122,895200,MTB,117.604732131958,121.90097213745118,122.67440101623535,-0.01847282652609039,0.017740659916641137,-0.32907169165765404,52.60381172724619,-0.7572503969713154,-0.776123851157297,117.604732131958,122.42117306021825,112.78829120369775,0.08190896473206499
2023-09-27,116.7603759765625,116.87288252631468,114.6977988146332,116.08535098366964,1049100,MTB,117.49541969299317,121.735322265625,122.57487777709962,0.010302446765916518,0.017793131292587167,-0.32215948847721054,59.56661783436828,-0.781140902090911,-0.7771272613440199,117.49541969299317,122.28277733336822,112.70806205261812,0.08149011515315338
2023-09-28,118.56045532226562,119.97613254909758,116.71351365373086,116.72289098912756,954900,MTB,117.55776557922363,121.54369049072265,122.47861938476562,0.015416868356645796,0.017869898949060527,-0.3117093105442623,58.764030321067956,-0.6473605705234888,-0.7511739231799137,117.55776557922363,122.36757457410701,112.74795658434024,0.08182886041062075
2023-09-29,118.55107879638672,120.06989241733108,118.1010668336288,118.63546050991084,1062000,MTB,117.62339248657227,121.34370498657226,122.38158596038818,-7.908645301180073e-05,0.01786816123592625,-0.31176374501353243,50.64932272551187,-0.5359175769664546,-0.708122653937222,117.62339248657227,122.45064791179675,112.79613706134779,0.08207985372936002
2023-10-02,114.47281646728516,118.76672077177436,113.68529191509668,118.76672077177436,1084500,MTB,117.45182418823242,121.07477416992188,122.28869567871094,-0.03440088753731241,0.019458149035078958,-0.335439683020423,33.83557392118283,-0.7678288353105955,-0.7200638902118967,117.45182418823242,122.47691803088561,112.42673034557923,0.08556859593086949
2023-10-03,113.11339569091795,113.91029757673611,111.77272276665956,113.79779100411731,798600,MTB,117.30369453430175,120.7428385925293,122.19975063323974,-0.01187548990511389,0.019335161432279632,-0.3433316623560532,37.00569257635621,-1.0492193265974237,-0.7858949774890021,117.30369453430175,122.66309629677241,111.9442927718311,0.09137652115302244
2023-10-04,114.7634506225586,114.86657270132052,111.5195792249505,113.21651930177336,778800,MTB,117.33275871276855,120.47953521728516,122.13171012878418,0.014587617333577496,0.019291200926827748,-0.3337524359314269,33.8605764395905,-1.126096733183033,-0.8539353286278083,117.33275871276855,122.62679011329959,112.03872731223751,0.09023961353352081
2023-10-05,115.6540985107422,116.42287546449344,113.8821612984032,114.6696857693046,761100,MTB,117.52167167663575,120.18635070800781,122.07249256134033,0.007760727682481594,0.01872224990198778,-0.328581870017574,35.73482548620244,-1.1024464739498967,-0.9036375576922261,117.52167167663575,122.23343339750733,112.80990995576417,0.08018541012309842
2023-10-06,117.0229034423828,118.4948304023346,113.49777631526348,114.15405390137376,996900,MTB,117.66417694091797,119.96174102783203,122.01738803863526,0.011835334408952791,0.018362566793006314,-0.32063541192099826,45.246560596143986,-0.9621611597879394,-0.9153422781113688,117.66417694091797,122.11462881235875,113.21372506947719,0.07564667492087174
2023-10-09,117.47291564941406,118.33544449750585,114.93219432177,115.68222376095208,896900,MTB,117.6238624572754,119.71217102050781,121.96608123779296,0.0038455053993156074,0.016488659890521628,-0.3180229117294367,47.2306074089493,-0.8053878041452975,-0.8933513833181547,117.6238624572754,122.0654552169907,113.18226969756009,0.07552196751451908
2023-10-10,119.00109100341795,120.95115465017784,118.31668861074176,118.50419954501436,1398000,MTB,117.49823226928712,119.49668991088868,121.91012523651123,0.013008746276159222,0.015510083835240305,-0.30915124482197104,50.72870480578262,-0.5514757416654845,-0.8249762549876207,117.49823226928712,121.60617320240762,113.39029133616661,0.06992345082614963
2023-10-11,117.85731506347656,120.53866813523496,116.807275149888,118.6917191620846,961300,MTB,117.47666969299317,119.27986068725586,121.84048458099365,-0.009611474401596376,0.014465492772241484,-0.31579131994773935,48.735322927750886,-0.43749855126590376,-0.7474807142432773,117.47666969299317,121.57165024289131,113.38168914309503,0.06971563903879345
2023-10-12,115.95411682128906,117.58542273224064,114.65094612909049,117.58542273224064,906400,MTB,117.23009796142578,119.02997817993165,121.76223834991455,-0.016148325126552066,0.013908794401222514,-0.3268401441676323,48.66936676819574,-0.4950365262411367,-0.6969918766428492,117.23009796142578,121.04513337173128,113.41506255112029,0.0650862786374336
2023-10-13,112.68212890625,117.76355764357342,111.9414767455771,117.18228442622204,1214700,MTB,116.80305137634278,118.68886001586914,121.66171482086182,-0.028217953831530806,0.015031083354394386,-0.34583533790075,38.907141789655036,-0.795487975341743,-0.7166910963826281,116.80305137634278,120.64812336192458,112.95797939076098,0.06583855370683535
2023-10-16,114.9978485107422,115.11972527585752,113.27278336178044,114.18219189026,991500,MTB,116.61413917541503,118.39312881469726,121.58319347381592,0.020550903918569396,0.015411735589861244,-0.33239166278302484,48.754633344797305,-0.8370892507705605,-0.7407707272602146,116.61413917541503,120.42213237060716,112.80614598022291,0.06530928791514741
2023-10-17,116.61975860595705,118.110440170047,114.11654658353892,114.11654658353892,1385400,MTB,116.51991691589356,118.09865844726562,121.5041332244873,0.014103829908290288,0.01579869433291297,-0.3229758283495601,49.69942540038836,-0.730760222490872,-0.7387686263063462,116.51991691589356,120.22280308615973,112.81703074562739,0.06355799537582896
2023-10-18,113.75091552734376,119.73237532859532,113.15089479536668,116.66664462467524,1517400,MTB,116.27193946838379,117.7850405883789,121.41259498596192,-0.02459997442034434,0.01666054215234868,-0.3396306056541158,40.16863763027733,-0.8679798308506861,-0.7646108672152143,116.27193946838379,120.02112891714252,112.52275001962506,0.06449001308313417
2023-10-19,112.13835144042967,115.31658855270622,112.06334706453376,113.83528431641146,906400,MTB,115.95974044799804,117.52064025878906,121.31340370178222,-0.014176273478224921,0.01688208914824968,-0.3489921827850128,37.69781969855795,-1.09423415395365,-0.8305355245629015,115.95974044799804,119.997755376008,111.92172551998809,0.06964511842488641
2023-10-20,106.66316223144533,111.83835014218218,106.42877890240716,111.83835014218218,1381300,MTB,115.46753540039063,117.14673614501953,121.17946250915527,-0.0488253049795625,0.01963377225483403,-0.38077783800461384,35.78010250391958,-1.6957962624695,-1.0035876721442212,115.46753540039063,121.24831482092476,109.6867559798565,0.10012822046454756
2023-10-23,104.55370330810548,107.59131614209016,104.47870608537856,106.541276342993,1185500,MTB,114.80798034667968,116.71579696655273,121.0365671157837,-0.019776827155776555,0.019601048110794453,-0.39302408767342284,34.8288045227346,-2.3160562187244835,-1.2660813814602738,114.80798034667968,122.262519344211,107.35344134914837,0.12986099006395255
2023-10-24,104.17869567871094,106.08188700186837,103.23178510829666,105.088096908566,1245000,MTB,114.23842887878418,116.33358764648438,120.87381679534911,-0.0035867464999249643,0.019373355948889493,-0.39520115640249903,30.35151480131644,-2.8055362093748357,-1.5739723470431863,114.23842887878418,123.06270019804396,105.4141575595244,0.15448866735768949
2023-10-25,104.68497467041016,105.26624075504112,102.40676840090116,104.038074386225,1008200,MTB,113.63465881347656,116.0669123840332,120.7210629272461,0.0048597171273923045,0.019184480189084585,-0.3922620051036412,29.343236928544485,-3.1166730778186036,-1.88251249319827,113.63465881347656,123.34075440024824,103.92856322670488,0.1708298451919245
2023-10-26,105.99750518798828,106.616280556016,104.3380745104056,104.61933018902744,1262200,MTB,113.00651130676269,115.806259765625,120.5773751449585,0.012537907390344216,0.01903130711351227,-0.3846422424060372,29.19316256741503,-3.2202203485267944,-2.150054064263975,113.00651130676269,122.99240286237735,103.02061975114803,0.1767312598210802
2023-10-27,102.1348648071289,105.10684320962817,101.75047277792466,105.10684320962817,1031800,MTB,112.18570060729981,115.45981765747071,120.4082292175293,-0.036440861263752566,0.02019637780142412,-0.4070664090780927,24.357328953749317,-3.57278031637496,-2.434599314686172,112.18570060729981,122.92310701903644,101.44829419556318,0.19142201463486616
2023-10-30,105.04122161865234,105.7256168558044,102.95989674974795,103.85055043737678,1327400,MTB,111.71412086486816,115.19117401123047,120.25229518890382,0.028456069501945125,0.020631451181740958,-0.39019384960478093,27.689526143185205,-3.5764409407911586,-2.6629676399071696,111.71412086486816,122.8496632039789,100.57857852575742,0.199357829662027
2023-10-31,105.70687103271484,106.9069124152884,104.6287063942802,105.39748335204204,848200,MTB,111.343794631958,114.92266738891601,120.10009887695313,0.006337030394401921,0.020671419899528715,-0.38632948949503326,30.27994944996,-3.4854515514964106,-2.8274644222250176,111.343794631958,122.77217749187096,99.91541177204505,0.20528100192182192
2023-11-01,105.12560272216795,106.29751930668124,104.14119708286351,105.1349800576312,940400,MTB,110.86190223693848,114.6924560546875,119.94049007415771,-0.005498869703247533,0.02024658535693848,-0.38970398367302544,31.637501484587077,-3.420812304867553,-2.946133998753525,110.86190223693848,122.49411837363087,99.22968610024608,0.20985056005680935
2023-11-02,111.05081176757812,111.135193480426,105.56624362804402,106.13813948877468,1328300,MTB,110.63173789978028,114.56534591674804,119.83208293914795,0.05636313982493557,0.024271791366154663,-0.3553057839701871,47.46206148690769,-2.8585191558251353,-2.928611030167847,110.63173789978028,122.04480683926755,99.218668960293,0.20632540274882444
2023-11-03,114.89470672607422,116.2072476004056,113.76028515884148,113.76028515884148,1362600,MTB,110.52532806396485,114.51919616699219,119.70643493652344,0.03461383935257589,0.025448675159166042,-0.3329904419449963,49.84681974494505,-2.078764878195912,-2.75864179977346,110.52532806396485,121.72519293712445,99.32546319080525,0.2026660326523138
2023-11-06,113.73214721679688,115.81347201059651,112.69148481989704,114.72593724661384,649500,MTB,110.33828964233399,114.46334274291992,119.57552024841308,-0.010118477538299975,0.025511471090051887,-0.33973956317600723,45.6521634244803,-1.536896446284075,-2.5142927290755828,110.33828964233399,121.1684684423264,99.50811084234158,0.19630862205855956
2023-11-07,113.51653289794922,113.91967250028192,112.33523894530737,113.4321511820691,500700,MTB,110.06406173706054,114.3749691772461,119.43865718841553,-0.0018958080377806663,0.025287944112457647,-0.34099129021916674,49.61644805000393,-1.1120411652779296,-2.2338424163160524,110.06406173706054,120.22791673383819,99.9002067402829,0.18468980403537646
2023-11-08,111.88522338867188,113.37590509243938,111.11644634954504,113.37590509243938,638300,MTB,109.76545715332031,114.23374114990234,119.29281826019287,-0.014370677712152169,0.025385011634565455,-0.3504616919969283,49.58602636215272,-0.8966374596424913,-1.9664014249813402,109.76545715332031,119.29648452691191,100.23442977972871,0.1736616895837944
2023-11-09,110.01953125,113.1321415177816,109.56014193609802,112.37274183419504,810400,MTB,109.46872787475586,114.08786102294921,119.13332653045654,-0.016675053971968667,0.025400412818092556,-0.3612927783397407,56.2239188083378,-0.8664859240142988,-1.746418324787932,109.46872787475586,118.54728993510602,100.39016581440569,0.16586585478068275
2023-11-10,110.9570541381836,111.18206010613169,108.68822548327924,110.50704220228742,696800,MTB,109.38247413635254,113.96223129272461,118.98252792358399,0.008521422310491689,0.024748882241633584,-0.3558500843712128,62.41366784320171,-0.7582002919261015,-1.548774718215566,109.38247413635254,118.36475784405266,100.40019042865242,0.1642362504344728
2023-11-13,109.56012725830078,110.7414210600305,108.81947519268986,110.27265447314844,810000,MTB,109.11058807373047,113.79535018920899,118.82488132476807,-0.0125897978342423,0.024373194513455796,-0.3639598015839235,60.0349467191996,-0.7761564248171595,-1.3942510595358848,109.11058807373047,117.69769515994312,100.52348098751781,0.15740190274494711
2023-11-14,115.59784698486328,117.92292532662808,111.40707241597632,112.48523703179636,1254000,MTB,109.05949249267579,113.78578735351563,118.70420555114747,0.05510873232492575,0.02735375262111503,-0.32890843254151925,66.86954388596794,-0.29973807297108124,-1.175348462222924,109.05949249267579,117.46878696778008,100.6501980175715,0.15421481033701015
2023-11-15,117.46353912353516,118.27919560780336,115.70097922797024,115.70097922797024,972000,MTB,109.24512367248535,113.85141479492188,118.58143314361573,0.016139505945263588,0.02694616922757862,-0.3180773461987068,67.42661317889969,0.22577012911543193,-0.8951247439552529,109.24512367248535,118.23437433428236,100.25587301068833,0.16457028670216176
2023-11-16,115.75724029541016,118.222950354779,115.66348839386671,117.24791484254187,1086900,MTB,109.42606811523437,113.92904281616211,118.45741226196289,-0.014526199711473953,0.02695730192695772,-0.3279830908556027,72.15617398020238,0.4988051942716396,-0.6163387563098743,109.42606811523437,118.79807075022815,100.0540654802406,0.17129378394779407
2023-11-17,118.81359100341795,118.8417158562513,115.98223660467984,117.19165534618986,842500,MTB,110.03358955383301,114.0218586730957,118.34129901885986,0.026403106191958736,0.02465215520752638,-0.31023975704067125,72.29136896220778,0.9508486186736178,-0.3029012813131759,110.03358955383301,120.19361286182968,99.87356624583634,0.1846713053567331
2023-11-20,119.0104751586914,119.38548274310637,117.04164957645692,118.56983337891153,737300,MTB,110.75642814636231,114.03648406982421,118.21251472473145,0.0016570844598728929,0.023942309824355027,-0.30909676606102526,71.86442658684578,1.3098836716180529,0.019655709273069838,110.75642814636231,121.32379857035609,100.18905772236853,0.19082179880393432
2023-11-21,117.61354064941406,119.0292178271785,117.08852433037492,118.28856571835634,592900,MTB,111.42817039489746,113.95848098754882,118.08238998413086,-0.011737912208271029,0.024195826956049223,-0.3172065275654115,69.98798634365505,1.4648151206593383,0.3086875915503235,111.42817039489746,121.94290124926688,100.91343954052805,0.18872661764265872
2023-11-22,117.25729370117188,118.82297265099396,116.39476475127354,118.82297265099396,384700,MTB,112.05678634643554,113.93785552978515,117.93992378234863,-0.0030289620249092097,0.024285656084830763,-0.31927468306427176,62.089145365294605,1.54108854930017,0.5551677831002928,112.05678634643554,122.3755251832327,101.73804750963839,0.1841698155593302
2023-11-24,117.7729263305664,118.1854360857638,116.57287779388886,117.23853267828794,277800,MTB,112.64555740356445,113.87560302734374,117.80554340362549,0.004397446104364322,0.0242378271577318,-0.3162812301711705,56.44145297831871,1.6244177581379944,0.7690177781078331,112.64555740356445,122.85173823595512,102.43937657117378,0.1812087590072632
2023-11-27,116.9385223388672,117.51978836075403,116.35724916416947,116.8635179641686,655900,MTB,113.38574028015137,113.7899122619629,117.67199802398682,-0.007084854029670518,0.022378272487406953,-0.32112527785275363,57.2828367618405,1.6046301502470328,0.9361402525356731,113.38574028015137,122.46766656996394,104.3038139903388,0.16019521092111086
2023-11-28,117.42604064941406,117.89480727875304,115.7478552580432,116.96665135544896,617500,MTB,114.00498123168946,113.76291122436524,117.53529155731201,0.004169013775752406,0.02180566846620395,-0.3182950397841117,58.771560142788836,1.6097310047322395,1.0708584029749866,114.00498123168946,122.35029731658736,105.65966514679155,0.14640265705474617
2023-11-29,119.7511215209961,121.32617761911756,118.3073195016505,118.3073195016505,894600,MTB,114.70719375610352,113.78784957885742,117.39969566345215,0.019800385491355987,0.022029487811083322,-0.30479701878046767,67.115476622494,1.7808594245863674,1.212858607297263,114.70719375610352,122.45462625992792,106.95976125227912,0.13508189417130015
2023-11-30,121.39920806884766,122.1095880903221,118.97444657464985,120.31943101431524,1153400,MTB,115.5208740234375,113.8416244506836,117.27557201385498,0.013762598019281258,0.021898774765645123,-0.29522921960813736,74.9978631540383,2.0261109946757756,1.3755090847729656,115.5208740234375,122.40093723730932,108.64081080956568,0.11911376661634254
2023-12-01,125.69938659667967,126.523422818819,120.2910201956174,120.76460688930096,1147800,MTB,116.25330276489258,113.98796554565429,117.17463344573974,0.03542180048977994,0.019840652352978844,-0.2702649696340702,78.21611924118294,2.538204261271744,1.6080481200727212,116.25330276489258,124.17042818798767,108.3361773417975,0.13620473973296843
2023-12-04,127.2906265258789,127.66949008656992,124.38281184314351,124.38281184314351,914100,MTB,116.87309875488282,114.2036328125,117.08424552917481,0.012659090646996551,0.018776190318645428,-0.2610271877363791,83.68477626893419,3.037428048412437,1.8939241057406646,116.87309875488282,126.16404451499973,107.5821529947659,0.15899203253954533
2023-12-05,125.13107299804688,126.72231730338446,125.00793583654392,126.47605743309704,865700,MTB,117.44304504394532,114.35135818481446,116.98196762084962,-0.016965534594120202,0.01913119542030244,-0.2735642565469519,71.24149474257543,3.2216711552236745,2.159473515637267,117.44304504394532,127.3037563868737,107.58233370101694,0.16792329148547983
2023-12-06,123.918701171875,127.7926370191252,123.32197728807594,125.4247034519474,2022200,MTB,117.9631534576416,114.51833770751954,116.8939744567871,-0.009688815073061852,0.019356179867570166,-0.28060255812773066,64.81440042974651,3.2325935444526834,2.3740975214003504,117.9631534576416,128.04665852190868,107.87964839337451,0.1709602493440952
2023-12-07,125.76566314697266,126.78861199266667,124.55328254156863,124.72376678949256,1256200,MTB,118.65717544555665,114.69844345092774,116.82090602874756,0.014904626643366115,0.018951261877364112,-0.26988020784843175,72.82168100055881,3.3516482970535435,2.569607676530989,118.65717544555665,128.88891858505147,108.42543230606182,0.17245890273512274
2023-12-08,125.64254760742188,127.25275397367172,124.65749361589052,126.10666778333992,925100,MTB,119.43832626342774,114.84008529663086,116.74485500335693,-0.0009789280831518088,0.018274325594850607,-0.2705949426170339,67.97641718036854,3.3969082077931603,2.7350677827834233,119.43832626342774,129.27117444994127,109.60547807691421,0.16465147317665266
2023-12-11,126.37185668945312,126.90227141132594,125.02687237249928,125.03633890227655,815200,MTB,120.20906639099121,114.99650085449218,116.666032371521,0.005804634623535421,0.018271087829861834,-0.2663610127663668,68.84959140734435,3.451835549443004,2.8784213361153395,120.20906639099121,129.65157221197566,110.76656057000676,0.15710139184130786
2023-12-12,124.799560546875,126.19190658509224,124.2217842014058,126.13507849418036,640600,MTB,120.97103805541992,115.20303573608399,116.58417324066163,-0.012441821967068889,0.018262901469085387,-0.27548881843362844,68.23678157358718,3.330107300906647,2.968758529073601,120.97103805541992,129.1734134167329,112.76866269410695,0.13560891091230046
2023-12-13,131.19297790527344,131.25928697829116,124.0797111196378,124.71431554141962,1471800,MTB,121.75079460144043,115.56462738037109,116.53327983856201,0.05122948614868772,0.017734545371204374,-0.2383724828930047,77.07097048804812,3.706802424792798,3.116367308217441,121.75079460144043,130.7306730912932,112.77091611158767,0.14751244161073468
2023-12-14,137.39697265625,140.39951063411678,132.58532999512843,132.58532999512843,2297200,MTB,122.74746627807617,116.01729782104492,116.5184589767456,0.04728907636699953,0.019865874617044702,-0.20235582107332373,81.22110986196826,4.454596733615773,3.3840131932971076,122.74746627807617,133.8885403414762,111.60639221467615,0.1815283753093634
2023-12-15,135.21844482421875,138.23992973392686,134.14814890444245,136.34558327795602,2202000,MTB,123.7205265045166,116.40858474731445,116.50576389312744,-0.015855719306724803,0.019947460962681327,-0.21500304328102812,77.88983961153276,4.815925134456165,3.6703955815289193,123.7205265045166,135.66171480942668,111.7793381996065,0.19303487694863894
2023-12-18,129.88589477539062,134.8774882569354,129.78170512183112,134.8774882569354,1599900,MTB,124.27414169311524,116.66584457397461,116.45483592987061,-0.039436558050644166,0.02206814956455414,-0.24596062133425484,66.56160620010895,4.618746240798316,3.860065713382799,124.27414169311524,136.28392586660777,112.26435751962272,0.1932788914873329
2023-12-19,131.9980926513672,132.45273186088548,129.32705658341737,129.95219452945494,1663700,MTB,124.92352256774902,116.95634811401368,116.41639720916749,0.016261949610688387,0.022203599065761855,-0.2336984709539178,66.3712922411843,4.580120485266264,4.004076667759492,124.92352256774902,137.13770908316883,112.70933605232922,0.19554662347590718
2023-12-20,126.88335418701172,131.8370669896045,126.78863106654832,131.18351503547646,1283700,MTB,125.3870132446289,117.11399337768555,116.38874809265137,-0.03874857857124114,0.024047328102101615,-0.2633915659614221,56.70918197817722,4.089649711151324,4.021191276437858,125.3870132446289,137.1275754591535,113.64645103010432,0.1872691901771176
2023-12-21,129.0144805908203,129.23232640143607,126.95910182674488,127.86839454716484,968900,MTB,125.97487258911133,117.33713668823242,116.38929321289062,0.01679594945659746,0.02414753939649111,-0.25101952793400684,54.28291215474299,3.8287764279046996,3.9827083067312268,125.97487258911133,137.1660195845748,114.78372559364786,0.17767268607550518
2023-12-22,129.30810546875,130.7193844633613,128.7871572531105,129.73433057146673,631900,MTB,126.5516315460205,117.60421646118164,116.42225189208985,0.002275906367913416,0.024155283697382967,-0.24931491850818904,52.69689137718866,3.6041788153052465,3.907002408446031,126.5516315460205,137.13547139956663,115.96779169247436,0.1672651663870065
2023-12-26,131.5244903564453,131.93176795467772,129.04290083455408,129.61119616599822,723200,MTB,127.28092994689942,117.98106369018555,116.4751078414917,0.017140339962918638,0.02412694469315157,-0.23644792100632814,58.533518477861065,3.5639443940214903,3.838390805561123,127.28092994689942,137.0548355573065,117.50702433649235,0.15358004713643536
2023-12-27,130.59625244140625,131.67602936917842,130.13213234554956,131.23085678509793,562500,MTB,127.93944053649902,118.29303176879883,116.54448844909668,-0.007057529077082458,0.02430588008559797,-0.24183671200569273,58.980880792054506,3.41775947934849,3.7542645403185966,127.93944053649902,136.63261563242506,119.24626544057298,0.13589515569979402
2023-12-28,131.07931518554688,131.2403329156316,130.01848569194493,130.79516029898411,469800,MTB,128.50585021972657,118.58222290039062,116.61481517791748,0.00369890203669776,0.024076651922986785,-0.23903234027558104,57.41869401262498,3.302813232577762,3.66397427877043,128.50585021972657,136.3913130450719,120.62038739438124,0.1227253515985821
2023-12-29,129.83851623535156,131.5623641065147,129.45017171807507,131.17403404195562,635000,MTB,128.92781562805175,118.90397491455079,116.69059986114502,-0.009466016422491341,0.02418176287354575,-0.24623567263951723,55.680934543450256,3.076135621758013,3.5464065473679467,128.92781562805175,136.08129146761289,121.77433978849061,0.11096869678143692
2024-01-02,131.68551635742188,132.86001657382886,129.33653037732697,129.34599690832735,1063300,MTB,129.22712211608888,119.29491821289062,116.76336071014404,0.014225363748938236,0.023158478807963165,-0.23551310090184052,56.98284467162968,3.0108225675001847,3.4392897513943943,129.22712211608888,136.31244424026207,122.14179999191568,0.10965688948498324
2024-01-03,127.48004150390624,130.7099056855118,127.35691881190482,130.7099056855118,1061900,MTB,129.23659286499023,119.71125579833985,116.83832618713379,-0.031935743351615864,0.024257940139704236,-0.259927558307112,53.29450102566351,2.589860527359633,3.269403906587442,129.23659286499023,136.31151495432928,122.16167077565119,0.10948790791366678
2024-01-04,129.09024047851562,130.05636127466724,127.17696085136494,127.25273644838832,761700,MTB,129.43455123901367,120.20198654174804,116.92496978759766,0.012630988785488073,0.024047706817039997,-0.2505797115956404,47.0712265462215,2.358981804114535,3.087319486092861,129.43455123901367,136.24230776714154,122.62679471088579,0.10519226069021835
2024-01-05,130.88987731933594,132.00753484768146,128.44616853299593,128.86292708685943,1006200,MTB,129.78311004638672,120.73621017456054,116.99379837036133,0.01394092097240951,0.024032338597541857,-0.24013210257987494,39.66916542068121,2.2947717056362222,2.9288099300015333,129.78311004638672,136.09775242385456,123.46846766891888,0.09731069590196874
2024-01-08,130.7762451171875,130.87095379051095,128.64510485569164,130.10374560880763,922100,MTB,130.03363914489745,121.2580355834961,117.1074668121338,-0.0008681511853755319,0.0238799116226686,-0.24079178279574903,42.452597352430764,2.209248726820732,2.784897689365373,130.03363914489745,136.06855519599392,123.99872309380096,0.09282084375677173
2024-01-09,129.28916931152344,130.2458092441097,128.82504914178523,129.39335896380263,853200,MTB,130.21597023010253,121.7238688659668,117.23798778533936,-0.01137114622255364,0.024065642880234887,-0.24942485044694288,48.83375481623743,1.9984397905240314,2.627606109597105,130.21597023010253,135.90258727518275,124.52935318502229,0.08734131512488835
2024-01-10,129.6112060546875,130.16056836723317,128.0104806781305,129.3459986559026,940700,MTB,130.37793769836426,122.27339569091797,117.35836524963379,0.0024908253713666895,0.024047336748411093,-0.2475552988213188,44.9840633617649,1.8361913921334576,2.4693231661043753,130.37793769836426,135.78100749464613,124.9748679020824,0.0828831916145527
2024-01-11,128.14308166503906,128.8061146006858,126.31504395834406,128.66402992045334,791600,MTB,130.54511375427245,122.7354328918457,117.45762817382813,-0.011327140872595454,0.02401449529974357,-0.2560783459504077,53.1264307659798,1.5710331071303472,2.28966515430957,130.54511375427245,135.40060133851847,125.68962617002641,0.07438788698572976
2024-01-12,126.04981994628906,128.80609761840384,124.77113025637937,128.29461596135312,1265100,MTB,130.28795585632324,123.14229187011719,117.54022651672364,-0.016335347110050802,0.021259025559612014,-0.2682305643919909,42.62835835165887,1.1784006600380792,2.067412255455272,130.28795585632324,135.52849004476414,125.04742166788233,0.0804454126860348
2024-01-16,124.4490966796875,125.90773717167544,122.8104909520668,124.07969967860036,1359900,MTB,129.64056205749512,123.52876174926757,117.60049644470215,-0.012699131718582723,0.01794463844524797,-0.27752340084240995,38.65547176479307,0.7296605544672303,1.7998619152576638,129.64056205749512,134.35609016351742,124.92503395147281,0.07274772696420408
2024-01-17,124.04182434082033,125.1026538343029,121.75913317107064,122.5358077780224,1355300,MTB,129.08173103332518,123.78858200073242,117.67163166046143,-0.0032726018085565967,0.017755540432227046,-0.2798877790674529,30.917930415103086,0.3372793671791072,1.5073454056419526,129.08173103332518,133.66107184668002,124.50239021997037,0.07095257828813237
2024-01-18,125.86040496826172,126.56130402868192,121.9485742339831,126.56130402868192,2432300,MTB,128.88045654296874,124.00789596557617,117.7519514465332,0.014661027738874788,0.01614509623249759,-0.2693301938212581,38.44739401622964,0.17108652841957905,1.240093630197478,128.88045654296874,133.6604423332386,124.1004707526989,0.07417704620989142
2024-01-19,132.0264892578125,132.907367965904,124.98899838694658,126.24872619141703,2497200,MTB,128.88187637329102,124.37378280639649,117.86691246032714,0.048991454390327815,0.01937110049920924,-0.2335336173374626,51.80897182883514,0.5308101276642248,1.0982369296908274,128.88187637329102,133.6657765957417,124.09797615084034,0.0742369735306256
2024-01-22,134.47019958496094,134.972200296513,132.45271575565906,132.74633717720252,1590000,MTB,129.26121864318847,124.79285614013672,118.0012544631958,0.01850924265945242,0.017449445928533452,-0.21934690507044902,58.45728200784594,1.001535593310308,1.0788966624147236,129.26121864318847,134.55400092995248,123.96843635642446,0.08189281119767497
2024-01-23,134.31866455078125,136.2698395441653,133.34307705408924,134.81119879124475,1305900,MTB,129.52642784118652,125.24152496337891,118.13378269195556,-0.0011269042110995109,0.017164321098999787,-0.220226626330533,55.125379727059844,1.3468358204396793,1.1324844940197147,129.52642784118652,135.2787636900181,123.77409199235493,0.0888210374470387
2024-01-24,135.14268493652344,136.09933925769965,133.49461257804566,135.18057996356785,1277000,MTB,129.8181568145752,125.74398803710938,118.26969646453857,0.006134816695044343,0.017187422252952896,-0.21544285961939455,67.17627591000107,1.6677554500111853,1.239538685218009,129.8181568145752,136.09203012309007,123.54428350606031,0.0966563300921938
2024-01-25,134.5364990234375,136.79077626736316,132.91684065536953,136.39296518656192,888000,MTB,129.9687572479248,126.21557693481445,118.4031303024292,-0.0044855251571378485,0.016885451619539932,-0.2189620104097839,62.78351623162662,1.8518257370929803,1.3619960955930033,129.9687572479248,136.5520635539812,123.38545094186837,0.10130598222922589
2024-01-26,134.04397583007812,135.91937500640185,133.74087342237578,135.15216690939295,627300,MTB,130.1411434173584,126.70525390625,118.5307039642334,-0.0036608890296273566,0.016814250026179804,-0.22182130381759696,57.88731029314466,1.93564732280538,1.4767263410354787,130.1411434173584,136.96962780746577,123.31265902725102,0.10493967104943362
2024-01-29,135.21844482421875,135.26580637616132,132.822097713633,133.64614824982752,741300,MTB,130.34809989929198,127.09766586303711,118.67264392852783,0.008761818551468847,0.01688805049960865,-0.21500304328102812,60.54873541560984,2.07295068068467,1.595971208965317,130.34809989929198,137.53765590877958,123.15854388980436,0.11031316935256165
2024-01-30,136.13722229003906,136.7244795980853,134.66910069900112,134.91537502108187,951800,MTB,130.66303520202638,127.47113952636718,118.81821353912353,0.0067947643312620265,0.016713221188838376,-0.20966917395936488,66.7129182754183,2.2301939562887583,1.7228157584300055,130.66303520202638,138.2967102748893,123.02936012916345,0.11684521274222692
2024-01-31,130.8046417236328,134.47019785978878,129.8858824438508,130.27421252232276,1715200,MTB,130.6189914703369,127.77208755493164,118.93693664550781,-0.03917062855186837,0.018867986176351038,-0.24062692917929385,52.340267392447885,1.9025838967633888,1.7587693860966822,130.6189914703369,138.2379776509743,123.00000528969952,0.11665970001563879
2024-02-01,124.77113342285156,130.13213771195473,121.53180250595108,130.13213771195473,3870900,MTB,130.4835460662842,127.89123840332032,118.98384902954102,-0.04612610241713744,0.020335267047324294,-0.2756538492167859,44.39190670705463,1.1429219754573978,1.6355999039688256,130.4835460662842,138.42689869534635,122.54019343722203,0.12175255606598899
2024-02-02,126.4381866455078,127.4706022177747,122.02435498356584,122.02435498356584,1998500,MTB,130.3509433746338,128.03979263305663,119.03877529144287,0.013360888668106918,0.020361422256320025,-0.26597594093899957,50.65520529353978,0.6677048072904483,1.4420208846331501,130.3509433746338,138.47863489782117,122.22325185144643,0.12470475951720666
2024-02-05,125.9551010131836,127.22432421547968,124.89427154520362,125.20684046760148,1003500,MTB,130.10420455932618,128.20662384033204,119.07347187042237,-0.003820725724884233,0.020068044771189408,-0.2687804455441378,52.640316867450856,0.2492377469481255,1.2034642570961454,130.10420455932618,138.45944098253713,121.74896813611522,0.1284391453990413
2024-02-06,125.2826156616211,127.442169616025,123.73871856731608,125.81303039390028,1077500,MTB,129.82952308654785,128.36713027954102,119.12684429168701,-0.005339087866652714,0.020082859139447965,-0.2726844909951923,52.1553041397032,-0.13510693232731796,0.9357500192114527,129.82952308654785,138.44877286797043,121.21027330512527,0.13277796261604932
2024-02-07,123.57770538330078,126.03088083660865,121.5318075241334,126.03088083660865,2208100,MTB,129.54394989013673,128.4832258605957,119.17499794006348,-0.013608514392173476,0.020144228981704662,-0.28258217456713525,46.01913912775988,-0.5706962396333211,0.634460767442498,129.54394989013673,138.60568747948412,120.48221230078934,0.1399021350982804
2024-02-08,124.66695404052734,125.4531096700996,122.52634743235429,122.78208828841238,1089400,MTB,129.2967372894287,128.6377944946289,119.22671535491943,0.00881428129651729,0.02026871167914987,-0.2762586520466342,34.40386092270877,-0.8185746218221368,0.3438536895895711,129.2967372894287,138.6168338823647,119.97664069649271,0.14416599812682204
2024-02-09,126.28662109375,126.45710535486056,123.21777431929826,124.1460145832934,1021400,MTB,129.20391426086425,128.81500610351563,119.3071460723877,0.01299195176210155,0.020392839228668847,-0.2668558393657857,32.029950584952445,-0.8742486364215836,0.10023322438734014,129.20391426086425,138.60898017800125,119.79884834372727,0.14558484502486582
2024-02-12,129.5070037841797,131.10772900478605,126.2108446827532,126.26767276942503,1057300,MTB,129.37677345275878,129.0101237487793,119.40083213806152,0.02550058480097439,0.020827443318472284,-0.2481602345261938,40.68911371235482,-0.6510083063279097,-0.05001508175570982,129.37677345275878,138.66409876724825,120.08944813826932,0.14357021073617485
2024-02-13,125.71831512451172,128.27568028762914,123.9281580650577,127.3758684926254,1224700,MTB,129.440234375,129.09650588989257,119.45968883514405,-0.02925470089619031,0.02173331406717966,-0.2701550819869919,33.64027249459053,-0.770917589717186,-0.19419558334800507,129.440234375,138.60228686623984,120.27818188376013,0.14156421356124196
2024-02-14,128.9671173095703,129.5733076308314,127.01594266465864,127.30956406910612,1229300,MTB,129.6864990234375,129.16186050415038,119.52693840026855,0.025841916365495043,0.022415274469579718,-0.2512944906559181,41.144582084055315,-0.5969145167586163,-0.27473937003012733,129.6864990234375,138.49556506052238,120.87743298635263,0.13585170551165643
2024-02-15,130.43524169921875,132.58531468750977,129.33651720090688,129.64908612470515,1149300,MTB,129.91524085998535,129.2247528076172,119.62039890289307,0.011383710982113104,0.02233111691347518,-0.2427714435268292,44.43470755282629,-0.33666954228340273,-0.2871254044807824,129.91524085998535,138.54168093121456,121.28880078875612,0.13280104803910212
2024-02-16,131.0035400390625,131.2403333698981,128.8439860180591,129.50700445385525,1168900,MTB,129.86409339904785,129.3422021484375,119.73639755249023,0.004356938603711447,0.019432529474549518,-0.2394722451972986,43.37604337124736,-0.08360287656992682,-0.24642089889861127,129.86409339904785,138.4498610407548,121.27832575734091,0.13222696770114123
2024-02-20,130.10374450683594,131.06038447980336,128.85346862670926,129.69645241156326,797800,MTB,129.6457706451416,129.46590301513672,119.85978870391845,-0.006868482576564472,0.018969104391892498,-0.24469591683015463,40.51239452084244,0.04384290598036955,-0.18836813792281512,129.6457706451416,137.95601923788485,121.33552205239835,0.1281993010861812
2024-02-21,129.8764190673828,130.59628014038867,128.14308991651015,129.81959097271812,761100,MTB,129.42365837097168,129.54811813354493,119.98723136901856,-0.001747262850233966,0.01896901072178721,-0.24601563159530732,48.26119368001985,0.1250597329681966,-0.12568256374461279,129.42365837097168,137.44030794600565,121.40700879593771,0.12388228977511292
2024-02-22,130.69097900390625,132.19699566307446,129.4880792165434,130.28370138756736,1432300,MTB,129.20107307434083,129.64908676147462,120.09624942779541,0.006271807787531003,0.018971939862469808,-0.2412867865618702,63.78476098569022,0.25224510821729496,-0.050097029352231245,129.20107307434083,136.78463753115884,121.6175086175228,0.11739166365057233
2024-02-23,130.8046417236328,131.20245278507687,129.73433124347648,130.82357478414113,534700,MTB,129.01448020935058,129.7377424621582,120.21662540435791,0.0008697059322140266,0.0189653777424041,-0.24062692917929385,60.96050754779714,0.3580842931545476,0.031539235149124524,129.01448020935058,136.21949251870538,121.80946789999577,0.11169307968630035
2024-02-26,128.5124969482422,131.89391337015476,128.0483911706847,130.3310828348284,813600,MTB,128.7379062652588,129.81200119018555,120.323244972229,-0.01752342076845803,0.019309006324788387,-0.2539337430195212,55.884997779100374,0.25407684293853094,0.07604675670700581,128.7379062652588,135.5436199539609,121.93219257655669,0.10572975568950503
2024-02-27,131.40135192871094,131.7139208617101,129.27969292079132,129.47859122642475,835900,MTB,128.5470516204834,129.8161686706543,120.4528945159912,0.022479175559340536,0.019941861103218668,-0.23716278864995696,62.77693217254765,0.4001440317475726,0.14086621171511918,128.5470516204834,134.7773225825581,122.31678065840869,0.09693370456241472
2024-02-28,130.8330535888672,131.77074591354585,130.3215719092991,130.55836523617234,547300,MTB,128.2818431854248,129.68489028930665,120.58709468841553,-0.004324904816444097,0.019860915161689082,-0.24046198697948756,65.90537255588029,0.4646897504936476,0.20563091947082485,128.2818431854248,133.52509882662383,123.03858754422578,0.08174587316492127
2024-02-29,132.3579864501953,133.21990306692535,130.3594504460696,132.6042462760159,1444900,MTB,128.35951042175293,129.62768112182619,120.73727565765381,0.011655562715215062,0.017990558080129462,-0.23160914403413718,66.54445300414203,0.6316112142269219,0.2908269784220443,128.35951042175293,133.80233290207957,122.91668794142628,0.08480590900421912
2024-03-01,130.8952178955078,132.02337065483928,128.24690657334833,131.49753056005184,944100,MTB,128.66571464538575,129.64786758422852,120.86425678253174,-0.011051607794274831,0.014564277492764018,-0.24010109840697902,59.9810906235666,0.6385042003765022,0.3603624228129359,128.66571464538575,133.94514136861918,123.38628792215232,0.08206423502615287
2024-03-04,133.80165100097656,136.2205007407559,132.8360280251751,132.8551534609787,1138300,MTB,129.03388786315918,129.6839387512207,121.01467727661132,0.022204272640341305,0.0150379263662545,-0.22322809601691163,59.42938065478405,0.868480500498265,0.46198603835000174,129.03388786315918,134.6739434226314,123.39383230368696,0.08741975697815929
2024-03-05,137.53988647460938,138.0370457148231,133.07505250221777,133.07505250221777,1143500,MTB,129.61312713623047,129.89706939697265,121.15151203155517,0.027938634879815627,0.01593628390803008,-0.20152614940662886,76.01322119137788,1.3369709671456178,0.636983024109125,129.61312713623047,136.21872760046543,123.00752667199552,0.101927954524114
2024-03-06,135.4174041748047,137.38690094967964,132.88383105924862,136.66985030319026,1488800,MTB,130.11986656188964,130.02512786865233,121.26593479156494,-0.015431758409925056,0.016417750388571274,-0.21384800496562834,64.93404271855636,1.5194709388404988,0.8134806070553997,130.11986656188964,136.8798401446888,123.35989297909046,0.10390378904337244
2024-03-07,137.07139587402344,139.04089263394678,135.18794168980176,136.57425126656983,1649900,MTB,130.79455108642577,130.1803936767578,121.39294330596924,0.012214026027878022,0.015967224016093174,-0.20424592403641023,65.23326591901456,1.777081696785956,1.0062008250015109,130.79455108642577,137.4985452804398,124.09055689241173,0.10251182695805432
2024-03-08,136.46908569335938,138.8210036684786,136.4212793987492,138.39077619385267,758300,MTB,131.3846576690674,130.2792855834961,121.50931865692138,-0.004394134726822374,0.01608761997724764,-0.2077425746556123,62.526578630780854,1.9106143081513665,1.187083521631482,131.3846576690674,137.8924697858418,124.87684555229298,0.09906502375895873
2024-03-11,136.5551300048828,137.8649378809261,135.41740728550224,135.91456649658306,982500,MTB,131.89808311462403,130.39846313476562,121.62281856536865,0.0006305040521541461,0.01598763535416868,-0.20724305313858343,65.35894622890314,2.0003244267141724,1.34973170264802,131.89808311462403,138.3322334750651,125.46393275418296,0.09756245441185928
2024-03-12,136.94712829589844,137.95098760529842,135.90500352453606,136.63162423724015,843800,MTB,132.27008934020995,130.51581939697266,121.7497566986084,0.0028706229564690044,0.015168489357900859,-0.20496734684802276,66.70242260928993,2.079084931119752,1.4956023483423666,132.27008934020995,138.97671930150406,125.56345937891585,0.1014081111572259
2024-03-13,136.89932250976562,140.34115713007083,136.48820585418355,137.5590114904768,952100,MTB,132.82913970947266,130.65703552246094,121.87829235076904,-0.00034908206347727955,0.013191074943244356,-0.20524487848711684,65.21655551666053,2.113285036462571,1.6191388859664075,132.82913970947266,139.0851349626405,126.57314445630482,0.09419612694701049
2024-03-14,134.1745147705078,137.29130428072497,133.31405982175272,136.1249007173876,1139900,MTB,133.08950958251953,130.70681549072265,121.98167976379395,-0.019903734286657593,0.01323454928502632,-0.2210634732486695,57.32227450439507,1.8986333900927832,1.6750377867916828,133.08950958251953,139.09725864007365,127.08176052496539,0.09028133135961618
2024-03-15,134.35617065429688,136.0579697138076,133.1324053662989,133.1324053662989,5118400,MTB,133.28555603027343,130.84433807373046,122.07849159240723,0.0013538777024815207,0.013051578971708984,-0.2200088884534525,63.97966625856091,1.7233132431811953,1.6846928780695856,133.28555603027343,139.18350553281417,127.38760652773269,0.08850095506524543
2024-03-18,134.7386016845703,135.69466929747756,132.5205324086112,135.47477783127042,881800,MTB,133.47230911254883,130.95730529785158,122.19934577941895,0.0028463972172698693,0.013038921672996584,-0.2177887239240511,59.07147514438208,1.5968225750166596,1.6671188174590006,133.47230911254883,139.3021560908334,127.64246213426428,0.08735665123420638
2024-03-19,133.4766082763672,135.13060126422624,133.05593616652212,134.3657442089111,890000,MTB,133.64095230102538,131.00903991699218,122.30396160125733,-0.009366235009307222,0.013134772696458843,-0.22511509856270856,56.92469047375422,1.3788509525807626,1.609465244483353,133.64095230102538,139.25152090872453,128.03038369332623,0.08396481035336206
2024-03-20,136.89932250976562,137.30086915271286,132.35800139213046,132.7882288961144,868900,MTB,133.99209747314453,131.13150146484375,122.40578769683837,0.025642801968054352,0.014179850727662424,-0.20524487848711684,60.820087296237894,1.465399096611975,1.5806520149090777,133.99209747314453,139.48854585359464,128.4956490926944,0.08204138130686026
2024-03-21,139.4424591064453,139.82488029409862,136.8993159020945,137.26262624226837,1129800,MTB,134.42967147827147,131.33456726074218,122.53656761169434,0.01857669234629178,0.014602195055119779,-0.1904809571041323,69.36741072663403,1.7193790622221172,1.6083974243716856,134.42967147827147,140.20587723312804,128.6534657234149,0.08593647059221146
2024-03-22,135.90501403808594,140.5515035177543,135.8476523117895,139.78666104922146,913700,MTB,134.68469009399413,131.46044342041014,122.62641662597656,-0.025368493147836846,0.015952679171616423,-0.21101723539687955,54.633559981552615,1.6165828011960457,1.6100344997365579,134.68469009399413,140.2328852759489,129.13649491203938,0.08238791176759233
2024-03-25,136.04843139648438,138.02748387340137,135.8572207815237,136.27787829906327,810800,MTB,135.06148681640624,131.61855041503907,122.70366744995117,0.0010552764326874353,0.015280607954833032,-0.21018464047959734,46.096123922024724,1.5290625249801053,1.5938401047852673,135.06148681640624,139.81080340219665,130.31217023061583,0.07032821417472356
2024-03-26,135.02542114257812,137.01404347290315,134.80552968246744,136.9471263278406,805100,MTB,135.2426902770996,131.79806243896485,122.78211288452148,-0.007519456442132033,0.014726455211265666,-0.21612362267283786,48.911325285274394,1.3614596384596496,1.547364011520144,135.2426902770996,139.66961882159114,130.81576173260805,0.06546643719407214
2024-03-27,138.4385986328125,138.48640493299774,135.64688284552295,135.92413604510196,817700,MTB,135.6229675292969,132.07785247802735,122.88546482086181,0.02527803624941316,0.015577114725416986,-0.19630876719170315,53.45918019888521,1.4869078931023694,1.535272787836589,135.6229675292969,139.75157826366717,131.4943567949266,0.06088365133993154
2024-03-28,139.05047607421875,139.78665222154802,137.8171406829913,138.86882089346167,820100,MTB,135.95759201049805,132.3780255126953,122.99916015625,0.004419847119582432,0.015447626585248427,-0.1927565748113418,56.5280541093702,1.6170594794662065,1.5516301261625125,135.95759201049805,140.05673232707116,131.85845169392493,0.06030027828466682
2024-04-01,136.92800903320312,139.05048036829078,136.40216891172926,139.05048036829078,716100,MTB,136.2592315673828,132.59937759399415,123.09597991943359,-0.015264004129570519,0.01567041177014132,-0.20507834178699016,50.85491584482282,1.531288457197718,1.5475617923695537,136.2592315673828,139.60927847713504,132.9091846576306,0.049171668902235954
2024-04-02,134.47093200683594,136.17273154618923,134.09806614345936,135.68514221360053,946600,MTB,136.29269561767578,132.6482664489746,123.20278369903565,-0.01794429820250565,0.015567320901791883,-0.21934265306959472,44.81381771790083,1.2506322130640513,1.4881758765084534,136.29269561767578,139.5515066419913,133.03388459336026,0.0478207729261888
2024-04-03,132.9412078857422,135.4652258647051,132.42492319207113,134.53783908943896,1042300,MTB,136.06276168823243,132.61768661499025,123.28862358093262,-0.011375872080785387,0.014335624396063049,-0.22822331118720027,42.19458722326636,0.8944633487346323,1.3694333709536892,136.06276168823243,139.5890203849981,132.53650299146676,0.05183282557273919
2024-04-04,132.04249572753906,135.00631109840168,131.4688493369096,134.7672942003784,1145100,MTB,135.89401626586914,132.57216323852538,123.37743942260742,-0.0067602226013737665,0.014023041424890964,-0.23344069340212598,45.46934926776248,0.5335282162126305,1.2022523400054776,135.89401626586914,139.847440593865,131.94059193787328,0.058183935343572524
2024-04-05,132.6161651611328,132.89341839210368,131.07689548686668,131.45931675477885,786400,MTB,135.6712547302246,132.52163284301758,123.47357753753663,0.004344581874440534,0.01373524789929973,-0.2301103137329972,46.36299441785521,0.2904269906634056,1.0198872701370634,135.6712547302246,139.8414764760521,131.5010329843971,0.061475391439693904
2024-04-08,134.3944091796875,135.61817435526694,132.70216569922545,133.43834172448908,969000,MTB,135.56752090454103,132.51879104614258,123.57883880615235,0.013408953700282833,0.014113676272554975,-0.2197868985755177,49.3202254403301,0.2385075819193787,0.8636113324935265,135.56752090454103,139.75734933657398,131.37769247250807,0.06181168474686785
2024-04-09,134.57606506347656,135.68510693899557,133.84945896663652,134.84376281433518,750500,MTB,135.46856765747071,132.52943283081055,123.70616439819337,0.0013516625051432918,0.014118097423700956,-0.2187323137803007,52.26819999597066,0.20960301500716128,0.7328096689962535,135.46856765747071,139.65366462357312,131.2834706913683,0.06178698185817292
2024-04-10,128.93528747558594,131.7748096427303,127.94098351063458,131.20116320128164,1181100,MTB,135.06797561645507,132.40376968383788,123.81326587677002,-0.04191516214439761,0.016825036217442524,-0.2514792755263778,34.94761249686367,-0.26540821126585,0.5331660929438329,135.06797561645507,140.10436013067238,130.03159110223777,0.07457555340162705
2024-04-11,129.2412109375,129.9678316488155,127.1856714365006,129.16473836745672,973300,MTB,134.6850700378418,132.26584945678712,123.90658676147461,0.0023726899586895556,0.016857513503205697,-0.24970326791954825,28.937991817765393,-0.6101392581217624,0.30450502273071384,134.6850700378418,140.26981569324983,129.10032438243377,0.08293043399448669
2024-04-12,128.64845275878906,129.38462888889504,127.2334768083428,127.2334768083428,1432500,MTB,134.40876693725585,132.22272567749025,123.98464931488037,-0.004586448659921527,0.016377733662382054,-0.25314446536094215,32.943790823419036,-0.9205600839245847,0.05949200139965413,134.40876693725585,140.61237857792187,128.20515529658982,0.09230962804028951
2024-04-15,134.74818420410156,139.0218079975329,132.53010013383445,133.79211650245583,2948400,MTB,134.4283676147461,132.42226669311523,124.09423118591309,0.04741395107758706,0.01975940869118917,-0.2177330935795407,47.61236828700111,-0.6666883069767948,-0.08574406027563566,134.4283676147461,140.63375647104414,128.22297875844805,0.09232260967539034
2024-04-16,131.3541259765625,134.40398393140276,130.19727777049306,134.0119927171745,1233200,MTB,134.2591438293457,132.52058547973633,124.17473373413085,-0.025188155577652305,0.020550102570811024,-0.23743695412170804,43.798457205070896,-0.7309394137646734,-0.2147831309734432,134.2591438293457,140.61175662385924,127.90653103483218,0.09463210643720793
2024-04-17,132.931640625,134.00244632109346,131.70787519098008,132.5205385348934,1169800,MTB,134.23189544677734,132.66011627197267,124.26521160125732,0.01200963149584644,0.02065159793825701,-0.22827885294835953,40.082624643181795,-0.6471071817286713,-0.3012479411244888,134.23189544677734,140.60328838106452,127.86050251249017,0.09493113262061349
2024-04-18,133.18020629882812,134.78639270399233,132.30062594527166,132.8264514020177,816800,MTB,134.04593963623046,132.8180680847168,124.3398127746582,0.0018698759201305482,0.01976287443278378,-0.2268358301584322,39.288172478927955,-0.5542236164750989,-0.35184307619461086,134.04593963623046,140.3056498917191,127.78622938074182,0.09339649186653533
2024-04-19,137.0809783935547,137.1192146789889,133.4287931261428,133.77297804878668,1525200,MTB,133.92786560058593,133.08813354492187,124.44287189483643,0.02928942823510927,0.020459730151706587,-0.20419029369189984,50.26212069631808,-0.16396295105349168,-0.31426705116638703,133.92786560058593,139.83832159155946,128.0174096096124,0.08826327462875169
2024-04-22,139.27992248535156,139.6432328456148,136.7176682918409,137.73109762474988,861200,MTB,134.09661102294922,133.38039291381835,124.55790004730224,0.016041205115153057,0.019915231981257837,-0.19142454696038189,58.31399673942291,0.3190796967113556,-0.1875977015908385,134.09661102294922,140.42283005177723,127.7703919941212,0.09435315300765279
2024-04-23,140.4080810546875,141.18249343646923,138.8401308553521,139.38508177317024,727100,MTB,134.31459350585936,133.66282211303712,124.66349075317383,0.008099936797815177,0.019970754115327047,-0.18487513689449625,63.09082727991127,0.7838912331498022,0.006700085357289637,134.31459350585936,141.19973690362792,127.42945010809079,0.10252264058660472
2024-04-24,141.45977783203125,141.5649458584954,138.6584919935415,139.23213842669773,757400,MTB,134.63631134033204,133.90187759399413,124.77011798858642,0.007490286666150814,0.0198852407844122,-0.1787696180011291,66.4221674554396,1.223022621621567,0.24996459261014511,134.63631134033204,142.22651325100492,127.04610942965917,0.1127511862901005
2024-04-25,140.44631958007812,141.73701662927624,139.26080513508825,141.55536145762565,920300,MTB,134.7366973876953,134.19643768310547,124.8624917602539,-0.007164285618746713,0.019243757958096453,-0.18465314701656146,63.448208266571484,1.4722881779992747,0.49442930968797105,134.7366973876953,142.58727958379245,126.88611519159814,0.11653220463772633
2024-04-26,139.9491729736328,142.3871335612454,139.83443494722258,140.50369390457746,657600,MTB,134.78163223266603,134.41607879638673,124.95219417572021,-0.0035397624368637137,0.019249344232590535,-0.18753928117976723,59.9793962859585,1.611145073473324,0.7177724624450417,134.78163223266603,142.74564505688855,126.8176194084435,0.11817653032239125
2024-04-29,139.126953125,140.92435018806822,139.0504659708475,139.81532292393948,735000,MTB,134.89157943725587,134.58991302490233,125.02943454742432,-0.005875131886543761,0.018956990024522297,-0.1923125950554722,57.99194286152215,1.6359852734726132,0.901415024650556,134.89157943725587,143.0389618233172,126.74419705119453,0.12079897677899236
2024-04-30,138.04661560058594,139.46159172188055,137.63551348911312,138.12310276774178,545600,MTB,135.07036361694335,134.7307745361328,125.11287197113037,-0.007765120274311088,0.01855491277145048,-0.19858438489891267,69.0523595290514,1.550622490630218,1.0312565178464883,135.07036361694335,143.3349650122463,126.80576222164039,0.12237475600111933
2024-05-01,139.71017456054688,141.55537817803946,138.51508996213923,138.6393688402378,776100,MTB,135.4088119506836,134.92290313720704,125.20202899932862,0.01205070441403766,0.018439973342336647,-0.1889267622085353,70.71509833190824,1.5987774639485508,1.1447607070669008,135.4088119506836,143.85861254668464,126.95901135468257,0.12480429411164884
2024-05-02,139.84400939941406,141.38327879102272,139.1460695604052,141.01996844131585,667700,MTB,135.79888763427735,135.12225494384765,125.27603469848633,0.0009579462575877162,0.018313054916975772,-0.1881497976357635,72.56259117757764,1.6289623166409513,1.241601028981711,135.79888763427735,144.3144038593097,127.283371409245,0.1254136373777324
2024-05-03,140.140380859375,142.23417109261138,140.09257456499694,140.54192747297154,531900,MTB,136.17509841918945,135.31124298095702,125.33602638244629,0.0021193003635533447,0.018311428907372383,-0.18642924320674212,64.18503571316751,1.6576899123752753,1.3248188056604238,136.17509841918945,144.76309161333862,127.58710522504029,0.1261316245604999
2024-05-06,142.6835479736328,142.73133968760777,140.52282564754574,141.24944643193692,878300,MTB,136.5895553588867,135.54882110595702,125.40669235229493,0.018147282736513892,0.018484089714369534,-0.17166514465705532,81.2006504994306,1.8641799647304254,1.4326910374744242,136.5895553588867,145.60513601363587,127.57397470413756,0.13200981042892884
2024-05-07,141.79437255859375,143.65870131807563,141.71788540584157,143.26672471931573,837700,MTB,136.9504707336426,135.81445861816405,125.47606742858886,-0.006231800566126822,0.01860053051660542,-0.176827162277524,75.36934021929794,1.9337843320171544,1.5329096963829703,136.9504707336426,146.20151994678383,127.69942152050135,0.13510065593178974
2024-05-08,144.61477661132812,144.6817083442431,140.55148940440992,141.2207483798256,1048600,MTB,137.73444519042968,136.07872711181642,125.55059043884278,0.019890803858022554,0.015690695560626394,-0.16045359282113436,78.53044105956634,2.1912697370096055,1.6645817045082973,137.73444519042968,146.78076090204362,128.68812947881574,0.13135879988635574
2024-05-09,145.95327758789062,146.19229447850813,143.63002582510327,144.28015935356817,819400,MTB,138.5700485229492,136.38113159179687,125.6407137298584,0.009255630772503354,0.015685430017246923,-0.15268306125990505,75.38282355673402,2.4748065882023127,1.8266266812471006,138.5700485229492,147.39787178804008,129.74222525785834,0.12741315109850532
2024-05-10,146.90936279296875,148.13312825281986,145.94372510231165,146.60341413378848,1396100,MTB,139.48309402465821,136.67215911865233,125.7236939239502,0.00655062511016502,0.015478129914543805,-0.14713260564472602,73.49817044342662,2.745016826001091,2.010304710197899,139.48309402465821,147.74973924660645,131.21644880270998,0.11853257600504384
2024-05-13,147.03363037109375,148.04707428541727,146.37395597874902,147.60727676875356,643500,MTB,140.0973663330078,136.99492736816407,125.8175951385498,0.0008458792262282522,0.012197318256640447,-0.1464111828331135,71.75131846817241,2.9353508438875906,2.195313936935837,140.0973663330078,148.70149482865145,131.49323783736418,0.12283069583466466
2024-05-14,148.24783325195312,148.50597557744865,146.6033958846457,147.71243775346852,595700,MTB,140.94205169677736,137.2838510131836,125.90907722473145,0.008257994295555848,0.010019330167560136,-0.139362251250199,72.04954905836567,3.1478811350764317,2.385827376563956,140.94205169677736,149.24377467388805,132.64032871966666,0.11780335076959177
2024-05-15,147.79849243164062,149.76798942876547,146.96671825614902,149.280400185966,548400,MTB,141.68539428710938,137.4890231323242,125.99919395446777,-0.0030310110472159257,0.01011758500880067,-0.1419708537743107,74.79049359544271,3.2426753304265503,2.5571969673364747,141.68539428710938,149.62140549155387,133.74938308266488,0.11202299636281593
2024-05-16,146.7277069091797,148.5633550903121,146.69902604607097,147.7602617463982,727200,MTB,142.36276931762694,137.71522918701172,126.08933860778808,-0.007244901519927183,0.01048193462209711,-0.14818719043994302,72.00500890626331,3.1945719337618073,2.6846719606215412,142.36276931762694,149.51621906986298,135.2093195653909,0.10049607473251539
2024-05-17,147.03363037109375,147.92278082862308,146.67033460178084,147.76980651078927,764100,MTB,142.86040191650392,137.91447387695314,126.18226554870606,0.002084974054037625,0.008778018758717403,-0.1464111828331135,76.55750610414877,3.144882860017475,2.776714140500728,142.86040191650392,149.84961344488664,135.8711903881212,0.09784672917926739
2024-05-20,145.57086181640625,148.917098744942,145.5230701024611,147.23442485557214,709300,MTB,143.17494888305663,138.09650939941406,126.2614296722412,-0.009948530489219842,0.008754760999415625,-0.1549031372059553,74.63995147052503,2.9534254632909267,2.812056405058768,143.17494888305663,150.05101084542392,136.29888692068934,0.09605118794885777
2024-05-21,146.64166259765625,146.90936037581696,145.43700800749826,145.50393974625584,551800,MTB,143.48662796020508,138.29824005126954,126.34571594238281,0.0073558730633915825,0.008730128718492498,-0.1486867119569719,73.61564263003467,2.85518596449333,2.8206823169456805,143.48662796020508,150.39963253176867,136.5736233886415,0.09635747483703999
2024-05-22,146.30703735351562,146.93804552979458,145.20756534599172,146.93804552979458,640800,MTB,143.7289909362793,138.48543823242187,126.4205347442627,-0.0022819247832639444,0.008692451533556122,-0.1506293448472792,71.72239140624919,2.718986212746188,2.8003430961057822,143.7289909362793,150.68255941722256,136.77542245533604,0.0967594419976976
2024-05-23,142.94166564941406,146.70857443363997,142.48275727325264,146.70857443363997,736100,MTB,143.8537582397461,138.60628509521484,126.48808403015137,-0.023002117772161212,0.0101446926804895,-0.17016666868931984,57.80501347282604,2.312828707628512,2.702840218410328,143.8537582397461,150.64702358457993,137.06049289491227,0.09444682471920127
2024-05-24,144.0411376953125,144.7772991903761,142.56878552831972,143.17111274103792,513500,MTB,144.05835647583007,138.80361755371095,126.58149787902832,0.007691753421952274,0.01019499329934451,-0.16378379532356088,54.113478390726584,2.0559642875353177,2.573465032235326,144.05835647583007,150.5982304953976,137.51848245626255,0.09079478871695683
2024-05-28,142.28196716308594,144.72949753966952,141.4214976914099,144.00287692957443,588700,MTB,144.2161071777344,138.96213348388673,126.66611587524415,-0.012212973046267561,0.0105290466940214,-0.17399648129212636,51.403414925079474,1.6909547502757505,2.3969629758434112,144.2161071777344,150.39751201233724,138.03470234313153,0.08572419482915025
2024-05-29,139.2608184814453,139.8535757607484,137.90320415851693,139.76753317280466,657200,MTB,144.27681732177734,139.05257781982422,126.73191665649414,-0.021233531851423848,0.0115154115482213,-0.19153545331599817,34.76605747163366,1.1447051638557184,2.146511413445873,144.27681732177734,150.22244698654555,138.33118765700914,0.08241975079763232
2024-05-30,141.36415100097656,141.67965504861112,138.74452061628662,140.44631971800027,483100,MTB,144.35951614379883,139.2103286743164,126.82229160308837,0.015103548452944704,0.01169539160797045,-0.17932476986266835,37.48690454694101,0.8714739776048646,1.8915039262776712,144.35951614379883,150.079426883065,138.63960540453266,0.07924535759136896
2024-05-31,144.93984985351562,145.18842217057613,141.31634558353934,141.83263024230874,1061400,MTB,144.61430816650392,139.3711392211914,126.95689716339112,0.025294240634702092,0.012929587511867915,-0.15856641310863517,45.30104147857338,0.9327135666125059,1.6997458543446382,144.61430816650392,149.9267792174504,139.30183711555745,0.07347089120434577
2024-06-03,143.0587615966797,146.24213543440626,141.5249591532468,146.04919208947507,775300,MTB,144.76022720336914,139.4434652709961,127.07704029083251,-0.01297840627499669,0.013348256722831887,-0.169486880052739,41.25007473630679,0.8200057646730556,1.523797836410322,144.76022720336914,149.7027176994644,139.8177367072739,0.06828519948579101
2024-06-04,141.33203125,143.9559020570289,141.28381012800924,141.36096981099934,598000,MTB,144.6926513671875,139.55200561523438,127.1864155960083,-0.012070077550005553,0.01302523235705798,-0.17951123781679953,35.11210414701253,0.5846122652454824,1.3359607221773542,144.6926513671875,149.78924691700982,139.59605581736517,0.07044719274496755
2024-06-05,140.87863159179688,142.02657683449314,140.02008665961827,142.02657683449314,602200,MTB,144.64686431884766,139.64860961914061,127.29844173431397,-0.003208046004809173,0.012971356923981015,-0.18214340351231215,35.105969304174536,0.3573562771165655,1.1402398331651964,144.64686431884766,149.86802384244493,139.4257047952504,0.0721918106995831
2024-06-06,140.1744384765625,141.98800005669517,139.74998664125388,141.08121926662884,448900,MTB,144.4248474121094,139.7515899658203,127.4036529159546,-0.004998580035010636,0.012102820572681831,-0.18623152516701727,35.668851445911855,0.11905932819783516,0.9360037321717242,144.4248474121094,150.01625322945654,138.83344159476223,0.07742997022378487
2024-06-07,141.63108825683594,141.90119130712955,138.70816110631526,138.91074575379162,386100,MTB,144.20873794555663,139.81543975830078,127.5286275100708,0.010391693350831455,0.01215843895581085,-0.17777509271797903,38.75147651147438,0.04720262045486834,0.758243509828353,144.20873794555663,149.88487572999225,138.53260016112102,0.07872113528347405
2024-06-10,138.7660369873047,140.85934274606538,137.61809179583676,139.95256201601472,783100,MTB,143.80157165527345,139.8097509765625,127.63542610168457,-0.020228971653001193,0.01269581152445073,-0.19440785705977862,36.613494177561414,-0.23818438996684677,0.558957929869313,143.80157165527345,149.8199994460918,137.7831438644551,0.08370461771093786
2024-06-11,135.85276794433594,137.26116017446162,134.83987424926647,137.26116017446162,1100300,MTB,143.24252853393554,139.78824615478516,127.72867897033692,-0.020994107104429838,0.013293557160791837,-0.21132054479115278,30.21054499431557,-0.69146138002165,0.3088740678911205,143.24252853393554,150.02545896352902,136.45959810434206,0.09470553890685525
2024-06-12,138.5634307861328,141.1680036199551,138.10039921377756,138.23545070236068,1058900,MTB,142.75830841064453,139.87009613037108,127.83887203216553,0.019952945256938248,0.014088234475849573,-0.19558406679609874,36.93513715293421,-0.8224778107187092,0.08260369216915456,142.75830841064453,149.41832560072243,136.09829122056664,0.09330479275392285
2024-06-13,137.94606018066406,138.35121467499343,136.57624792283357,137.47337257752514,844200,MTB,142.26568679809571,139.97019317626953,127.93892627716065,-0.00445550894609148,0.014090521244234572,-0.1991681491828673,40.71008046163573,-0.965001982091735,-0.12691744268302335,142.26568679809571,148.812537300293,135.71883629589843,0.09203695774496369
2024-06-14,137.15504455566406,138.16793823104794,136.01675537041146,136.2482785509168,591700,MTB,141.78705368041992,140.07244415283202,128.02996837615967,-0.005734238614455767,0.014072576166670799,-0.20376031010550896,37.04588237793127,-1.1287700068758397,-0.3272879555215866,141.78705368041992,148.3600157147536,135.21409164608625,0.0927159689649629
2024-06-17,139.6728057861328,139.7885747391914,136.1518104669552,137.03929393634633,615000,MTB,141.41901245117188,140.21357696533204,128.14176471710206,0.018357044311607007,0.014847721817678605,-0.18914370283545562,45.22784890672043,-1.0433677628160183,-0.470503916980473,141.41901245117188,147.56551479087025,135.2725101114735,0.08692611033216756
2024-06-18,141.63108825683594,142.27740732143224,139.51848497670838,139.67281906293883,791000,MTB,141.22202377319337,140.358310546875,128.26372745513916,0.014020499263841302,0.015175195942271772,-0.17777509271797903,54.51058872448642,-0.8083506763561559,-0.5380732688556096,141.22202377319337,147.05267986189386,135.39136768449288,0.0825743171343401
2024-06-20,142.5957489013672,142.82725739483288,140.59889982815025,141.0426489731471,788000,MTB,141.0197280883789,140.51870422363282,128.38718528747557,0.006811079801787079,0.015159394175743964,-0.17217485325946427,52.44988472059161,-0.5380555210035993,-0.5380697192852075,141.0197280883789,146.31480582997978,135.72465034677805,0.0750969784636426
2024-06-21,142.29669189453125,142.75008231811606,140.11657018076045,142.48963526419394,1446700,MTB,140.8192108154297,140.7859323120117,128.51828880310057,-0.002097236482433984,0.015158813599307952,-0.17391099835828475,43.954127005844065,-0.34401052495070417,-0.4992578804183069,140.8192108154297,145.54429801902685,136.09412361183254,0.06710855963807777
2024-06-24,144.30316162109375,145.5572197471598,140.96545376379854,143.10699532936246,736700,MTB,140.88728561401368,141.08717132568358,128.66889377593995,0.014100606977214047,0.014621274334059329,-0.16226264201793583,52.8301664166865,-0.02800035868830264,-0.40500637607230605,140.88728561401368,145.77747016047272,135.99710106755464,0.06941981350760904
2024-06-25,142.32562255859375,145.31606798827897,142.15199119894694,143.73402959361297,1029700,MTB,140.80150985717773,141.3607147216797,128.82114269256593,-0.013704059150779768,0.014854081517277162,-0.17374304432454,52.23425733143565,0.06215264247097707,-0.31157457236364944,140.80150985717773,145.5157866923543,136.08723302200116,0.06696344151363877
2024-06-26,142.11341857910156,142.894789176234,141.00405308678594,141.62143359608302,796400,MTB,140.7930824279785,141.5080194091797,128.96084579467774,-0.0014909752416844002,0.014600192786012989,-0.17497497298872167,52.80707584443299,0.1151490906850654,-0.22622983975390648,140.7930824279785,145.49680680010673,136.08935805585028,0.06681754942803203
2024-06-27,142.43173217773438,143.12628703905543,141.2452070894406,141.32238148731088,690900,MTB,140.95162811279297,141.7295715332031,129.08160842895506,0.002239856037631105,0.013716651734910257,-0.1731270357007736,55.22320816991756,0.18075082190401304,-0.1448337074223226,140.95162811279297,145.65164971676552,136.25160650882043,0.06668985192865556
2024-06-28,146.01060485839844,147.45759155504504,142.93334412840846,143.6761347541498,1989900,MTB,141.18395080566407,141.9911508178711,129.20409297943115,0.025126933625985393,0.014416069628488994,-0.1523502536097051,59.22759972325175,0.5155824682179286,-0.012750472294272355,141.18395080566407,146.40076690517262,135.96713470615552,0.07390097910901157
2024-07-01,144.52503967285156,147.91098327552518,144.44786528197025,146.37718089547295,887900,MTB,141.16321029663087,142.21804748535158,129.33527534484864,-0.010174364985252815,0.013516532892318921,-0.16097455150913698,62.88307329747856,0.6535327464747525,0.1205061714595326,141.16321029663087,146.32010761581577,136.00631297744596,0.07306290793966147
2024-07-02,146.3675537109375,146.60871821010113,143.55075412704764,143.743682782476,790300,MTB,141.32864990234376,142.40377899169923,129.46268535614013,0.01274875303446854,0.013446093430816021,-0.15027802327669285,74.70545845657435,0.9011469590136016,0.27663432897034645,141.32864990234376,146.934365457271,135.7229343474165,0.07932879226965989
2024-07-03,143.8594207763672,146.7533941432174,143.79188766577602,146.52187097484588,562000,MTB,141.45501937866212,142.49536895751953,129.5758671569824,-0.01713585334304113,0.013753998696910321,-0.1648387344521824,62.56298177437757,0.8847982366322924,0.39826711050273567,141.45501937866212,147.17386408321883,135.7361746741054,0.08085743057654099
2024-07-05,141.312744140625,143.8980203034353,140.66642509992244,143.33851694293642,1056700,MTB,141.47672500610352,142.51346221923828,129.68855041503906,-0.01770253642061481,0.014354835824999473,-0.17962320717262936,57.31663075320121,0.6587525460277845,0.4503641976077455,141.47672500610352,147.18965077994457,135.76379923226247,0.08076135171484336
2024-07-08,142.96229553222656,144.12953804900118,141.5249647048768,142.70183378196077,685800,MTB,141.61611785888672,142.5435125732422,129.81084087371826,0.011673054696043739,0.014517052319947895,-0.17004690399859046,62.16657204089879,0.6057322151574169,0.48143780111767975,141.61611785888672,147.3312977657599,135.90093795201355,0.0807136926683453
2024-07-09,144.50576782226562,145.52830292222416,141.58285533105868,142.47998018382935,715100,MTB,141.7598518371582,142.62470153808593,129.9398173904419,0.01079635916793964,0.01453098130212884,-0.16108643228161568,60.55632396905756,0.6804151333087418,0.5212332675558922,141.7598518371582,147.61938747828017,135.90031619603624,0.08266847863036576
2024-07-10,146.99456787109375,147.0813835448981,143.02982351941074,144.1777687158595,753000,MTB,142.17127838134766,142.76560943603516,130.08287857055663,0.017222842287438755,0.014041889874010208,-0.14663795621200937,61.44974537011401,0.929710128538261,0.602928639752366,142.17127838134766,148.2952801473236,136.04727661537171,0.08614963353638092
2024-07-11,149.46408081054688,150.42873860359856,147.47688811198202,148.40295135038613,970200,MTB,142.8518440246582,142.9723519897461,130.2476626586914,0.016800028567169667,0.013161509548362468,-0.1323014494982329,63.777068367618654,1.311429916226757,0.7446288950472442,142.8518440246582,149.0441846240996,136.6595034252168,0.08669598410465756
2024-07-12,149.72454833984375,151.12329925008592,148.75989050939947,149.5219637188659,784600,MTB,143.40989990234374,143.20591064453126,130.40756137847902,0.0017426764202097544,0.012684229809152622,-0.13078933169442322,64.9225107996856,1.6163310922088954,0.9189693344795744,143.40989990234374,149.9754269260415,136.84437287864597,0.09156309331738775
2024-07-15,152.7632293701172,153.85329753402925,151.15225240404618,152.66675768995245,808800,MTB,144.1507583618164,143.46697174072267,130.59352890014648,0.020295142406282274,0.013023110239236163,-0.11314857740010167,66.31938414552664,2.0791959579465527,1.1510146591729702,144.1507583618164,151.42592147026278,136.87559525337002,0.10093825646322054
2024-07-16,157.35498046875,157.72155515427542,152.358059976322,152.88862472655345,1063300,MTB,145.1607551574707,143.81719116210937,130.79650192260743,0.030057960397706918,0.01387369107649304,-0.08649163246094382,76.3354006710024,2.7844383653761327,1.4776994004136028,145.1607551574707,153.82304598071718,136.49846433422422,0.11934755800697795
2024-07-17,158.83091735839844,159.93062677569554,155.43533214820715,155.7826095810121,1078700,MTB,146.118660736084,144.19100189208984,130.9978542327881,0.009379664280416922,0.013629451842508342,-0.07792323065607576,78.0511435035215,3.4229857770336594,1.8667566757376144,146.118660736084,156.32517749128468,135.91214398088331,0.13970175614510244
2024-07-18,161.46444702148438,168.81513564623677,159.8824086247801,167.9083548482151,2270800,MTB,147.1103286743164,144.56661987304688,131.21242107391356,0.016580711783861446,0.013715205572420008,-0.06263454150098996,79.6335434773932,4.094345964110829,2.3122745334122574,147.1103286743164,159.16728490423856,135.05337244439426,0.16391719519048484
2024-07-19,159.4097137451172,163.54808954972177,157.77943958225416,162.45803616091374,1260900,MTB,147.9510269165039,144.91892669677733,131.43710556030274,-0.012725608109219189,0.014383585850796505,-0.07456308698096689,71.90160931649692,4.409770852576628,2.7317737972451317,147.9510269165039,160.98754559268835,134.91450824031946,0.17622748483579767
2024-07-22,164.8311004638672,165.21697247851858,157.33571873322848,160.61554990044772,1319600,MTB,149.0777473449707,145.32325317382814,131.69569408416749,0.03400913652864568,0.015571990189581823,-0.043089776657454296,79.40763886433547,5.039120109108808,3.193243059617867,149.0777473449707,163.8378770770999,134.3176176128415,0.1980192214465622
2024-07-23,166.08514404296875,167.7829365985326,164.00147950692832,165.92115397108282,1632900,MTB,150.16684646606444,145.7258905029297,131.95230255126953,0.00760805197303438,0.015494452356553516,-0.035809553944736214,79.05056216654661,5.574811805190734,3.669556808732441,150.16684646606444,166.5669358548849,133.766757077244,0.2184249023638734
2024-07-24,165.6124725341797,167.98553760707736,164.1654855852088,166.0755189558993,1303800,MTB,151.33118896484376,146.0999526977539,132.20209442138673,-0.00284595898996709,0.014903616485208477,-0.03855360041272755,84.0943942587046,5.893276668312268,4.114300780648406,151.33118896484376,168.6671426601397,133.99523526954783,0.22911276669244038
2024-07-25,167.37777709960938,170.20423223475305,165.3712870191124,165.41952285518173,1057300,MTB,152.59440689086915,146.50683563232423,132.45386878967284,0.010659248898450935,0.014755711635580383,-0.028305303937007316,91.8784782320897,6.216448344999492,4.534730293518624,152.59440689086915,170.76409790180247,134.42471587993583,0.23814360409589228
2024-07-26,168.71865844726562,169.20098739047623,167.1752146606984,167.63824632471744,980500,MTB,153.90875320434571,146.91625213623047,132.7100975036621,0.008011107393655292,0.01468686617947678,-0.020520953373001548,91.79711584699399,6.505767705236963,4.928937775862292,153.90875320434571,172.77289543852967,135.04461097016176,0.24513410499970598
2024-07-29,166.09478759765625,168.9116015754284,165.71857161123296,168.69937566313718,829000,MTB,154.9129623413086,147.2821780395508,132.9455659866333,-0.015551752685548315,0.015089774532696425,-0.03575356926682129,83.84753254234596,6.448990980038388,5.2329484166975115,154.9129623413086,174.1415885490443,135.6843361335729,0.24825070694046422
2024-07-30,167.47425842285156,168.80549103362526,166.72182643924333,167.31990962633927,793200,MTB,156.0604232788086,147.69710906982422,133.19365070343017,0.008305322792771186,0.014567081361863046,-0.027745191407804706,83.26543055352457,6.441058272789718,5.474570387915953,156.0604232788086,175.4175065875124,136.7033399701048,0.24807164945492366
2024-07-31,166.08514404296875,168.98875893843874,165.92115397108282,166.78934016801085,912700,MTB,157.04630279541016,148.0781393432617,133.44430583953857,-0.008294494885151105,0.01492335206836343,-0.035809553944736214,77.97985142868885,6.250628272159332,5.6297819647646286,157.04630279541016,176.3331313527989,137.75947423802143,0.2456196448319369
2024-08-01,160.9531707763672,167.31026257851005,160.04639002750707,166.06584568885785,968700,MTB,157.90099029541017,148.38578552246094,133.68566104888916,-0.03089965268220407,0.016319984728796193,-0.06560270384734325,66.23884113286306,5.6208105663848755,5.627987685088678,157.90099029541017,176.21792686784494,139.5840537229754,0.23200534129857453
2024-08-02,156.5543212890625,158.36788281857662,153.51565484670618,157.73120508338403,1311200,MTB,158.66306915283204,148.58403869628907,133.89344341278075,-0.02732999583721507,0.01716827425264245,-0.0911397780615004,55.27514725434501,4.712403452430323,5.444870838557008,158.66306915283204,175.26174765993753,142.06439064572655,0.20923178400282713
2024-08-05,154.31631469726562,156.0044659047388,149.61843576156932,152.3484044753425,1354400,MTB,159.23077011108398,148.74422424316407,134.0819261932373,-0.014295399663000086,0.01763455727932863,-0.10413229817191424,45.47545217759569,3.768455433292047,5.109587757504015,159.23077011108398,174.27201798286816,144.1895222392998,0.18892388526779053
2024-08-06,154.64430236816406,157.62509168430526,153.93046495754126,155.87906327684738,959800,MTB,159.7376968383789,148.97827697753905,134.2863931274414,0.0021254244668937883,0.017564508693427225,-0.10222819903934899,43.545514083592565,3.0121139170212814,4.69009298940747,159.7376968383789,173.30007827133232,146.17531540542547,0.16980815050408196
2024-08-07,154.11373901367188,158.60904830810446,153.83399470250842,157.23923587236752,736000,MTB,160.09365539550782,149.17972900390626,134.4962700653076,-0.003430862607721963,0.017323369967804366,-0.10530833074153212,37.88166018659389,2.3428884282226363,4.220652077170503,160.09365539550782,172.5787103685607,147.60860042245494,0.15597188960685332
2024-08-08,156.43858337402344,157.18137414257387,154.82760630837132,155.27135545724258,764600,MTB,160.44238052368163,149.462861328125,134.7451471710205,0.01508525051193077,0.017253022478563928,-0.0918116827798306,45.14504815656644,1.9773245506081878,3.7719865718580405,160.44238052368163,172.03505834253116,148.8497027048321,0.14450892315373517
2024-08-09,156.49644470214844,157.33570707211717,155.6282584926759,156.06235159741215,460200,MTB,160.78097534179688,149.80757385253906,135.00486087799072,0.00036986609618328004,0.017258606948162884,-0.09147577471234107,33.48621079554731,1.6729962105543166,3.352188499597296,160.78097534179688,171.41120932520946,150.1507413583843,0.13223248535237772
2024-08-12,154.3549041748047,159.05279812343582,153.60247219575297,157.4611037681254,526900,MTB,160.86055908203124,150.06738891601563,135.2557419204712,-0.013684275904284116,0.01707114386529096,-0.10390827087690342,27.548009834152353,1.2446617002333369,2.930683139724504,160.86055908203124,171.2593684553519,150.46174970871058,0.1292897330789179
2024-08-13,154.66360473632812,155.30992377077197,152.59923739424244,155.30992377077197,764100,MTB,160.72599029541016,150.26186401367187,135.5056350708008,0.0019999400937324996,0.015618918928431915,-0.10211614110016802,28.911204545841954,0.919513491069381,2.5284492099934797,160.72599029541016,171.38227936411283,150.06970122670748,0.13260194009838355
2024-08-14,154.4995880126953,155.12660965930732,153.58316609860503,155.06873254971347,926200,MTB,160.509423828125,150.4906805419922,135.74814548492432,-0.001060473948686469,0.015436077816913517,-0.10306832354147734,23.5644190803136,0.6412050017642912,2.151000368347642,160.509423828125,171.49872123063994,149.52012642561004,0.13693024546997806
2024-08-15,155.84048461914062,157.36464584723916,155.0687553654879,155.17486832185904,1131400,MTB,160.2282257080078,150.780849609375,136.01667358398439,0.008678965579734355,0.015051521540207861,-0.09528388439412044,23.56446696310107,0.5228159716062066,1.8253634889993549,160.2282257080078,171.40091420354122,149.0555372124744,0.13945967941870585
2024-08-16,157.3260498046875,157.7987374639746,155.3292156511911,155.3292156511911,862100,MTB,160.12404251098633,151.10979797363282,136.27809772491455,0.009532601167003829,0.015013362853714199,-0.08665958649468859,31.117640332626678,0.542609641165825,1.568812719432649,160.12404251098633,171.36750310774073,148.88058191423193,0.14043438349969178
2024-08-19,158.58973693847656,158.9949061689387,157.28745773602512,157.32603757156392,643600,MTB,159.8119743347168,151.4781039428711,136.54251205444336,0.008032281592005086,0.01283125574001377,-0.07932337910405558,30.77243649438155,0.6527408671211674,1.385598348970353,159.8119743347168,170.84992940363486,148.77401926579876,0.13813677122591206
2024-08-20,156.52537536621094,157.88554644935556,156.28421090690915,157.7119151040233,677300,MTB,159.3339859008789,151.7759896850586,136.79951091766358,-0.013016993483421113,0.012859954287294124,-0.0913078206785963,29.89859282545683,0.5669089572800772,1.2218604706322977,159.3339859008789,170.05143613991976,148.61653566183804,0.1345281131133962
2024-08-21,157.1524200439453,157.24887700102457,155.45461274082464,157.1234814848704,673500,MTB,158.91098327636718,152.1437173461914,137.0300189590454,0.004006025708402472,0.012951865377429303,-0.08766757644721057,40.14017492969878,0.5432218915853468,1.0861327548229076,158.91098327636718,169.24604342185694,148.5759231308774,0.1300735787093549
2024-08-22,158.81163024902344,159.46759053691318,157.30676632314845,157.64438774679368,664400,MTB,158.4826759338379,152.60289459228517,137.24960357666015,0.010557967892662168,0.01294645251880358,-0.0780352000119056,56.82614565827881,0.6508317352030133,0.9990725508989289,158.4826759338379,168.01951093555283,148.94584093212296,0.12035176646936852
2024-08-23,162.71847534179688,164.84073433874585,159.62193195722094,159.97885064329404,891000,MTB,158.18266677856445,153.08599548339845,137.49453521728515,0.02460049737319192,0.01413510092425642,-0.05535440737162301,73.07889619098712,1.0393817142676767,1.0071343835726785,158.18266677856445,166.68511042150433,149.68022313562457,0.10750158428979095
2024-08-26,161.24256896972656,163.94361414875365,160.91458880243005,163.7892653454922,923800,MTB,157.94005584716797,153.5519256591797,137.73316539764403,-0.00907030605449144,0.013873005268610713,-0.06392263200978882,67.04886491771737,1.2142202868253662,1.0485515642232162,157.94005584716797,165.73977239821767,150.14033929611827,0.09876806120161385
2024-08-27,161.4837188720703,161.9660477990711,160.20073687941755,161.0013899450695,587200,MTB,157.6405288696289,154.0384991455078,137.98115787506103,0.001495572192161232,0.013705092782787575,-0.06252266072851125,69.331976756752,1.3566018354626408,1.1101616184711012,157.6405288696289,164.27109917912924,151.00995856012855,0.08412266004237938
2024-08-28,164.40663146972656,164.86967783904018,161.2522108760255,161.46443678208323,1010800,MTB,157.5566032409668,154.53317565917968,138.25309337615965,0.018100354748281644,0.014297722772695018,-0.04555398831922215,70.26492954926118,1.6858612977640064,1.2253015543296821,157.5566032409668,163.76625525656064,151.34695122537298,0.07882439565032766
2024-08-29,163.98220825195312,165.46777500054293,162.81496566987315,164.81181466777943,542100,MTB,157.7080551147461,154.98019805908203,138.5182191467285,-0.002581545610291225,0.01239499619198303,-0.04801793423093662,68.68986872552748,1.8907588956106167,1.3583930225858691,157.7080551147461,164.3958589643061,151.0202512651861,0.08481245735601836
2024-08-30,166.02728271484375,166.28774448649628,163.9436179806484,164.76358313756705,753900,MTB,158.18170318603515,155.44882873535155,138.80055492401124,0.012471319204022668,0.010683042768564199,-0.036145462012225744,79.28374060862754,2.1928839348878455,1.5252912050462646,158.18170318603515,165.80222282270842,150.56118354936189,0.09635146775112018
2024-09-03,166.57174682617188,168.4871331726017,165.72584943014238,167.3981795470415,919800,MTB,158.79447479248046,155.93432983398438,139.05542442321777,0.003279365309274196,0.009878396126147257,-0.03298463087716209,79.52594262884297,2.4480344909530345,1.7098398622276187,158.79447479248046,167.05070486197926,150.53824472298166,0.10398636451662943
2024-09-04,164.27716064453125,166.60091951096237,163.2368093299791,166.06616018272908,994700,MTB,159.27611770629883,156.33380981445313,139.28949253082274,-0.013775362421066362,0.010637297012255168,-0.046305618053570426,71.92661642938435,2.436997031888012,1.8552712961596975,159.27611770629883,167.63619396047696,150.9160414521207,0.1049758918608739
2024-09-05,164.12159729003906,166.29950468656318,163.4798860738997,165.8717120450184,919600,MTB,159.7765106201172,156.76972930908204,139.5313143157959,-0.0009469566790772932,0.010571582222177866,-0.04720872531835306,69.6134561411244,2.388167791727824,1.961850595273323,159.7765106201172,168.0329570763343,151.5200641639001,0.10334994079132868
2024-09-06,161.89505004882812,166.1244925992719,160.5727428351896,163.77156642303933,1021200,MTB,160.04933395385743,157.16536193847656,139.74672161102296,-0.01356644876710611,0.010815265974690479,-0.060134719332067356,60.454528314798495,2.1450793730245152,1.9984963508235616,160.04933395385743,168.2013128932307,151.89735501448416,0.10186832694628394
2024-09-09,164.10214233398438,164.96747476421046,161.96311984941343,162.04090437341904,799600,MTB,160.42961883544922,157.59877014160156,139.97217994689942,0.013632858351694921,0.01112695061041587,-0.04732166909104535,62.09116376208661,2.106244476582532,2.0200459759753557,160.42961883544922,168.59333850998226,152.26589916091618,0.10177322284741538
2024-09-10,162.51731872558594,164.46188737242937,159.065721246144,164.46188737242937,813600,MTB,160.83773956298828,157.9289044189453,140.19669883728028,-0.009657543685035908,0.010853001721211774,-0.05652220168958569,63.42543272445808,1.9253908142947012,2.001114943639225,160.83773956298828,168.52498254215817,153.15049658381838,0.09559004000002586
2024-09-11,161.292236328125,162.09923404938488,156.92667463192558,162.04089936715317,1053800,MTB,161.16917114257814,158.26424835205077,140.41687355041503,-0.007538165206438796,0.011089392884198107,-0.06363429320185675,59.03350334394151,1.6640272031401935,1.9336973955394188,161.16917114257814,168.28601233367345,154.05232995148282,0.08831516772893759
2024-09-12,161.0880584716797,163.02290960285453,159.39629325556422,161.3505793912388,740800,MTB,161.49859466552735,158.55865844726563,140.6334492111206,-0.001265887689906764,0.011092625968652637,-0.0648196270233434,55.30422082123906,1.4240041778965349,1.831758752010842,161.49859466552735,167.8883500936952,155.1088392373595,0.07913078675887429
2024-09-13,164.19937133789062,164.64661379147205,162.06033408726475,162.06033408726475,1096500,MTB,161.91653900146486,158.9654574584961,140.86975345611572,0.019314360702645805,0.011662459720008846,-0.04675721597763731,53.58342847099864,1.467919880461551,1.758990977700984,161.91653900146486,167.8232535487392,156.00982445419052,0.07295999017396111
2024-09-16,168.28294372558594,168.64268411630528,164.28685524565262,164.90911651288872,1308200,MTB,162.46438369750976,159.5048614501953,141.1240379714966,0.024869598186780584,0.012603047234212787,-0.023050450964553108,65.12706924385307,1.811353400515685,1.7694634622639243,162.46438369750976,168.60621449527946,156.32255289974006,0.07560833529156878
2024-09-17,169.00244140625,171.10256393638787,167.93292288581202,169.11911075906903,1097700,MTB,162.98501892089843,160.02566436767577,141.37029457092285,0.004275523500690159,0.012559030190219055,-0.018873480208663397,65.82946923811843,2.117178869095227,1.8390065436301848,162.98501892089843,169.49803417755624,156.47200366424062,0.07992164310290105
2024-09-18,169.22607421875,172.6874037246737,168.03016876268762,169.021888001432,1119200,MTB,163.62005386352538,160.52007049560547,141.60942890167237,0.001323251963931238,0.011976746110742544,-0.017575202614484458,61.44768880257886,2.350497977736211,1.9413048304513902,163.62005386352538,169.95542467133305,157.28468305571772,0.07744002838541983
2024-09-19,174.8750457763672,175.19590135913234,170.06224170665058,171.95819302673527,1512500,MTB,164.50618515014648,161.07768005371094,141.8553071975708,0.03338121258024951,0.013663077191689679,0.0,70.72899480172993,2.957141757162475,2.1444722157936074,164.50618515014648,171.90163706880114,157.11073323149182,0.089910928417734
2024-09-20,174.58335876464844,175.2542372755328,172.43461886536875,173.94164759459554,2520100,MTB,165.29477157592774,161.58006561279296,142.09177085876465,-0.001667973897726771,0.0136957383968466,-0.0016679738977267442,67.44641753717622,3.37546436680762,2.39067064599641,165.29477157592774,173.45725919534942,157.13228395650606,0.09876280467434222
2024-09-23,172.69712829589844,175.6334309624493,171.56928981139788,174.24307156947296,1272900,MTB,165.7937042236328,162.03951721191407,142.3296011352539,-0.010804182495381953,0.013288367093796223,-0.012454135298720111,61.842079645156204,3.5142746433323566,2.6153914454635996,165.7937042236328,174.49522709865494,157.09218134861067,0.10496807361617282
2024-09-24,169.94557189941406,173.23189768977014,168.75939866312737,172.45406725682483,1040200,MTB,166.22885437011718,162.3831640625,142.5597354888916,-0.01593284395424266,0.013700383700754822,-0.028188549458663243,60.768361595022526,3.3634830432452247,2.765009765019925,166.22885437011718,174.84208087889485,157.6156278613395,0.10363094351357166
2024-09-25,167.87461853027344,170.72340453925472,167.72876697702745,170.38311392011084,938900,MTB,166.54839935302735,162.59355682373047,142.7702802658081,-0.012185980169970856,0.0141004823297561,-0.040031024523910635,56.646011874073864,3.0418069277669133,2.820369197569323,166.54839935302735,174.89032246323137,158.20647624282333,0.10017416129616367
2024-09-26,170.42198181152344,171.19981217714036,168.74965171800514,169.11912447974623,1058800,MTB,166.8491668701172,162.82537811279298,142.9941774368286,0.015174201457921033,0.0139392867969178,-0.025464261896682473,64.93021695023572,2.9583254816341196,2.8479604543822825,166.8491668701172,175.29901563860182,158.39931810163256,0.1012872755314669
2024-09-27,170.55812072753906,172.68742585063703,169.65390339355608,170.73313962707633,859700,MTB,167.17796249389647,163.00725158691407,143.21510875701904,0.0007988342499514189,0.013902660842050097,-0.024685769371283958,62.18798989008026,2.8700667637862125,2.8523817162630687,167.17796249389647,175.66974788366093,158.686177104132,0.10158977012385215
2024-09-30,173.1832733154297,173.38745954450414,169.92612983928726,170.61644337840184,806400,MTB,167.53576202392577,163.2827227783203,143.4570273208618,0.015391542640670997,0.014032499397367976,-0.009674178802508872,69.37479904651033,2.9776247637794313,2.8774303257663414,167.53576202392577,176.41748512355895,158.6540389242926,0.10602778764768778
2024-10-01,167.9329376220703,172.34710160965935,166.98010320671838,171.7734574601226,1041300,MTB,167.60382156372071,163.34475952148438,143.6407271194458,-0.03031664428582892,0.01579702876494494,-0.039697534450824655,60.52389636982945,2.609130608591272,2.8237703823313276,167.60382156372071,176.47529632302079,158.73234680442064,0.10586244008675251
2024-10-02,168.41908264160156,171.005362363566,167.3495640089454,168.5552018461323,1113400,MTB,167.81091766357423,163.39143829345704,143.79583766937256,0.002894875933304508,0.015438488615552491,-0.036917577954613416,61.51498098436471,2.3294714787786575,2.7249106016207936,167.81091766357423,176.54776953289456,159.0740657942539,0.10412733558654261
2024-10-03,167.56346130371094,168.03016841779984,165.3855541148162,167.47595928327428,825500,MTB,167.9830108642578,163.43045806884766,143.95756275177,-0.005080311117187319,0.0154985264369425,-0.04181033629009832,55.687030560544045,2.0155639458027963,2.583041270457194,167.9830108642578,176.54778063991614,159.41824108859947,0.10197185693473819
2024-10-04,173.78610229492188,174.00972353138326,171.277607003699,171.72484947662178,1105200,MTB,168.5775634765625,163.5586245727539,144.17706378936768,0.03713602561558638,0.017034888381970245,-0.006226980393977249,58.675701876562094,2.243048619313697,2.5150427402284947,168.5775634765625,177.01283195959644,160.14229499352854,0.1000758144687115
2024-10-07,172.9013214111328,173.5819174640408,171.7734680458103,172.9304887536945,838400,MTB,169.01752243041992,163.64227783203125,144.3815799331665,-0.005091206213299837,0.01697393272663153,-0.011286483766005146,56.11469885376768,2.325134733251474,2.4770611388330908,169.01752243041992,177.38757611773877,160.64746874310106,0.0990436206490317
2024-10-08,172.59991455078125,174.2236275652172,172.08460505429062,173.4944143340458,849700,MTB,169.5216522216797,163.77238037109376,144.61016273498535,-0.0017432305195335118,0.016760336675673726,-0.013010039342579554,55.27839103465134,2.3389061016561357,2.4494301313977,169.5216522216797,177.44593192836962,161.59737251498976,0.09348988288914889
2024-10-09,174.18470764160156,175.53618207953997,172.24987158805118,172.5415598137969,661500,MTB,170.16627578735353,163.90658935546875,144.83601387023927,0.009181888038270358,0.016615702204415297,-0.003947608028926206,48.76260452028703,2.449463675581029,2.4494368402343656,170.16627578735353,177.33319542520945,162.9993561494976,0.0842343126415012
2024-10-10,174.1166534423828,174.5638958589082,172.6582271664552,174.20415545832745,827100,MTB,170.81770553588868,164.06721954345704,145.0600566101074,-0.0003907013430752837,0.016602299122535656,-0.004336767036242657,49.1566940066988,2.502739916461053,2.460097455479703,170.81770553588868,176.77698385398926,164.8584272177881,0.06977354366639174
2024-10-11,180.0573272705078,180.8254253200109,174.86533280234474,174.86533280234474,1154900,MTB,171.61060333251953,164.44930267333984,145.30272079467773,0.03411892952612283,0.01761872487508985,0.0,61.59977298633589,2.989859214933034,2.5660498073703693,171.61060333251953,178.06173566509958,165.1594709999395,0.07518337686955245
2024-10-14,180.4170837402344,181.7296735625688,177.84053611669734,180.0573432739735,980400,MTB,172.21731033325196,164.9265579223633,145.55182495117188,0.0019980107179204953,0.016975757924343096,0.0,67.84887389390776,3.366131441065221,2.7260661341093395,172.21731033325196,179.57007817280555,164.86454249369837,0.08538941672385311
2024-10-15,180.72821044921875,184.9576382531052,180.14483393480907,181.89494864215703,1814300,MTB,172.8035987854004,165.45479583740234,145.80006942749023,0.001724485855409963,0.01698018082507397,0.0,73.30745746335681,3.6473903706198314,2.910330981411438,172.8035987854004,180.9085099848877,164.6986875859131,0.09380488897748653
2024-10-16,184.10202026367188,185.1326391478613,181.08793329197707,181.36017168267315,1557600,MTB,173.5473960876465,166.0439501953125,146.07138694763182,0.01866786488986505,0.017303246076635196,0.0,74.08420465590079,4.095320054237277,3.147328795976606,173.5473960876465,182.90369414897603,164.19109802631695,0.107824124962432
2024-10-17,193.3581695556641,195.370805131694,188.03977336985847,192.68729103032072,3219800,MTB,174.47155227661133,166.82883880615233,146.37975021362305,0.050277282556353775,0.01911247014169801,0.0,80.38349858068925,5.137974079746186,3.5454578527305225,174.47155227661133,187.36332270079802,161.57978185242465,0.14778077292219846
2024-10-18,192.0747528076172,194.7679842816232,190.78161300003856,194.7679842816232,1632500,MTB,175.34612197875975,167.54156219482422,146.7027237701416,-0.006637509814021225,0.019238450419521404,-0.00663750981402124,76.10855804788508,5.793935024904755,3.995153287165369,175.34612197875975,190.45277448439035,160.23946947312916,0.17230666221931626
2024-10-21,188.263412475586,192.28866885676388,187.58280160151185,191.5400057968109,1072300,MTB,176.12443618774415,168.17690155029297,146.99858963012696,-0.01984300526914462,0.019728178147080493,-0.02634880694095221,79.26114177437373,5.937798245765464,4.383682278885388,176.12443618774415,192.22756290758417,160.02130946790413,0.1828607894326997
2024-10-22,188.69122314453125,190.13991727132608,187.37863339180672,188.97317906661604,1093500,MTB,177.06171875,168.8636279296875,147.28759635925292,0.002272404729733335,0.01914686908705271,-0.024136277364734345,79.2262588549589,6.016971725777154,4.710340168263741,177.06171875,193.81944486588182,160.3039926341182,0.18928683437827307
2024-10-23,188.4773101806641,189.721832849534,186.3868901151968,187.9717182102229,1120800,MTB,178.09185333251952,169.5399020385742,147.57610168457032,-0.001133666740308903,0.018767804724496455,-0.02524258161015997,80.71981474110027,5.993368469685464,4.966945828548086,178.09185333251952,195.00395394488584,161.1797527201532,0.1899255950892861
2024-10-24,189.1092987060547,190.5191079914429,187.5439203701169,189.1287485463437,1233900,MTB,179.0262191772461,170.2320962524414,147.87520233154297,0.003353127889955676,0.01864844184168137,-0.021974095324615882,76.93097372662507,5.956990433807931,5.164954749600055,179.0262191772461,196.21671429646034,161.83572405803187,0.19204444129152579
2024-10-25,187.23277282714844,190.95660820411192,186.48410984985065,190.47046611109133,1086500,MTB,179.85995178222657,170.85994201660156,148.16331016540528,-0.009922969900190148,0.018938886082141,-0.031679016938315964,74.33946813307567,5.710908820671392,5.274145563814322,179.85995178222657,196.93824802370375,162.7816555407494,0.1899066031348155
2024-10-28,191.7636260986328,192.2983854245728,187.6897525554008,188.5939846585139,1009100,MTB,180.78896942138672,171.54869354248046,148.48141288757324,0.024199039532823763,0.01929610691740338,-0.008246579188743509,78.457961099623,5.814463842626708,5.382209219576799,180.78896942138672,198.35257960857123,163.22535923420222,0.1942995774952052
2024-10-29,190.2954864501953,192.8525989344571,190.1496497379634,191.8025300987437,832900,MTB,181.90709686279297,172.18280853271483,148.80264122009277,-0.00765598606110196,0.017694560402038064,-0.01583942955452467,74.0075562787238,5.7122184452220495,5.448211064705849,181.90709686279297,198.86136380731782,164.95282991826812,0.186405777860475
2024-10-30,192.08448791503903,193.9707218698705,190.1010344297214,190.32465566930907,863300,MTB,183.09036712646486,172.8939907836914,149.14081817626953,0.009401176550301038,0.017686219398750355,-0.0065871622779216914,75.46858440575329,5.70972751345127,5.500514354454934,183.09036712646486,199.37096091420042,166.8097733387293,0.177842166611531
2024-10-31,189.2843017578125,192.40534091094284,188.75927475984165,191.47194144847325,1083200,MTB,184.17640914916993,173.53662841796876,149.46703056335448,-0.014577888030526842,0.01814197985977495,-0.021069023394322126,64.35701956613104,5.419331135408214,5.48427771064559,184.17640914916993,198.92136020777454,169.43145809056531,0.16011769505900444
2024-11-01,186.9216461181641,191.2580403790437,186.5716231964972,190.15935443461265,924900,MTB,184.83318634033202,174.09882873535156,149.77233676910402,-0.01248204746884607,0.017058722414032657,-0.03328808631303809,59.527167254381325,4.941579892064539,5.37573814692938,184.83318634033202,198.77792869674454,170.8884439839195,0.15089002827377726
2024-11-04,185.38543701171875,187.17443647925728,184.00479515073485,187.0772169553425,736700,MTB,185.45739212036133,174.55216796875,150.03913150787355,-0.008218465535415942,0.01715841417257704,-0.04123297485835035,56.58507243199956,4.388412466229084,5.1782730107893205,185.45739212036133,198.220894032874,172.69389020784865,0.13764349607837906
2024-11-05,187.7869873046875,189.14817937725948,185.6090651526914,186.4063453922556,1208600,MTB,186.21674575805665,175.0830563354492,150.30571544647216,0.01295436325355448,0.017230786541964506,-0.028812758539135605,55.35765469884631,4.096585446951224,4.961935498021701,186.21674575805665,197.47811975494812,174.95537176116517,0.12094910101718664
2024-11-06,210.5578765869141,210.83011499234595,200.06693596848115,200.80586666381328,3082100,MTB,188.03540420532227,176.0645394897461,150.68691150665282,0.12125914371947633,0.031333709884569835,0.0,67.95208614962797,5.637742506247832,5.097096899666927,188.03540420532227,202.42808087566118,173.64272753498335,0.1530847526418276
2024-11-07,202.3420867919922,206.9993220733011,200.89337784031216,205.57979529970743,1518000,MTB,189.44667587280273,176.8232485961914,151.02290851593017,-0.03901915201700179,0.033144079808430205,-0.03901915201700179,59.36170970574783,6.125563323979378,5.302790184529417,189.44667587280273,203.62652972622962,175.26682201937584,0.14969757361113534
2024-11-08,203.6060485839844,205.65756894724584,201.6420302427109,203.16852363816432,939900,MTB,190.62411193847657,177.61572540283203,151.36825626373292,0.006246657885324414,0.032570694004644685,-0.03301623342530296,64.67086469966671,6.538780992800014,5.549988346183537,190.62411193847657,205.41867044966992,175.82955342728323,0.1552223206261362
2024-11-11,208.6910858154297,210.81067314419147,207.09654027715348,207.11599011573293,1219100,MTB,192.03781204223634,178.46900146484376,151.74149181365968,0.02497488295072814,0.03280262396297199,-0.008865927039845643,67.560159150753,7.193655002586155,5.878721677464061,192.03781204223634,208.0768186270642,175.99880545740848,0.16704008876439685
2024-11-12,207.3201599121093,209.82865497802524,206.9798693369072,208.0396555752554,1063200,MTB,193.36740951538087,179.2839697265625,152.10200038909912,-0.00656916368978433,0.03293551872920499,-0.015376849003643596,66.21484104693276,7.51539234557157,6.206055811085563,193.36740951538087,209.8612533908515,176.87356563991025,0.17059590255470283
2024-11-13,206.0561981201172,210.59677871439385,205.93952875525548,208.1077185222592,708100,MTB,194.46511840820312,180.1195504760742,152.45159526824952,-0.00609666610583337,0.032954215858453234,-0.021379767595341895,64.42640769677203,7.580991404725182,6.481042929813487,194.46511840820312,211.28165994824184,177.6485768681644,0.17295175276358807
2024-11-14,207.35906982421875,208.02994834234195,205.6964571994838,206.56178960387507,919200,MTB,195.16516342163087,180.9842999267578,152.83436740875243,0.006322894996548811,0.031278780250424666,-0.015192054624349033,67.30192011085848,7.649926400061901,6.71481962386317,195.16516342163087,212.92679395629568,177.40353288696605,0.18201640316610143
2024-11-15,208.788330078125,210.1981393064828,206.6784749864937,207.8840979897798,848100,MTB,196.00084228515624,181.92216552734374,153.2544533920288,0.006892682606639111,0.031184108923563835,-0.008404086028378319,65.46001444945338,7.730771714098154,6.9180100419101676,196.00084228515624,214.69833192901655,177.30335264129593,0.19078989075626362
2024-11-18,208.8661193847656,209.69255213403312,207.78688322382024,208.53553144917768,745200,MTB,197.03097763061524,182.81744506835938,153.6665930557251,0.00037257497395315475,0.030672960009095473,-0.008034642206558208,67.30072842329236,7.712217512073977,7.07685153594293,197.03097763061524,216.19786532436666,177.86408993686382,0.19455709883026245
2024-11-19,207.7868804931641,208.7397149357487,205.35616978747203,205.84231192861043,558600,MTB,197.9857604980469,183.72283630371095,154.075751953125,-0.005167132394571672,0.03076078860483346,-0.013160258541105623,64.82467483075993,7.523699094496237,7.1662210476535915,197.9857604980469,217.30529660656603,178.66622438952774,0.19516086469975935
2024-11-20,207.6021423339844,208.79804783693163,205.54088958475063,208.79804783693163,651000,MTB,198.9420021057129,184.6490344238281,154.48734958648683,-0.0008890751848299461,0.030758162789094004,-0.014037633266640677,68.19235728171351,7.275522371792846,7.188081312481442,198.9420021057129,218.17293918943878,179.71106502198703,0.19333209558740672
2024-11-21,210.6162109375,212.8524676950715,207.07709683657023,207.7090905049494,751700,MTB,200.01734771728516,185.63959747314453,154.92254211425782,0.014518485067782416,0.03082281995399893,0.0,73.23165453504734,7.238608504749635,7.198186750935081,200.01734771728516,219.33826739860757,180.69642803596275,0.19319243957410728
2024-11-22,214.9915008544922,215.38042347816625,210.2273136925636,210.256481034854,951300,MTB,201.40528411865233,186.65544006347656,155.37416484832764,0.020773756671040644,0.030761474197464132,0.0,77.49685033679079,7.476222095119709,7.2537938197720075,201.40528411865233,220.84706095047693,181.96350728682773,0.193061238853803
2024-11-25,215.79849243164065,219.4445584723956,215.3318001324706,215.36096747392617,1482800,MTB,202.60702743530274,187.60575103759766,155.8217242050171,0.0037535975791649356,0.030511198661329564,0.0,76.80998138246451,7.641562873271965,7.331347630471999,202.60702743530274,222.50538439726282,182.70867047334266,0.19642316669705936
2024-11-26,214.6317443847656,215.44845957968425,213.0371988364521,214.16505210708075,778400,MTB,203.82384033203124,188.51833709716797,156.24734790802003,-0.005406655226030566,0.030460998485277495,-0.005406655226030609,56.64867853202866,7.5909461131189175,7.383267327001383,203.82384033203124,223.52766844128507,184.1200122227774,0.19334174135033552
2024-11-27,214.6803741455078,218.01530213815127,214.5345226005157,216.00268137301248,580800,MTB,204.9536346435547,189.42742309570312,156.692158203125,0.00022657301174899835,0.030483325398708863,-0.005181307216439576,77.45561816752029,7.468661896042647,7.400346240809636,204.9536346435547,224.4129970380486,185.4942722490608,0.18989038597277538
2024-11-29,213.8928375244141,216.5763369647433,212.8427686557944,216.10964463509512,542400,MTB,206.18406143188477,190.20777893066406,157.11678680419922,-0.0036684146104568605,0.030192060535608148,-0.008830714643802362,73.38641360568201,7.224918783020513,7.365260749251812,206.18406143188477,224.55319791122116,187.81492495254838,0.17818192494384288
2024-12-02,211.00686645507807,215.07654667784047,210.0677037392541,214.81240483159544,903200,MTB,207.38832244873046,190.93624908447265,157.5196449279785,-0.013492602663736308,0.030226394485728558,-0.02220416798361299,55.84969716031407,6.721396785429079,7.236487956487265,207.38832244873046,223.45386906824422,191.3227758292167,0.15493202731783898
2024-12-03,209.6763916015625,212.23950044070023,209.0992054767541,210.8796812186597,599100,MTB,208.60287017822264,191.67583435058594,157.91300918579103,-0.006305362834241324,0.03018039531797606,-0.028369525482285173,55.96406528808818,6.1441676333556074,7.018023891860934,208.60287017822264,220.89398175505772,196.31175860138757,0.11784220961422058
2024-12-04,207.2795867919922,209.93073789673707,205.5088885788817,208.5220013281344,1093000,MTB,209.5775001525879,192.4225146484375,158.29888839721679,-0.01143097127560666,0.030401261910416796,-0.03947620552700123,52.928670993533075,5.430705462353899,6.700560205959527,209.5775001525879,217.0754478072101,202.0795524979657,0.0715529830173864
2024-12-05,207.807861328125,210.38076263069027,207.4556771761673,208.61984187090195,881800,MTB,209.43999938964845,193.22117950439454,158.6885456085205,0.002548608593391899,0.013440553117875342,-0.03702820633024986,51.1157408531404,4.851978306048608,6.330843825977343,209.43999938964845,216.96306770012274,201.91693107917416,0.07183984274635281
2024-12-06,206.6730499267578,209.8231374509202,205.7730270523521,208.2089687497281,789700,MTB,209.65654754638672,193.94620086669923,159.06845596313477,-0.005460868487430992,0.010056798894858752,-0.0422868686525859,44.663064744512226,4.252740128138555,5.915223086409586,209.65654754638672,216.54164096121428,202.77145413155915,0.06567973664933342
2024-12-09,202.2414093017578,206.64370389212468,201.9968373800708,205.8904331211181,1192600,MTB,209.58831558227538,194.5798666381836,159.4256398010254,-0.021442760082025725,0.011157711061651745,-0.06282288155547412,36.29628460593978,3.381266062788626,5.408431681685395,209.58831558227538,216.7474695207646,202.42916164378616,0.06831634596231916
2024-12-10,202.4957733154297,206.0860873284961,201.8990172304113,205.0588822736304,948200,MTB,209.2785499572754,195.16611663818358,159.79555618286133,0.0012577246892715443,0.00946449068411356,-0.06164417075538617,38.668231781682124,2.6802454364650714,4.86279443264133,209.2785499572754,217.1060869631894,201.4510129513614,0.07480496216656701
2024-12-11,197.5847625732422,203.9240625166151,197.31084321891333,203.58167078744663,1967900,MTB,208.79178009033203,195.75915313720702,160.126473236084,-0.02425241110853993,0.010710544920505154,-0.08440156209232139,32.15809393254689,1.7087071037981616,4.231976966872697,208.79178009033203,218.18611844967563,199.39744173098842,0.0899876264791576
2024-12-12,195.608627319336,198.7880624205648,194.80643914839555,198.377183368012,1714800,MTB,208.26940155029297,196.30294403076172,160.45035110473634,-0.010001455720421104,0.010817543386319253,-0.09355887932674174,22.243833057240337,0.7704174826928067,3.539665070036719,208.26940155029297,219.32008944726647,197.21871365331947,0.10611916887181314
2024-12-13,194.96295166015625,196.6260527134301,192.9965987318845,196.1760337975768,1654800,MTB,207.64959564208985,196.85093383789064,160.76337593078614,-0.0033008547119226517,0.01061457269887742,-0.09655090977099648,7.029629003988234,-0.02499628993331271,2.826732798042713,207.64959564208985,220.2035533471145,195.0956379370652,0.12091482929408617
2024-12-16,195.3836212158203,196.04884968859383,193.6129228619832,195.53035840025984,1435700,MTB,206.9793601989746,197.2828842163086,161.08581794738768,0.002157689715312383,0.010433006328168026,-0.09460154696070104,5.462505734009952,-0.6143411752719317,2.1385180033797844,206.9793601989746,220.65824833714527,193.30047206080394,0.1321763496130319
2024-12-17,191.89111328125,194.73793387645927,190.36498696185504,193.90639834472967,1404100,MTB,206.13060989379883,197.66268005371094,161.37626525878906,-0.017875131563420577,0.01088660426481201,-0.11078566342609594,4.959248656934491,-1.3476822035767668,1.4412779619884744,206.13060989379883,221.3377391188704,190.92348066872728,0.14754848135273518
2024-12-18,182.1082458496093,193.43681898704023,181.7560616873452,193.1335521943238,1876700,MTB,204.8466781616211,197.8528466796875,161.59910705566406,-0.050981346996002874,0.015108281770183921,-0.15611900807279067,3.440112338033117,-2.6872786196892093,0.6155666456529376,204.8466781616211,223.4269780268491,186.2663782963931,0.18140689448298897
2024-12-19,181.39410400390625,187.3323175231976,180.84626527891103,186.29532001947305,1527900,MTB,203.5362762451172,197.9970346069336,161.82899055480956,-0.003921523939628746,0.01506454635117873,-0.15942830758483087,3.4473457929135662,-3.763164293854061,-0.26017954224846207,203.5362762451172,224.8011146201432,182.27143787009118,0.20895379209371928
2024-12-20,185.365951538086,186.18772456126808,180.22016354552773,180.67016753377223,3379100,MTB,202.27376327514648,198.22202056884765,162.07046333312988,0.02189623282405151,0.015686766332530987,-0.14102295410240132,14.378936720366823,-4.246367063833759,-1.0574170465655215,202.27376327514648,224.7334340911461,179.81409245914685,0.22207201223075543
2024-12-23,184.9942169189453,186.6083857129647,183.30176838723165,183.6148276280641,1047200,MTB,200.77389907836914,198.32075836181642,162.3130889892578,-0.0020054093864390055,0.01439549434373828,-0.14274555473298003,14.772447622685704,-4.606207128862337,-1.7671750630248848,200.77389907836914,223.66000096754414,177.88779718919415,0.22797885575994858
2024-12-24,186.76492309570312,186.8529654130392,184.5246357269081,185.2779214949188,293500,MTB,199.32222061157228,198.4477151489258,162.56413795471192,0.009571683949091359,0.014688244972038763,-0.1345401861189304,20.187710351476923,-4.694387802418419,-2.3526176109035917,199.32222061157228,221.8764382296194,176.76800299352516,0.22630911444639668
2024-12-26,186.88229370117188,187.16600548683,184.93549585048407,185.9822708298321,423700,MTB,197.93474807739258,198.57079681396485,162.81381378173828,0.0006284403062593036,0.014786406415078538,-0.1339962962884399,19.223017979037124,-4.7006150305242045,-2.8222170948277143,197.93474807739258,219.93072446271626,175.9387716920689,0.22225482487514758
2024-12-27,185.1213836669922,187.5181856290423,183.72243937300485,185.512707716961,506600,MTB,196.4567985534668,198.59118408203125,163.05492408752443,-0.009422562187701988,0.014702507743371259,-0.14215627004144238,18.875387842888472,-4.792397106205158,-3.216253097103203,196.4567985534668,217.6736675155266,175.239929591407,0.21599526326685525
2024-12-30,184.46592712402344,185.4735622651968,182.6071864569524,183.6148215981258,554400,MTB,194.98545303344727,198.41333923339843,163.30638114929198,-0.0035406851979230547,0.014704184500392304,-0.1451936246382377,21.18616818139556,-4.861979059454626,-3.545398289573488,194.98545303344727,215.16729557873484,174.8036104881597,0.20700869968823396
2024-12-31,183.9278564453125,186.36379807754344,183.2528505031741,184.9061440992629,817600,MTB,193.631502532959,198.25040130615236,163.55423957824706,-0.002916910928212668,0.014658671183907538,-0.14768701869603626,20.175954142907457,-4.904010683128973,-3.8171207682845854,193.631502532959,212.90039355399063,174.36261151192735,0.19902640602349073
2025-01-02,184.62245178222656,186.7551117550259,183.6441641042485,185.06267825181965,1292400,MTB,192.3788055419922,198.17758209228515,163.80365882873537,0.00377645534688531,0.01484654630108722,-0.1444682967805711,25.91784549964575,-4.825645966161261,-4.018825807859921,192.3788055419922,210.47776044516596,174.27985063881843,0.1881595516947229
2025-01-03,187.38121032714844,187.6453521729281,182.6267317405384,185.2681203433656,1007500,MTB,191.38388671875,198.1513818359375,164.07318183898926,0.014942703437694549,0.015516951036369757,-0.13168434025781747,35.14655324400563,-4.48918408499722,-4.11289746328738,191.38388671875,208.17431762487254,174.59345581262747,0.17546337044348015
2025-01-06,189.0541076660156,191.8520112277972,187.54755109928087,188.78996579384943,1034000,MTB,190.44619903564453,198.16291778564454,164.3339557647705,0.008927775287321804,0.015742414951674326,-0.12393221316917671,39.71392294778892,-4.040965056084474,-4.0985109818467995,190.44619903564453,205.3649895341525,175.52740853713655,0.15667196902906658
2025-01-07,187.870361328125,191.7150397102474,186.980130875547,190.73675202072323,920700,MTB,189.50606460571288,198.13813903808594,164.5760952758789,-0.006261415594216113,0.015745741362392953,-0.1294176376712296,37.25944682407969,-3.738175324704372,-4.026443850418314,189.50606460571288,202.3439703812583,176.66815883016747,0.13548807318917216
2025-01-08,186.98989868164065,188.1247159252359,185.4931197884873,187.3616527611768,1101000,MTB,188.74348907470704,198.13328155517578,164.83151969909667,-0.004686543637112517,0.015242270187703051,-0.13349765990198384,40.880974525121204,-3.5285829505539823,-3.926871670445448,188.74348907470704,200.1255416594987,177.36143648991538,0.12060869109277202
2025-01-10,183.6735076904297,186.3637987484786,181.6875849399597,186.28553394458265,1445500,MTB,187.80237579345703,197.9714791870117,165.0696450805664,-0.017735669223808093,0.015500050466445455,-0.14886565878761793,53.835093341628244,-3.58871603619599,-3.859240543595557,187.80237579345703,197.36362797076055,178.24112361615352,0.10182248373491158
2025-01-13,186.99969482421875,187.41058880965585,182.3626205077115,183.4974378644251,1374000,MTB,187.27312240600585,197.9055633544922,165.3295164489746,0.018109237285298452,0.015588894379321238,-0.1334522650409368,62.17593740346892,-3.329594938363158,-3.753311422549077,187.27312240600585,195.6533039497868,178.89294086222492,0.089496895615515
2025-01-14,190.78567504882807,191.64655809045044,187.8703668997973,188.80952967768684,1516800,MTB,187.03197479248047,197.87958709716796,165.59125183105468,0.020245916594506586,0.01628787375897766,-0.115908211873797,61.86804205557178,-2.7866202148687194,-3.5599731810130057,187.03197479248047,194.64463313355557,179.41931645140536,0.08140488651228386
2025-01-15,196.5086364746093,197.0075727322283,192.5759308494676,195.6379610587961,2139100,MTB,187.10925903320313,198.0240737915039,165.87854263305664,0.029996808850122125,0.017694242056130915,-0.08938827949941257,70.42686937733166,-1.8729237768564246,-3.22256330018169,187.10925903320313,195.08371771893823,179.13480034746803,0.08523852562870775
2025-01-16,191.8422241210937,194.2292335722467,188.9073610183385,191.460692514835,2392900,MTB,186.93218917846679,198.1224853515625,166.1531137084961,-0.023746601865605732,0.018499761386380556,-0.11101221348029428,58.16806357984199,-1.5079703020348347,-2.879644700552319,186.93218917846679,194.26446495277335,179.59991340416022,0.07844850912548122
2025-01-17,192.4878845214844,192.8596386282261,190.179124927876,191.87157341463208,2029600,MTB,186.9620277404785,198.2645343017578,166.44319847106934,0.003365580248815059,0.018069585738516268,-0.10802025374454571,58.86722336632409,-1.1533475727043196,-2.534385274982719,186.9620277404785,194.3835865047728,179.5404689761842,0.07939108121565894
2025-01-21,193.955322265625,195.3836289363806,192.2041937763461,192.86942227540607,1325900,MTB,187.55438156127929,198.38790100097657,166.74826904296876,0.0076235330228111575,0.013483714208918135,-0.10122021669328854,64.10495546131807,-0.7453051291355166,-2.176569245813279,187.55438156127929,195.2315122962317,179.87725082632687,0.0818656506027195
2025-01-22,191.3530731201172,193.4955105659816,190.1497685451632,193.4955105659816,1295000,MTB,188.05233001708984,198.00380493164062,167.04482192993163,-0.01341674523344083,0.01390966508772696,-0.11327891606688188,60.35293318885834,-0.6247070766462457,-1.8661968119798724,188.05233001708984,195.32852164978803,180.77613838439166,0.0773847538292872
2025-01-23,192.7031097412109,193.9455393177978,191.9009215779521,192.2335358181451,1539300,MTB,188.4191879272461,197.811025390625,167.34525665283203,0.007055212644775599,0.013213953644229958,-0.10702291026312781,62.87684293160191,-0.4154070249888093,-1.57603885458166,188.4191879272461,195.86301985491056,180.97535599958164,0.07901352308703011
2025-01-24,194.6303253173828,195.98036705350432,191.22588846921207,191.22588846921207,971600,MTB,188.90099334716797,197.63151092529296,167.64643623352052,0.010000957321135262,0.013293674651926888,-0.09809228449991775,64.17289008747369,-0.09295352516380717,-1.2794217886980894,188.90099334716797,196.65246970790943,181.1495169864265,0.08206919639110172
2025-01-27,196.67495727539065,197.809774616734,194.75752169759005,195.42275018407588,1239700,MTB,189.39649505615233,197.3911883544922,167.95693069458008,0.010505207524437177,0.013320956986724105,-0.08861755678069827,63.43327132881268,0.32384482633688094,-0.9587684656910953,189.39649505615233,197.81160505735812,180.98138505494654,0.08886236251321203
2025-01-28,195.4814453125,197.75106489732903,194.02379134066985,196.46951046472284,1353500,MTB,189.82645263671876,197.1544140625,168.28966148376466,-0.006068449076714222,0.013458501646730996,-0.09414823472678599,59.42068918627572,0.5514967704861817,-0.65671541845564,189.82645263671876,198.57288051901483,181.08002475442268,0.0921518340653459
2025-01-29,196.0097198486328,198.3673967362612,194.73794288116832,195.57927088172312,1082600,MTB,190.3708694458008,196.95348449707032,168.62350402832033,0.0027024280247585075,0.013170886539020515,-0.09170023553003462,62.16375962584344,0.7657132507449376,-0.3722296846155244,190.3708694458008,199.23881680800963,181.50292208359195,0.09316496150934028
2025-01-30,197.59454345703125,198.90546030659007,195.75537275042345,198.00542249555488,867900,MTB,191.02730026245118,196.75819396972656,168.96823448181152,0.008085433771459538,0.013126107091935279,-0.08435623793978052,65.52121513686185,1.0512452738313414,-0.08753469292615126,191.02730026245118,199.9978652689582,182.05673525594415,0.09391919368783863
2025-01-31,196.87062072753903,198.4750119470764,195.9216804710612,197.242359900216,1691500,MTB,191.6744384765625,196.51983978271485,169.2788466644287,-0.00366367773536036,0.013146443216160842,-0.08771086160436212,70.90181089125463,1.2052238744799695,0.1710170205550729,191.6744384765625,200.35113391504163,182.99774303808337,0.09053575956650156
2025-02-03,191.61721801757807,193.2900966486649,189.56282268618423,192.28246145404364,1263500,MTB,192.02417678833007,196.1748617553711,169.5801621246338,-0.026684543841772435,0.014774890404535914,-0.11205488111425331,56.89254145810812,0.8930527741994752,0.3154241712839534,192.02417678833007,200.0429754624598,184.00537811420034,0.08351863612433469
2025-02-04,193.6129150390625,195.18795877417872,191.0987085790229,191.26501569049665,835500,MTB,192.33576202392578,195.89138244628907,169.8835684967041,0.01041501928757449,0.014599217885912515,-0.10280691557475068,54.45849174647487,0.7974979392354555,0.41183892487425383,192.33576202392578,200.07432740608022,184.59719664177135,0.08046933446720936
2025-02-05,194.4346923828125,195.3151453961929,192.60529904762905,194.80644650856647,794600,MTB,192.60479125976562,195.62803344726564,170.189840927124,0.004244434538802411,0.01451515213449923,-0.09899883825924155,46.13143082240771,0.779099632263808,0.4852910663521647,192.60479125976562,200.23636474803902,184.97321777149222,0.07924593607830574
2025-02-06,197.5652008056641,197.9271774104408,194.48360047835607,195.9803794861897,966600,MTB,193.08953323364258,195.3670132446289,170.49226203918457,0.01610056510228164,0.014744927085958818,-0.08449221039740301,61.32403886623448,1.005533543641576,0.589339561810047,193.08953323364258,200.6864256941511,185.49264077313407,0.07868777072774946
2025-02-07,196.029296875,197.69238300302183,194.2683760046003,197.69238300302183,906300,MTB,193.54150314331054,194.98776916503905,170.7760089111328,-0.007774162273521457,0.01484132891127052,-0.09160951651644657,56.7689114794718,1.048957707162117,0.681263190880461,193.54150314331054,200.67167349829452,186.41133278832655,0.07368104762216664
2025-02-10,193.2411651611328,196.0390685364241,192.97702330657265,195.88253892427844,608100,MTB,194.0198860168457,194.5366226196289,171.04017433166504,-0.014223035833491049,0.014608615266828162,-0.10452958691383545,48.70059163712184,0.848610488219748,0.7147326503483185,194.0198860168457,199.44153228662324,188.59823974706816,0.05588753174823335
2025-02-11,194.8847045898437,195.1488315282436,192.0280912918996,192.6248474022426,637400,MTB,194.41413650512695,194.14168182373047,171.3072989654541,0.008505120673125921,0.014226331719217254,-0.09691350299132374,56.658084523086785,0.8130810775128339,0.7344023357812216,194.41413650512695,198.7178396140732,190.1104333961807,0.04427356144271698
2025-02-12,193.29986572265625,193.76945457291345,192.24331320080643,192.8694167403301,700700,MTB,194.53984603881835,193.71407165527344,171.571566696167,-0.008132187030905791,0.013734590369865496,-0.10425757129008388,51.11517411247155,0.6495528708584004,0.7174324427966574,194.53984603881835,198.532962385124,190.5467296925127,0.041051912270032916
2025-02-13,192.8596343994141,193.8085746518792,192.0280838928257,193.00637158176,803700,MTB,194.3573959350586,193.29340759277343,171.8361190032959,-0.0022774528145498296,0.011888731077426953,-0.10629758240546094,46.49634489946518,0.47891200087497054,0.66972835441232,194.3573959350586,198.30494309627875,190.40984877383846,0.04062152759588478
2025-02-14,194.503158569336,195.4716537933841,193.30964643703703,193.70095552771525,1197300,MTB,194.4904426574707,192.9633334350586,172.11300003051758,0.008521867082450951,0.010756267383957721,-0.09868156919145515,45.633362069759016,0.4708686661424224,0.6299564167583405,194.4904426574707,198.2562441640397,190.7246411509017,0.03872479752849546
2025-02-18,196.2543029785156,196.95867134142307,193.70097139484773,195.07056825189764,1036100,MTB,194.67876358032225,192.69489166259766,172.40403846740722,0.009003166951427,0.010901466900310477,-0.09056684888248766,51.51983436355994,0.5988933149772322,0.6237437964021189,194.67876358032225,198.39933677985528,190.95819038078923,0.03822269189621142
2025-02-19,194.90426635742188,195.5010224884652,193.6520592180992,194.61077704375543,717400,MTB,194.7262107849121,192.44738525390625,172.6800089263916,-0.006879016666663906,0.010921844803613497,-0.09682285468624173,47.89417232749374,0.584677302951718,0.6159304977120388,194.7262107849121,198.43211270239019,191.020308867434,0.038062692254321115
2025-02-20,193.16290283203125,195.5499272016636,191.1867575039361,195.5499272016636,1240100,MTB,194.81670227050782,192.15448608398438,172.94660339355468,-0.008934455658334617,0.010668595530984227,-0.10489225084266875,41.60801981491133,0.42796422252499156,0.5783372426746294,194.81670227050782,198.25448667711328,191.37891786390236,0.035292501787983356
2025-02-21,189.32801818847656,194.082497027708,188.20299329970712,194.06292709392912,1753100,MTB,194.6479476928711,191.80758544921875,173.19254158020019,-0.019853111479119723,0.011468462661308207,-0.12266292477251317,37.22241810190179,-0.005610489802592156,0.4615476961791851,194.6479476928711,198.78318866842181,190.51270671732038,0.04248943823518327
2025-02-24,188.71170043945312,191.0498075578589,187.65516280880192,190.76611067930168,1136000,MTB,194.3520164489746,191.53699127197265,173.4226823425293,-0.003255290764253904,0.011189822414753076,-0.12551891205063873,44.16044425962259,-0.3944067886730238,0.29035679920874335,194.3520164489746,199.2662974646785,189.43773543327072,0.05057092903375245
2025-02-25,186.471420288086,189.7780375120538,186.0605412427533,189.7780375120538,1780100,MTB,193.8418395996094,191.2165042114258,173.64606758117677,-0.01187144276772556,0.011045819638604763,-0.13590026423768792,35.786645870117525,-0.8732364162313218,0.05763815612073034,193.8418395996094,199.75730342796243,187.92637577125635,0.0610339216814259
2025-02-26,185.58116149902344,189.51388197406848,184.6028738633644,186.82359097600613,1378800,MTB,193.34682540893556,190.97643218994142,173.85089950561525,-0.004774237187056163,0.011028219634250727,-0.14002568132948973,32.42716917588113,-1.3094542168220755,-0.21578031846783083,193.34682540893556,200.25776408011802,186.4358867377531,0.07148748014419763
2025-02-27,185.3268280029297,188.3497334741174,184.17244073142484,186.24642084781848,1622200,MTB,192.81268081665038,190.7707962036133,174.04776725769042,-0.0013704704402073276,0.010963789282020363,-0.1412042507125651,22.57788791470557,-1.6565864566676396,-0.5039415461077926,192.81268081665038,200.4682703252662,185.15709130803458,0.07940960600921954
2025-02-28,187.5573272705078,187.69428695741985,184.0354854249321,186.5888170311029,1590800,MTB,192.31082000732422,190.6226837158203,174.25100708007812,0.012035490444712416,0.011202069100919513,-0.1308682226780565,31.59018610119861,-1.7317461166068995,-0.749502460207614,192.31082000732422,199.96249317950335,184.6591468351451,0.07957610676183184
2025-03-03,186.0203552246093,190.2075620458967,183.76419628145703,188.5819465874398,1216500,MTB,191.76830673217773,190.4354183959961,174.4459407043457,-0.008194678759107066,0.011271520665632397,-0.1379904783925416,33.406711469640584,-1.893504348236604,-0.9783028378134121,191.76830673217773,199.59532118733736,183.9412922770181,0.08162990630240878
2025-03-04,178.64102172851562,184.28635732260307,176.8281961254622,184.28635732260307,1660000,MTB,191.1194969177246,190.1704165649414,174.59790664672852,-0.039669494702252006,0.012967845433662698,-0.17218596054323942,20.459605915704245,-2.5873243886805994,-1.3001071479868496,191.1194969177246,200.90540448499647,181.33358935045274,0.10240616708492715
2025-03-05,175.56712341308594,179.31098208976056,173.99077215098404,178.64103618586947,2503800,MTB,190.2172073364258,190.03959411621094,174.73674980163574,-0.017207124576913535,0.012887589137463282,-0.18643025984668993,19.408455672344544,-3.346641671869776,-1.7094140527634347,190.2172073364258,202.13142348686165,178.30299118598992,0.12526959382138234
2025-03-06,174.41441345214844,175.3405275322025,170.8084856638567,173.5671191909653,1727800,MTB,189.21619338989257,189.90000030517578,174.8751833343506,-0.006565636769165106,0.012713805082261952,-0.19177186324692058,18.942793074247803,-3.9953640795501144,-2.166604058120771,189.21619338989257,202.8748604419579,175.55752633782723,0.14437101610981834
2025-03-07,176.09915161132812,176.5030825041128,171.72474946824568,174.4735210671594,1615500,MTB,188.14289093017578,189.71466430664063,175.02051094055176,0.0096593975568533,0.012213830764150932,-0.18396486635738776,19.055135160652668,-4.323696094754837,-2.5980224654475843,188.14289093017578,202.3996893349066,173.88609252544495,0.15155287913612278
2025-03-10,171.18287658691406,175.02524881063553,169.59666343130735,172.7592429026345,2021200,MTB,186.90056991577148,189.4384375,175.1485710144043,-0.027917653091622308,0.013188724610679678,-0.20674665212899787,11.89973004170649,-4.923844871067871,-3.0631869465716415,186.90056991577148,202.528122415109,171.27301741643396,0.16722851627879176
2025-03-11,168.6409912109375,172.82819819997465,167.2912375333765,170.95627638291882,1673700,MTB,185.67056121826172,189.07595886230467,175.2585676574707,-0.014848946498956517,0.013208318535573685,-0.21852562865165254,11.483739473533461,-5.540706194512779,-3.558690796159869,185.67056121826172,202.97889523040982,168.36222720611363,0.18644133888087505
2025-03-12,169.5277099609375,171.13361683871264,166.37497724626468,170.67055978499548,1179300,MTB,184.4027114868164,188.7288671875,175.3746710205078,0.005258026198926347,0.013030322760691247,-0.2144166159333135,14.44670710691264,-5.890124753399618,-4.024977587607819,184.4027114868164,202.56304926842398,166.24237370520882,0.19696389098818567
2025-03-13,167.9513397216797,171.5868230863339,167.53754694494538,170.74937565960323,1289500,MTB,183.1352851867676,188.38546630859375,175.49971939086913,-0.009298599265105567,0.013038906658806089,-0.2217214410110752,15.49988573364908,-6.222512136247218,-4.4644844973356985,183.1352851867676,202.19696217469397,164.0736081988412,0.20817044589180758
2025-03-14,172.9956817626953,173.35036342065783,168.6212796589386,169.16315650212337,1244300,MTB,182.14208755493163,188.1560614013672,175.64449211120606,0.03003454482336876,0.015427689886069166,-0.19834619874605544,27.80763434702024,-6.009620126531161,-4.773511623174791,182.14208755493163,201.14026212005325,163.14391298981002,0.20860828839893492
2025-03-17,172.8282012939453,173.49816224152332,170.04001219791817,172.21736648586747,1437900,MTB,181.0583396911621,187.93406829833984,175.79722328186034,-0.0009681193602262272,0.015122927387945262,-0.19912229531124834,29.53669526561127,-5.787698958288871,-4.976349090197607,181.0583396911621,199.5537601021287,162.5629192801955,0.2043034354839984
2025-03-18,172.24691772460938,173.72475547488628,170.55232923495774,172.78879457304618,1288800,MTB,179.85797042846679,187.6865576171875,175.96215377807619,-0.003363360637812174,0.014734466332367847,-0.20181593585889987,29.813019214607706,-5.594242613108321,-5.09992779477975,179.85797042846679,197.28625274472972,162.42968811220385,0.19380050019183914
2025-03-19,174.4439697265625,176.04989159684487,171.63608695522146,172.02032417796678,880300,MTB,178.83495559692383,187.4278128051758,176.1275528717041,0.012755247124165203,0.01534236175704219,-0.1916349008702097,34.43952586761732,-5.2036587913653705,-5.120673994096874,178.83495559692383,194.8926021562187,162.77730903762898,0.1795806251154521
2025-03-20,174.2961883544922,176.02033240121852,172.08927856267897,172.9070172574132,1058200,MTB,177.89161987304686,187.13265441894532,176.27433456420897,-0.0008471566675647413,0.0153513620073497,-0.1923197127537641,29.838229235103512,-4.850133698126626,-5.066565934902825,177.89161987304686,192.5619677124308,163.22127203366293,0.1649357946130739
2025-03-21,175.6163787841797,175.7346009886804,172.08927102759873,173.18287151925747,8883500,MTB,177.20603790283204,186.8875747680664,176.43712265014648,0.007574407921086879,0.015180024373906578,-0.18620201278834056,34.077199898181604,-4.412568833555667,-4.935766514633395,177.20603790283204,190.87333128625838,163.5387445194057,0.15425313431950408
2025-03-24,179.6656494140625,180.14841512392823,176.670571731789,177.37007313246957,924200,MTB,176.7537353515625,186.74108978271485,176.6287907409668,0.02305747708679884,0.016313235189940455,-0.16743788434492468,51.74612783475989,-3.6964429340458196,-4.68790179851588,176.7537353515625,189.376635856163,164.13083484696202,0.14283036768070098
2025-03-25,180.28634643554688,181.08437636109943,178.9168841480739,179.68535852329805,708900,MTB,176.44448165893556,186.67334655761718,176.82582931518556,0.0034547339656112452,0.016200831034738666,-0.1645616037254899,58.77609810828618,-3.043736635746768,-4.359068765962058,176.44448165893556,188.34748318287714,164.54148013499398,0.13492064372916915
2025-03-26,179.5080108642578,182.91689633728947,178.75924519754577,181.5080166218428,787400,MTB,176.14082412719728,186.52351287841796,177.02249717712402,-0.004317218617369445,0.016196380220665507,-0.1681683739235515,59.6060587573769,-2.5597600472022464,-3.9992070222100957,176.14082412719728,187.35218114947847,164.92946710491609,0.12729992695146117
2025-03-27,177.01541137695312,180.03019810911312,176.72970268120815,179.7838918070302,709300,MTB,175.72525329589843,186.24810760498048,177.1994187927246,-0.013885728415706011,0.016429698356403597,-0.17971896197084417,51.676885630636114,-2.350244900780581,-3.669414597924193,175.72525329589843,186.0868956486586,165.36361094313824,0.11793003177878515
2025-03-28,172.6902618408203,177.37992810891168,171.74445412233024,175.8331324519329,1084900,MTB,174.98190002441407,185.77174011230468,177.3690399169922,-0.024433745641064153,0.016790777459357226,-0.19976150020823666,52.819739661886985,-2.504337613437656,-3.4363992010268856,174.98190002441407,183.78547549468,166.17832455414813,0.10062269833665809
2025-03-31,176.10899353027344,176.8085099933721,170.5720330618374,171.40946540966812,1286900,MTB,174.48633193969727,185.4570755004883,177.57032104492188,0.019796899101377274,0.017570041778061336,-0.18391925937082168,63.52604788780817,-2.323806725181953,-3.2138807058578993,174.48633193969727,181.6336547667292,167.33900911266534,0.08192415701078584
2025-04-01,173.76414489746094,175.70503953396067,171.64591696016845,175.2124269873027,1039700,MTB,174.24248809814452,185.08260070800782,177.74632461547853,-0.01331475801324944,0.015510004944408387,-0.19478517695157255,57.2880807792321,-2.34293647033212,-3.0396918587527435,174.24248809814452,181.12069123822488,167.36428495806416,0.07894978102248075
2025-04-02,177.0548095703125,177.3503650740306,172.0104468289549,172.2764618156432,822200,MTB,174.31687240600587,184.74459045410157,177.94186836242676,0.01893753555886568,0.015660196856863307,-0.17953639260756718,64.7887184292262,-2.06872086689944,-2.845497660382083,174.31687240600587,181.28695592754895,167.3467888844628,0.07997026822864141
2025-04-03,160.94638061523438,168.84789050350938,160.81829653545472,168.36512476947607,2143500,MTB,173.64347076416016,184.1364566040039,178.06082504272462,-0.09097990048488969,0.025780890125857756,-0.25418208995960434,35.60160470222533,-3.115307295191741,-2.8994595873440145,173.64347076416016,182.8253286940095,164.4616128343108,0.10575529145371666
2025-04-04,154.70005798339844,156.4833131078754,150.0103766262003,155.9808536910368,2483300,MTB,172.57351608276366,183.37639556884767,178.13596130371093,-0.03880996023618999,0.02672167940998322,-0.28312725339171035,31.08552767742458,-4.3980624869040525,-3.1991801672560225,172.57351608276366,184.97370628005737,160.17332588546995,0.14370907516709303
2025-04-07,155.32073974609375,163.05476322984973,148.52269218670602,150.77885117805545,2079200,MTB,171.78040924072266,182.59020385742187,178.20440956115723,0.00401216244380409,0.02630044657472904,-0.2802510434807819,32.354137052058505,-5.3034366704305285,-3.6200314678909242,171.78040924072266,186.38773580379348,157.17308267765185,0.17006976089573742
2025-04-08,154.26657104492188,162.75920786700647,151.43897939549854,160.4143820008225,1233000,MTB,171.0616882324219,181.7420361328125,178.262763671875,-0.006787044041221768,0.026195205262094314,-0.2851360113473012,28.451178780388602,-6.036430623196566,-4.103311298952053,171.0616882324219,187.60556185951236,154.5178146053314,0.19342581963311714
2025-04-09,165.57693481445312,167.42916289046372,150.40447365425254,151.9906867328197,1751800,MTB,170.86414947509766,181.14394592285157,178.3791648864746,0.07331701024350701,0.03138274255428178,-0.23272432096853693,42.48086810724861,-5.639671161575507,-4.410583271476744,170.86414947509766,187.57861112270308,154.14968782749224,0.19564621014944322
2025-04-10,155.51779174804688,162.1680613312543,151.23205644775405,162.1680613312543,1695900,MTB,170.24247207641602,180.33410736083985,178.43523803710937,-0.0607520792535422,0.034114559294317365,-0.2793379138303718,34.937975169027126,-6.066988737835516,-4.741864364748499,170.24247207641602,188.28522488815042,152.19971926468162,0.21196535261348445
2025-04-11,155.61631774902344,156.67051593184436,151.4389725112045,153.094143635621,1548700,MTB,169.3735038757324,179.49454284667968,178.50169151306153,0.0006335352365096636,0.03322549262724949,-0.27888134900516676,30.842883143674143,-6.324782613883457,-5.05844801457549,169.3735038757324,188.49946597758156,150.24754177388326,0.22584361383799056
2025-04-14,156.15818786621094,159.59662908675114,151.7246746460346,154.68035012615215,1841600,MTB,168.5400032043457,178.68029418945312,178.57191535949707,0.0034820905996595375,0.033267000203612035,-0.27637034852929854,30.75592420579973,-6.411454471935855,-5.329049306047564,168.5400032043457,188.4681726379182,148.61183377077322,0.2364799935290218
2025-04-15,157.23207092285156,162.56214234971398,156.17788787767915,156.30595691867603,1400700,MTB,167.7892608642578,177.9925912475586,178.64591705322266,0.006876892408361535,0.0333644567278814,-0.2713940252726344,32.31657949372669,-6.320628880741367,-5.527365220986325,167.7892608642578,188.25351743964654,147.32500428886908,0.24392808538496868
2025-04-16,156.55227661132812,159.67545369164694,155.21236975216215,156.25672108112803,1547400,MTB,166.8946762084961,177.2513784790039,178.6986254119873,-0.00432350924040803,0.03313047770841994,-0.27454415993698467,33.274258008094776,-6.231667876813162,-5.668225752151693,166.8946762084961,187.6955444472218,146.09380796977038,0.24926940404905262
2025-04-17,157.8626251220703,160.0399793671626,157.04488642519598,157.66558309431167,1105100,MTB,166.072998046875,176.51993713378906,178.7653133392334,0.008370038041640049,0.033253195766887816,-0.26847206695812725,37.25223197184887,-5.986423700493276,-5.73186534182001,166.072998046875,186.94102462145585,145.20497147229415,0.25131149337944436
2025-04-21,154.45375061035156,157.18281344540466,152.69018917734132,156.3453810898865,1816900,MTB,165.0148666381836,175.65770812988282,178.80574432373047,-0.021593930223083313,0.03333969093168931,-0.2842686301004698,31.379176242566487,-5.997992484077827,-5.785090770271573,165.0148666381836,185.9912542948875,144.0384789814797,0.25423633741676555
2025-04-22,159.60647583007812,160.01042175345285,156.1877433241368,156.45375832652294,1412300,MTB,164.01190795898438,174.92925170898437,178.88447959899904,0.0333609588589765,0.033885240684041217,-0.26039114531517266,38.38693761563473,-5.527659547887225,-5.733604525794704,164.01190795898438,183.93031372262607,144.0935021953427,0.2428897512566322
2025-04-23,162.89712524414062,168.44394773617947,162.0005667355973,163.6459059912067,1217300,MTB,163.14244689941407,174.32237091064454,178.9924015045166,0.020617267544744466,0.03433423465605922,-0.2451424316796736,38.3869221923111,-4.833669863449302,-5.553617593325624,163.14244689941407,181.52891137668254,144.7559824221456,0.22540380908476507
2025-04-24,166.6606903076172,167.32078935540574,161.7050089961024,163.4389998514868,1022000,MTB,162.50008087158204,173.757890625,179.11089347839356,0.02310393788617171,0.03488457313628722,-0.22770224930829414,55.87759925794903,-3.9346337823906765,-5.229820831138635,162.50008087158204,179.30915443253673,145.69100731062736,0.20688080240696363
2025-04-25,164.91683959960938,166.21734403208598,163.79368351399,165.15329905097138,829200,MTB,161.89515228271483,173.19023010253906,179.21294883728027,-0.010463479449107416,0.034837340929436696,-0.2357831709512487,61.58143502712673,-3.324532250776855,-4.848763115066279,161.89515228271483,177.3184133380531,146.47189122737657,0.19053394543160715
2025-04-28,166.22720336914062,166.78877393749926,164.84789404918607,165.71488203601004,884400,MTB,161.57199935913087,172.6575814819336,179.3091120147705,0.007945603206516605,0.0345373529495435,-0.22971100726388496,62.17290157328783,-2.704115624726171,-4.4198336169982575,161.57199935913087,176.29798342964398,146.84601528861776,0.18228386266089616
2025-04-29,167.3996124267578,168.00060038245232,164.66068765381382,165.2321200570433,722600,MTB,161.13653030395508,172.11551055908203,179.39878967285156,0.00705305168982262,0.034243395779408485,-0.22427811918201582,64.61943872872999,-2.0936925812044365,-3.9546054098394934,161.13653030395508,174.50502107487335,147.7680395330368,0.16592749944039403
2025-04-30,167.2518310546875,167.64593017004432,162.89713730506736,164.08926645817357,1067600,MTB,160.8109146118164,171.53546112060548,179.48642608642578,-0.0008828059392012033,0.03413921770396857,-0.22496293106557022,52.48104957849778,-1.6033699918160664,-3.484358326234808,160.8109146118164,173.16297246259833,148.45885676103447,0.1536221329329384
2025-05-01,168.3355712890625,169.80356218815896,164.87743639254478,166.7000939169163,844600,MTB,160.3749526977539,171.00408721923827,179.5642877960205,0.006479691298689749,0.033862216033820565,-0.21994093011383373,75.86484436003734,-1.1144898818115507,-3.010384637350157,160.3749526977539,170.77412686876696,149.97577852674087,0.12968576446736732
2025-05-02,172.71981811523438,173.37007032025662,170.3257282240289,170.9956741079844,854200,MTB,160.9636245727539,170.59522552490233,179.64111198425292,0.026044684392007245,0.027108912546292097,-0.19962453783152578,79.42375488582462,-0.3690229276483308,-2.4821122954097916,160.9636245727539,172.74064852099687,149.18660062451093,0.14633149544815172
2025-05-05,172.83804321289062,174.69027133089847,169.97104941251112,170.69025957251384,1004400,MTB,161.87052383422852,170.26542602539064,179.71114761352538,0.000684490633132695,0.02520695959938974,-0.19907668832468225,79.11939438918135,0.22866882973019642,-1.9399560703817942,161.87052383422852,174.3869309051242,149.35411676333285,0.15464714358636053
2025-05-06,170.0006103515625,172.56218683776754,169.78385960606178,170.99568238620242,1101000,MTB,162.60451736450196,169.89120422363283,179.7538284301758,-0.016416714796019583,0.02569492291986485,-0.2122252179059394,70.99811950172567,0.46799201446802385,-1.4583664534118306,162.60451736450196,175.22497547162007,149.98405925738385,0.15522887447004313
2025-05-07,171.21243286132812,172.86761900314312,170.39469414702012,171.21243286132812,1420500,MTB,163.45181045532226,169.58602447509764,179.81284202575682,0.0071283421115933,0.0255515873240127,-0.206609689752287,73.69430370756191,0.7468322937229175,-1.017326703984881,163.45181045532226,175.99040411604585,150.91321679459867,0.1534225118191747
2025-05-08,174.9365692138672,176.60160206545365,172.5030619743704,172.5030619743704,1261900,MTB,163.91979217529297,169.37313262939452,179.86336936950684,0.02175155326222944,0.020442775662628025,-0.18935221816119713,75.5982529394486,1.253868092843419,-0.5630877446192211,163.91979217529297,177.45167238535265,150.3879119652333,0.16510367699330566
2025-05-09,174.53262329101562,175.63608564363963,174.18780352041117,175.08436198399875,872900,MTB,164.87053375244142,169.15724853515624,179.90560676574708,-0.0023090993762300283,0.01402737247104732,-0.19122408444858335,83.08443326563358,1.6046056613531618,-0.12954906342474448,164.87053375244142,178.5875331694016,151.15353433548123,0.16639722216896224
2025-05-12,181.97108459472656,185.0942465573547,181.69522275176115,181.69522275176115,1452200,MTB,166.18827209472656,169.04552368164062,179.9873998260498,0.0426193176006302,0.016178167819256337,-0.15675460683595707,84.26934819621965,2.454495476733996,0.38725984460700363,166.18827209472656,181.16756295890798,151.20898123054513,0.18026892843128298
2025-05-13,183.74449157714844,184.69031434149247,181.70506828841093,182.5917799487353,1030800,MTB,167.56758728027344,169.0000064086914,180.0692333984375,0.009745542740328794,0.016147182310587184,-0.14853672281629163,83.50224394042904,3.2338604705533953,0.956579969796282,167.56758728027344,183.69451168136226,151.44066287918463,0.1924826234337901
2025-05-14,182.6706085205078,183.5179027965341,182.03020311846657,183.340554442632,1125800,MTB,168.83951416015626,169.08059814453125,180.1389931488037,-0.00584443673616053,0.01645341408008576,-0.15351304607295574,78.16296752803343,3.7219550740638567,1.5096549906497971,168.83951416015626,185.53676526064476,152.14226305966775,0.19778842865716817
2025-05-15,184.21739196777344,184.62133788207908,181.93167746651656,182.64104076805828,762700,MTB,170.2227699279785,169.253603515625,180.2296061706543,0.008467609867801817,0.01621015699624234,-0.14634532478891754,84.1885417336762,4.185340066065464,2.0447920057329307,170.2227699279785,187.21519184194722,153.2303480140098,0.19964922344006306
2025-05-16,184.9563140869141,185.6164131365777,183.1632121226555,183.7346445163963,1114800,MTB,171.57745437622071,169.46444152832032,180.3170164489746,0.004011142005907464,0.016238345923969832,-0.14292119466263908,83.86182824977338,4.5596401568692215,2.547761635960189,171.57745437622071,188.74000330150164,154.41490545093978,0.20005599206115188
2025-05-19,184.57208251953125,185.37011251391505,182.27650603485773,183.3799684645496,957000,MTB,173.0833709716797,169.63390014648436,180.4094511413574,-0.0020774179528809666,0.014892191214828038,-0.14470170555988068,81.95827135714916,4.7702825513331675,2.9922658190347846,173.0833709716797,189.17135662120776,156.99538532215163,0.18589868638692528
2025-05-20,182.9957275390625,184.74942712990293,182.3750308745107,183.92182656605297,710600,MTB,174.2528335571289,169.87015716552733,180.5196639251709,-0.008540592699342486,0.014224644418615161,-0.15200645992913606,77.82040358502567,4.7552044568007545,3.3448535465879785,174.2528335571289,189.59926016686552,158.90640694739227,0.17613976537954304
2025-05-21,177.291259765625,182.04005212507167,177.23214866295015,181.6952173150117,1280000,MTB,174.97254028320313,170.04316253662108,180.62334861755372,-0.031172682827908194,0.01618562384479131,-0.17844069359388015,63.60372037136959,4.234143512413681,3.5227115397531192,174.97254028320313,189.399169266272,160.54591130013426,0.16490163496190358
2025-05-22,177.9415283203125,179.27158838614227,176.35531510822875,177.0843871860431,976900,MTB,175.53658218383788,170.21143890380858,180.74147468566895,0.003667798150609025,0.015573286839030701,-0.17542737988922816,58.94669473472857,3.8295258080694055,3.5840743934163766,175.53658218383788,189.4685324969718,161.60463187070397,0.15873557682173742
2025-05-23,176.78880310058594,177.606541778066,174.4932266999512,175.75431368770913,1262200,MTB,176.13018035888672,170.38818817138673,180.85219718933106,-0.00647811239235585,0.015411287871688408,-0.1807690539979651,56.537347288858044,3.3769210272166674,3.542643720176435,176.13018035888672,189.13797831611944,163.122382401654,0.14770663302254902
2025-05-27,181.4095153808593,181.50802887786327,177.36023933042188,179.02527227322278,1114000,MTB,176.88929595947266,170.55646484375,180.988676071167,0.026136905727249804,0.016198365056634544,-0.1593568919934642,67.8263461061625,3.3524365400494105,3.50460228415103,176.88929595947266,189.21804397864034,164.56054794030499,0.1393950713896485
2025-05-28,178.75926208496094,182.32577248615303,178.66073355195886,181.40952026927624,1009700,MTB,177.4572784423828,170.6750860595703,181.10027946472167,-0.014609229787832745,0.01673427514704204,-0.1716380403278896,61.28462295607117,3.0836329149315986,3.420408410307144,177.4572784423828,188.96454140665352,165.95001547811208,0.12969051554576755
2025-05-29,180.25680541992188,180.4538474491138,178.7789676509676,179.92181743361806,1189200,MTB,178.10752716064454,170.83528381347656,181.21908126831056,0.008377430727193325,0.016737056535592654,-0.16469849539369447,58.52275254985687,2.957352814680263,3.327797291181768,178.10752716064454,188.61277353331695,167.60228078797212,0.11796521506019432
2025-05-30,179.9415283203125,180.60162739441853,178.34546832123058,179.41936017164142,1945000,MTB,178.68782501220704,170.94523498535156,181.3470143890381,-0.0017490440867123924,0.016770978690497963,-0.16615947455094807,58.689481177587275,2.7995630778799523,3.222150448521405,178.68782501220704,188.1507552714322,169.2248947529819,0.10591578087179344
2025-06-02,178.7008056640625,179.82240525578206,176.4873972659333,179.3658353452822,1280800,MTB,178.98687438964845,171.03332733154298,181.46720039367676,-0.0068951434826173275,0.01603899932827496,-0.17190892461554028,43.439906802544904,2.545059760767117,3.0867323109705476,178.98687438964845,188.02414149814632,169.94960728115058,0.10098245627580538
2025-06-03,181.251708984375,181.66858311852545,177.59907372350463,178.1846966897242,1060700,MTB,179.40755767822264,171.14603393554688,181.60096099853516,0.014274716394440334,0.0162742994616223,-0.16008815936565995,45.150803662862295,2.520149908116565,2.9734158303997513,179.40755767822264,188.01263325597685,170.80248210046844,0.09592768207889976
2025-06-04,178.53207397460938,182.27403594673865,178.48245800421748,181.04325394615952,954000,MTB,179.834130859375,171.1233624267578,181.7144189453125,-0.015004741334604832,0.016190746893435005,-0.1726908192782501,42.43379152623034,2.254963043772392,2.8297252730742795,179.834130859375,187.2377049208922,172.43055679785778,0.08233780791374465
2025-06-05,178.57179260253906,179.52464342532255,177.0134633458102,178.78022209395823,852100,MTB,180.20209884643555,171.08907135009767,181.82064765930176,0.00022247334635983051,0.016162142611922684,-0.17250676503634074,39.076586417755635,2.024666410474083,2.66871350055424,180.20209884643555,186.44141611535932,173.96278157751178,0.06924799776323122
2025-06-06,182.77032470703125,183.0184651508686,180.765345680144,180.765345680144,958500,MTB,180.59378662109376,171.15431762695312,181.94155059814454,0.023511731854745754,0.016278415540873056,-0.153050965984259,46.269814033587515,2.1560870917471675,2.5661882187928255,180.59378662109376,186.41054508570315,174.77702815648436,0.06441814608842121
2025-06-09,182.9192047119141,184.20953806160057,182.44277929574807,183.7132571690512,979000,MTB,181.01311569213868,171.27239349365234,182.07351974487304,0.0008145742757830199,0.016246641164010107,-0.15236106308825056,47.156681115604314,2.2463576875301783,2.5022221125402964,181.01311569213868,186.1607846874656,175.86544669681177,0.056876199005180386
2025-06-10,184.3782653808593,185.3410514907824,182.56187555941565,182.56187555941565,853800,MTB,181.13347473144532,171.50615356445311,182.2096489715576,0.007976530792614733,0.01332534455184548,-0.1455998450069547,52.38791006872285,2.4078752995548314,2.4833527499432035,181.13347473144532,186.48402135277198,175.78292811011866,0.059078495891050076
2025-06-11,183.1574249267578,185.93660095309264,182.7008549871396,185.34105782413133,1041000,MTB,181.10412139892577,171.64712219238282,182.3313779449463,-0.006621390279270001,0.013245625209570094,-0.1512571618878324,61.988857031839274,2.4095912807335367,2.4686004561012704,181.10412139892577,186.4005231866375,175.80771961121403,0.05849012984133182
2025-06-12,182.62144470214844,182.62144470214844,180.28891849490924,182.11522850871447,781200,MTB,181.1016632080078,171.82426818847657,182.43089279174805,-0.002926336318736178,0.013194720659078766,-0.15374086888026728,59.609375048955144,2.3407197235031845,2.4430243095816535,181.1016632080078,186.39504852934158,175.80827788667403,0.0584576113500841
2025-06-13,176.7057647705078,181.2318438665476,176.20948390216503,181.1127413046381,1301600,MTB,180.72608184814453,171.81728729248047,182.50820877075196,-0.032393128535857185,0.014881480861239249,-0.1811538496892716,49.85738978762033,1.7881795661861304,2.312055360902549,180.72608184814453,186.15290778818058,175.29925590810848,0.060055813577543894
2025-06-16,178.9092559814453,180.0110001331066,177.13257710747135,178.13505902571472,992100,MTB,180.4237289428711,172.17654479980467,182.59533645629884,0.0124698320612191,0.015177773273626767,-0.1709429757109211,45.31725559747677,1.5106766954719149,2.1517796278164223,180.4237289428711,185.52207201366772,175.32538587207446,0.056515216714215645
2025-06-17,177.0035400390625,179.0283593605108,176.08044972900174,177.26160064371763,1109400,MTB,180.04530181884766,172.62261444091797,182.6583209991455,-0.010651857736083015,0.015313920830431905,-0.1797739731887487,46.61736405868098,1.1240213034063231,1.9462279629344026,180.04530181884766,184.9676877999415,175.12291583775382,0.054679416028822474
2025-06-18,180.3484649658203,181.1127417456103,177.07300819772485,177.07300819772485,1350000,MTB,179.91293869018554,173.1231689453125,182.74015228271483,0.018897502987904158,0.015912535351070678,-0.16427374939632625,50.16485908075214,1.075108425678593,1.7720040554832406,179.91293869018554,184.63975900352227,175.1861183768488,0.05254564066096914
2025-06-20,183.6834716796875,183.98124322831148,180.9737823923183,182.08544668553847,3680800,MTB,180.23254928588867,173.71150695800782,182.82843322753905,0.018492016078424767,0.01472235968908218,-0.1488194861330014,56.07082029548069,1.2905748442268248,1.6757182132319575,180.23254928588867,185.07597442862098,175.38912414315635,0.05374639777246419
2025-06-23,188.00112915039065,188.28896540077287,182.77032436345087,182.84973112276444,1377000,MTB,180.73552932739258,174.15999084472656,182.93558013916015,0.02350596616680023,0.015497354093238906,-0.12881166577220404,63.71889925767878,1.7891086758608594,1.698396305757738,180.73552932739258,186.5659652845755,174.90509337020967,0.06451897951532702
2025-06-24,188.70584106445312,191.7728684799069,188.5271872135112,189.8572163659372,1073300,MTB,181.33138122558594,174.8237518310547,183.05772354125978,0.0037484451143841024,0.015340687988209577,-0.12554606411705946,61.62897099529719,2.2155254923556242,1.8018221430773154,181.33138122558594,187.85776255509538,174.8049998960765,0.07198292193440324
2025-06-25,189.80758666992188,189.88699343047685,187.23685527127992,188.23933722586585,1065400,MTB,181.75128479003905,175.50757720947266,183.1861534881592,0.005838428737838797,0.014398313105269234,-0.12044062712788423,68.52578334807481,2.6122531263150677,1.963908339724866,181.75128479003905,189.29949373334216,174.20307584673594,0.08306085926185201
2025-06-26,192.05078125,192.25921073916552,190.2046157623665,190.4626763688112,977600,MTB,182.415860748291,176.22542907714845,183.33693214416505,0.011818255631578456,0.013964790382755849,-0.1100457696161307,70.65085714152139,3.07225465074751,2.1855776019293947,182.415860748291,191.1085997639254,173.7231217326566,0.09530683329811102
2025-06-27,192.338623046875,193.2914890321373,191.4750991334089,192.2989272390808,1351600,MTB,183.01995162963868,176.9275601196289,183.4781145477295,0.0014987796196481717,0.013927804843292873,-0.10871192435321174,66.65515717363692,3.420604995272953,2.4325830805981066,183.01995162963868,192.70367433633487,173.3362289229425,0.10582149782546421
2025-06-30,192.54705810546875,194.8001623589745,191.9118191953361,193.90686284779403,1411900,MTB,183.65022811889648,177.64745574951172,183.6282632446289,0.0010836880044782227,0.013887659689385896,-0.10774604615709886,66.72414807621055,3.6711750989881295,2.6803014842761113,183.65022811889648,194.1008428538552,173.19961338393776,0.11380998370655893
2025-07-01,196.03094482421875,197.39074956967104,191.64382372457487,191.8919641610612,1163200,MTB,184.5167350769043,178.4108221435547,183.80195678710936,0.01809368968307834,0.014028201267018809,-0.09160187999776573,68.91109233492466,4.103570843292147,2.9649553560793187,184.5167350769043,196.05652055282295,172.97694960098565,0.12508117999279586
2025-07-02,198.5718994140625,198.7604885680352,195.4056250380968,197.7679268273708,1434000,MTB,185.38274459838868,179.2931851196289,183.98937599182128,0.01296200756529653,0.013984206914835104,-0.07982721669399563,73.9882438482519,4.598275329976104,3.291619350858676,185.38274459838868,198.39633572278956,172.3691534739878,0.14039700569320396
2025-07-03,201.0731658935547,202.0657276670571,199.62401904031324,199.77291239351305,838300,MTB,186.50979919433593,180.12251892089844,184.17374496459962,0.012596276144171581,0.013285167375899447,-0.06823646621512226,77.05966385877664,5.132993546340714,3.659894189955084,186.50979919433593,200.86090017873886,172.158698209933,0.15389112042793684
2025-07-07,199.1773681640625,202.2344602268904,198.07562399578785,200.6662108160396,742200,MTB,187.54007797241212,180.84812377929688,184.328217086792,-0.00942839747445856,0.013677336605484283,-0.07702150316385224,87.35973284234015,5.342204939187184,3.996356339801504,187.54007797241212,202.43979778748746,172.64035815733678,0.15889638072206785
2025-07-08,199.306396484375,200.71583230990112,198.22450784401403,199.89200426453849,801800,MTB,188.36688156127929,181.50103790283202,184.47973686218262,0.000647806131298001,0.013038901808938609,-0.07642359203454548,86.42324684376565,5.45553002820364,4.288191077481931,188.36688156127929,203.97073710249515,172.76302602006342,0.16567514853867385
2025-07-09,198.8895263671875,200.64634974290408,197.4205240869391,200.5371673456598,1033700,MTB,189.16539764404297,182.18049163818358,184.6280541229248,-0.0020916043064387324,0.0130972726033842,-0.0783553484267712,91.27667852698731,5.44889161249273,4.520331184484091,189.16539764404297,205.2233700780606,173.10742521002533,0.16977705895487621
2025-07-10,202.5322265625,202.80022247362493,198.4726526710193,198.98877387245005,1183700,MTB,190.073095703125,182.90659210205078,184.76634002685546,0.018315193674841357,0.01345029188649424,-0.06147524813382587,91.3735706142595,5.6721807141971965,4.750701090426713,190.073095703125,207.01948136643816,173.12671003981185,0.17831440689303757
2025-07-11,200.4081420898437,201.75802664542883,199.5942342033293,201.2121146660948,1004400,MTB,190.93563156127928,183.5667626953125,184.89546394348145,-0.010487636998356087,0.013649285670518053,-0.0713181550453705,82.66770068228323,5.613039446042109,4.923168761549792,190.93563156127928,208.15381202559195,173.7174510969666,0.18035586468088466
2025-07-14,201.5396728515625,201.77787798624144,199.67365185502604,200.2195638641501,1307700,MTB,191.88154296875,184.25251953125,185.03967666625977,0.0056461316886593504,0.013534635438650291,-0.06607469505188956,80.20371787504851,5.593001995333594,5.057135408306553,191.88154296875,209.2544636917397,174.50862224576034,0.18107964376562308
2025-07-15,195.8125762939453,200.60665125286377,195.2765996252847,200.1798418346964,1736700,MTB,192.83688354492188,184.80205963134765,185.16901168823242,-0.028416720522491334,0.012973572525017891,-0.09261378943148252,62.95221817376853,5.05670282000753,5.057048890646749,192.83688354492188,208.73479830640815,176.9389687834356,0.16488458503616935
2025-07-16,191.08799743652344,198.64139316087005,189.9961734243482,197.6091204320333,2700300,MTB,193.4458206176758,185.16942321777344,185.28507858276367,-0.024128066474798593,0.014400732906220405,-0.11450726423839526,52.06137069003211,4.2020096789747186,4.886041048312343,193.4458206176758,207.97127016251406,178.92037107283753,0.1501758941956798
2025-07-17,194.14508056640625,194.39322099906,188.8050936092048,191.4254559722168,1751600,MTB,194.30289764404296,185.59556396484376,185.40369407653807,0.015998300107249452,0.014264700871546335,-0.10034088570889178,53.28557175057499,3.7283620297918105,4.654505244608237,194.30289764404296,206.59448659143916,182.01130869664675,0.12651987280101223
2025-07-18,194.730697631836,195.08802047769595,192.9837792097244,194.54210847078608,1191700,MTB,195.02200927734378,186.0901657104492,185.52455696105957,0.0030163888970107244,0.0138711062391339,-0.09762716394544965,53.71798903626426,3.3614980018361678,4.395903796053823,195.02200927734378,205.41187676225286,184.6321417924347,0.10655071725913239
2025-07-21,193.83737182617188,196.67609895398505,193.72818943105253,194.88949997245376,795000,MTB,195.52970428466796,186.5426644897461,185.6278274536133,-0.004587493479600524,0.013552738736424097,-0.10176679344701858,51.963719423270895,2.9644987931360447,4.109622795470268,195.52970428466796,204.479214613047,186.58019395628892,0.09154118409906264
2025-07-22,195.31629943847656,196.8349177003499,194.2145552930694,194.22447545823871,1453900,MTB,195.89546279907228,186.95025909423828,185.7647442626953,0.0076297341341944325,0.012713970899543361,-0.09491351289051436,48.84169893718737,2.7376531964962965,3.835228875675474,195.89546279907228,204.11784245293364,187.6730831452109,0.0839466063825579
2025-07-23,194.353515625,195.90190954594053,192.56690142957223,195.37585302524383,1055400,MTB,196.1778465270996,187.34667694091797,185.8944164276123,-0.004929357233597553,0.012798510645807358,-0.09937500751277892,42.79418480266744,2.4519235707434177,3.558567814689063,196.1778465270996,203.72039786246893,188.63529519173028,0.07689503650788024
2025-07-24,192.2294311523437,195.25674750074825,192.1897353465096,194.35351267879489,814900,MTB,196.29893875122067,187.55184387207032,186.01774627685546,-0.010928973761167637,0.013049781059190458,-0.10921791442432355,34.69598350201872,2.0306765433947476,3.2529895604302,196.29893875122067,203.47997210099956,189.1179054014418,0.07316426054528766
2025-07-25,192.3286895751953,192.61652581134,188.7554613092853,191.24678578519283,779400,MTB,196.31283416748045,187.72352783203124,186.11045921325683,0.0005163539331964895,0.012785720851977444,-0.10875795559081565,37.36264850123367,1.6854161364015283,2.939474875624466,196.31283416748045,203.46025276035226,189.16541557460863,0.07281662070829395
2025-07-28,192.7058563232422,192.84481436143463,191.1078313113838,192.2889822086648,1140300,MTB,196.3311958312988,187.92423278808593,186.2094818878174,0.001961052970723909,0.012788704382756323,-0.10701018273199296,37.93104025525533,1.4257933229444575,2.6367385650884643,196.3311958312988,203.43739411459063,189.22499754800697,0.07238990475459604
2025-07-29,192.8944549560547,194.62151792584527,192.13019328108712,193.58924518115748,590900,MTB,196.3485656738281,188.09777404785157,186.31095458984376,0.0009786865662044786,0.01278833257484465,-0.10613622559407532,38.94585030124445,1.221181683987993,2.35362718886837,196.3485656738281,203.41741821205025,189.27971313560593,0.07200309830594692
2025-07-30,190.12521362304688,193.65873116698697,189.26167456822307,192.83490306506752,731600,MTB,196.05327911376952,188.2011520385742,186.39065711975098,-0.014356251628066308,0.012448360895502083,-0.11896875886065982,26.36163094530714,0.8260486789361039,2.048111486881917,196.05327911376952,203.6515691800895,188.45498904744954,0.07751250171042226
2025-07-31,187.29640197753903,190.21453598912365,187.0085657296921,189.62892818279627,861700,MTB,195.48950424194334,188.25563842773437,186.45655586242677,-0.014878677012910013,0.012307249237497719,-0.13207733813585532,25.672240810250884,0.28139768982151736,1.6947687274698373,195.48950424194334,203.92775254503061,187.05125593885606,0.08632942557001795
2025-08-01,183.613998413086,184.5668491848851,181.27155214325225,184.14005491414568,1282100,MTB,194.6165458679199,188.26800384521485,186.47433921813965,-0.019660834514560688,0.01229061387386859,-0.1491414219622033,19.616447992882698,-0.4422829727724604,1.2673583874213779,194.6165458679199,204.16231812928348,185.07077360655634,0.09809826003018243
2025-08-04,186.8894500732422,187.23685275283609,183.8125176559012,183.90184458083988,852800,MTB,194.0021499633789,188.45996765136718,186.5067010498047,0.017838790552271666,0.013189824779566397,-0.13396313399898332,33.50460968061142,-0.7429393939630131,0.8652988311444997,194.0021499633789,203.8876594134508,184.11664051330703,0.10191133914689018
2025-08-05,186.6413116455078,187.79268695256945,183.57429936048743,187.3460371777601,1039200,MTB,193.36889572143554,188.6339633178711,186.53626655578614,-0.001327728385080773,0.01316769211597387,-0.13511299572849925,40.14951264394552,-0.9898243917638752,0.4942741865628248,193.36889572143554,203.44452919560942,183.29326224726165,0.1042115220918332
2025-08-06,184.1202087402344,186.95893601449384,184.0805129332749,186.76042668911504,755800,MTB,192.63042984008788,188.78059143066406,186.53635749816894,-0.013507743184219545,0.013363345973343885,-0.1467956672655677,27.252299041604502,-1.3730863808688127,0.12080207307649726,192.63042984008788,203.1572533530213,182.10360632715447,0.10929554091399016
2025-08-07,182.3733062744141,185.7877060636796,181.76784298491089,185.75793042200647,852700,MTB,191.6224838256836,188.79986724853515,186.4814331817627,-0.009487836657218418,0.012353440114995534,-0.15489073060978306,23.363325277301556,-1.7970692028727058,-0.26277218211334336,191.6224838256836,202.01692024436542,181.22804740700175,0.10848869309237756
2025-08-08,185.7777862548828,186.3733293800686,181.6487256216648,183.8025828634644,810900,MTB,190.89096603393557,188.9402377319336,186.44994834899902,0.01866764413069344,0.01336955820502511,-0.13911453151725617,34.32435656892949,-1.8371876068227095,-0.5776552670552166,190.89096603393557,200.72624943671008,181.05568263116106,0.10304608549181991
2025-08-11,185.1226806640625,187.0283973461367,184.199605535602,186.1847289725905,942900,MTB,190.07011642456058,189.03755523681642,186.4342446899414,-0.003526285914084104,0.013188251930311387,-0.14215025981840654,29.517337547301324,-1.8999419293353128,-0.842112599511236,190.07011642456058,198.84667702361952,181.29355582550164,0.09235076785510765
2025-08-12,189.65870666503903,189.82744035013764,185.93659999150697,186.8001238932733,935000,MTB,189.76242294311527,189.23189880371095,186.43908210754395,0.024502810702098365,0.013372081170873653,-0.12113053002389265,41.75098112918189,-1.5656084334557647,-0.9868117663001419,189.76242294311527,198.1124369087612,181.41240897746934,0.0880049256975286
2025-08-13,191.7728576660156,192.0606939025104,189.4304113878013,190.25422429218943,1031900,MTB,189.79666595458986,189.49333984375,186.4555598449707,0.011147133913079088,0.012531814512684002,-0.1113336543499522,49.197496958630985,-1.11717432197986,-1.0128842774360856,189.79666595458986,198.1751375045183,181.41819440466142,0.08828892233473733
2025-08-14,192.50735473632807,192.7257195401576,189.57930050625825,190.9391053021399,761100,MTB,189.71477966308595,189.71845275878906,186.47255012512207,0.0038300366342334247,0.012011760600071983,-0.10793002969050218,50.30717400440617,-0.6945133649640809,-0.9492100949416847,189.71477966308595,197.945009536796,181.4845497893759,0.08676424565683381
2025-08-15,188.65621948242188,192.6264664906332,188.5867328900388,192.6264664906332,741900,MTB,189.41105575561522,189.9209356689453,186.47966735839844,-0.020005133098322303,0.012751927690254038,-0.1257760081795601,43.78051484045921,-0.6626671269873441,-0.8919015013508167,189.41105575561522,197.30329578550322,181.51881572572722,0.08333452340892757
2025-08-18,189.2517547607422,189.32124135581083,187.2666311799148,188.45770229935303,729800,MTB,189.18177490234373,190.1345349121094,186.467108001709,0.0031567222111954507,0.012771002149153493,-0.12301632588702065,44.47455910440488,-0.5826575208776319,-0.8300527052561798,189.18177490234373,196.7940518136918,181.56949799099567,0.08047579546473274
2025-08-19,188.94406127929688,191.17732528704715,188.82495871204327,188.924205802991,640200,MTB,188.86316299438474,190.2580096435547,186.4603508758545,-0.0016258421584217642,0.012603894158029838,-0.12444216291664115,48.06377573736505,-0.5378773092445783,-0.7716176260538595,188.86316299438474,195.90650183265495,181.81982415611452,0.07458668727770516
2025-08-20,191.7430725097656,192.46765349533047,189.50980856161425,189.7877397866069,990100,MTB,188.732640838623,190.4344869995117,186.45864379882812,0.014813967750652024,0.013091638163080968,-0.11147167735425764,57.296409744870985,-0.2733804947454246,-0.6719701997921725,188.732640838623,195.43613781449338,182.02914386275265,0.07103696473576324
2025-08-21,190.9986572265625,191.16740605805293,189.3510161720828,190.274091363402,904500,MTB,188.67110214233398,190.56689483642577,186.46721557617187,-0.0038823581653265604,0.01289217676810539,-0.11492126254280528,63.4102452554664,-0.12242175390053944,-0.562060510613846,188.67110214233398,195.26107360063173,182.08113068403622,0.06985671237905063
2025-08-22,198.25428771972656,198.67116183376424,191.87210784568,192.34853324096727,1111400,MTB,188.96738204956054,190.86883209228515,186.5238787841797,0.03798786126835152,0.015472757537248428,-0.08129901425271374,68.03151131318134,0.5760426180553964,-0.33443988487999754,188.96738204956054,196.6859250326534,181.2488390664677,0.0816918020388143
2025-08-25,196.4180450439453,198.2344348725937,196.3684139271492,197.4304622744833,645700,MTB,189.1529914855957,191.1447640991211,186.57904182434083,-0.009262057819284908,0.015662521315188752,-0.08980807590133913,64.76761895630443,0.9702270536502624,-0.07350649717394553,189.1529914855957,197.40982564849634,180.89615732269505,0.08730323637022062
2025-08-26,198.6612243652344,199.06817830973964,195.7431055986713,195.8324325195753,878000,MTB,189.4413299560547,191.58387329101564,186.63341300964356,0.011420434007411107,0.015832420955641385,-0.07941328909809178,72.1499715966408,1.4469473743627361,0.2305842771333908,189.4413299560547,198.60163202521255,180.28102788689682,0.09670859121695155
2025-08-27,200.517333984375,201.678629443448,198.42302803375003,198.4825793169911,884700,MTB,189.9609359741211,192.0160348510742,186.58321029663085,0.009343089599247456,0.015458406345035643,-0.07081216497425868,77.54670202765045,1.9520224969679134,0.5748719211002953,189.9609359741211,200.37740316568807,179.54446878255413,0.10966957114789148
2025-08-28,199.306396484375,201.60913180014063,198.2344280089136,201.60913180014063,848700,MTB,190.5614356994629,192.46209197998047,186.56803184509278,-0.006039066428513151,0.015047947644889816,-0.07642359203454548,72.00513264716041,2.2288923508954213,0.9056760070593206,190.5614356994629,201.69142495470683,179.43144644421895,0.11681260916607707
2025-08-29,200.1600036621093,201.2915234372908,198.66122574517675,199.1674419243962,748500,MTB,191.38873596191405,192.85832275390624,186.5508016204834,0.0042828890230885985,0.014051306635925742,-0.07246801677488655,74.30221684740907,2.488506713867025,1.2222421484208614,191.38873596191405,202.80056036058636,179.97691156324174,0.11925283210965182
2025-09-02,198.97999572753903,198.97999572753903,195.6100006103516,197.94000244140625,1044100,MTB,191.9932632446289,193.16425323486328,186.50224617004395,-0.005895323306259637,0.013858968617656446,-0.07793611769289482,66.89731935402513,2.569417542339295,1.4916772272045482,191.9932632446289,203.67920471393649,180.30732177532133,0.12173282824426912
2025-09-03,198.57000732421875,200.8300018310547,197.25,199.0599975585937,954200,MTB,192.58969802856444,193.37563079833984,186.4584954071045,-0.002060450357440291,0.013872611880628175,-0.07983598454877733,63.133070745427524,2.570822477859366,1.7075062773355119,192.58969802856444,204.3429624875514,180.83643356957748,0.12205496534133145
2025-09-04,202.3600006103516,202.8300018310547,198.7400054931641,199.97000122070312,916600,MTB,193.50168762207028,193.6487139892578,186.44001441955567,0.01908643373288821,0.013721100994964106,-0.062273335044479176,67.02637137199196,2.84496173531889,1.9349973689321875,193.50168762207028,205.31829844809317,181.68507679604738,0.1221344472106312
2025-09-05,199.57000732421875,203.9600067138672,198.9199981689453,202.8000030517578,977400,MTB,194.36152267456052,193.84396240234375,186.40106910705566,-0.013787276525586867,0.013988189441423911,-0.07520203187963727,69.57816583654609,2.804758421496615,2.108949579445073,194.36152267456052,205.23351169951323,183.4895336496078,0.11187388198390275
2025-09-08,199.22000122070312,199.6600036621093,196.3500061035156,199.3500061035156,700100,MTB,195.03363342285155,193.9873468017578,186.35322746276856,-0.0017538011257723918,0.013649092585289674,-0.07682394359723882,68.04088920996989,2.7133763249565845,2.2298349285473753,195.03363342285155,205.31740004956393,184.74986679613917,0.10545634049093665
2025-09-09,199.8000030517578,201.6300048828125,199.1499938964844,199.17999267578125,628800,MTB,195.7674995422363,194.13657440185546,186.30789688110352,0.002911363454978222,0.013548055450077827,-0.07413624256411683,69.45570354797138,2.657126950088184,2.315293332855537,195.7674995422363,205.12654156905705,186.40845751541553,0.09561384855714083
2025-09-10,198.1699981689453,200.82000732421875,197.4199981689453,200.6499938964844,927300,MTB,196.19306411743162,194.249033203125,186.25981246948243,-0.008158182472050579,0.012887352374488058,-0.08168960804153713,62.0218805389932,2.452747398498701,2.3427841459841696,196.19306411743162,205.14783898563115,187.23828924923208,0.09128533578373232
2025-09-11,197.8300018310547,198.9199981689453,196.009994506836,197.97999572753903,904900,MTB,196.49592132568358,194.2850143432617,186.21095176696778,-0.0017156801787966414,0.01274144660673969,-0.08326513497900323,62.974669053910695,2.2375472168974397,2.3217367601668237,196.49592132568358,205.2281948790209,187.76364777234627,0.08887994717064827
2025-09-12,198.8000030517578,199.83999633789065,197.009994506836,198.1000061035156,696800,MTB,196.81055374145507,194.28957641601562,186.15187072753906,0.004903205842011316,0.01275344285945794,-0.07877019523325687,51.36156047225941,2.1208229871873243,2.281554005570924,196.81055374145507,205.38984477731717,188.23126270559297,0.08718324167851782
2025-09-15,196.57000732421875,199.69000244140625,196.22000122070312,198.83999633789065,782300,MTB,197.20624313354492,194.19951324462892,186.0597632598877,-0.011217282159490138,0.012101507541917068,-0.08910388988705742,50.371840068819715,1.8273120598650507,2.1907056164297494,197.20624313354492,204.88469429577626,189.52779197131358,0.07787229288711327
2025-09-16,195.27999877929688,196.9600067138672,192.6699981689453,196.9600067138672,805700,MTB,197.50765533447264,194.1215658569336,185.95717079162597,-0.006562590918532951,0.01225212795120452,-0.09508172842701161,41.321579968104736,1.473622622512039,2.0472890176462073,197.50765533447264,204.29266906727528,190.72264160167,0.06870633668667114
2025-09-17,198.6000061035156,201.1100006103516,195.19000244140625,195.83999633789065,1020100,MTB,197.9904525756836,194.1074380493164,185.87701210021973,0.017001266617022948,0.012690967249333128,-0.07969697162538376,45.42284765944292,1.4445659823867345,1.926744410594313,197.9904525756836,203.4555413450573,192.5253638063099,0.05520557883754132
2025-09-18,200.42999267578125,200.9900054931641,197.7400054931641,198.4100036621093,984500,MTB,198.42479858398437,194.13824737548828,185.8057601928711,0.009214433615434059,0.012466434015254622,-0.07121690046434288,52.60530770058139,1.551320352926382,1.851659599060727,198.42479858398437,203.12681711099805,193.7227800569707,0.047393456468834694
2025-09-19,202.0200042724609,202.57000732421875,198.8800048828125,200.1699981689453,3604900,MTB,198.9758659362793,194.1280029296875,185.74639602661134,0.007933002318927906,0.012438422898206488,-0.06384886198194555,54.170404385224984,1.7441194845324617,1.830151576155074,198.9758659362793,202.4315118285772,195.5202200439814,0.03473432193434497
2025-09-22,198.8999938964844,201.82000732421875,198.13999938964844,200.58999633789065,1012500,MTB,199.00815124511718,194.0978399658203,185.68586166381837,-0.015444066478528584,0.010000542825212478,-0.07830684239144653,49.834979758818136,1.6264072130971385,1.789402703543487,199.00815124511718,202.4474383546034,195.56886413563095,0.03456428380413504
2025-09-23,200.6300048828125,203.0,197.2100067138672,199.3600006103516,1509900,MTB,199.21874923706054,194.07964660644532,185.64062973022462,0.00869789361194484,0.009911190203142628,-0.07029005336370983,54.029724757059576,1.6536545182825648,1.7622530664913025,199.21874923706054,202.5025542814874,195.93494419263368,0.032966827238929096
2025-09-24,199.44000244140625,202.3500061035156,198.52999877929688,200.47000122070312,847000,MTB,199.25768814086913,194.15219512939453,185.6014318084717,-0.005931328377833278,0.009718550644660878,-0.0758044683533475,43.6411292814756,1.5612280866400852,1.7220480705210592,199.25768814086913,202.53211306232512,195.98326321941315,0.032866234191586824
2025-09-25,198.7899932861328,199.97000122070312,197.88999938964844,199.1999969482422,931600,MTB,199.17132110595702,194.30623504638672,185.55634246826173,-0.003259171416548745,0.009503467971775528,-0.07881658001339231,48.1267722173485,1.4191698604409169,1.6614724285050309,199.17132110595702,202.39660522143527,195.94603699047877,0.03238703340991979
2025-09-26,200.13999938964844,201.63999938964844,199.1499938964844,200.52999877929688,670900,MTB,199.2130012512207,194.42613342285156,185.52367721557619,0.006791117003422054,0.009535032175906096,-0.07256071562665073,52.10814832737646,1.3993905990503208,1.6090560626140888,199.2130012512207,202.46705204792087,195.95895045452053,0.03266906051575016
2025-09-29,198.3000030517578,200.4199981689453,196.1499938964844,199.97000122070312,1175900,MTB,199.12000122070313,194.49751953125,185.50397018432616,-0.009193546235145011,0.00970974744575332,-0.0810871715678269,46.75043997847377,1.2211662208749487,1.531478094266261,199.12000122070313,202.36640143999438,195.87360100141188,0.032607474883379096
2025-09-30,197.6199951171875,199.72000122070312,194.759994506836,198.33999633789065,847700,MTB,199.05200119018554,194.57317199707032,185.47959129333495,-0.0034291877161132245,0.009652069667199012,-0.08423829615126541,48.75733892292364,1.0133696651778337,1.4278564084485754,199.05200119018554,202.36699837245246,195.7370040079186,0.033307850837426003
2025-10-01,195.2899932861328,197.82000732421875,194.8300018310547,196.9499969482422,918000,MTB,198.88800048828125,194.57264587402344,185.4681174468994,-0.011790314181887362,0.009985006117470335,-0.09503541435538249,44.73465457775256,0.6531486317107635,1.272914853101013,198.88800048828125,202.60371932619142,195.17228165037108,0.037364937339486294
2025-10-02,195.6300048828125,196.0800018310547,194.1600036621093,194.67999267578125,806700,MTB,198.5515007019043,194.59817565917967,185.4682243347168,0.0017410600049614366,0.008857836730446022,-0.09345981670941007,43.25247085800399,0.3906043182541623,1.096452746131643,198.5515007019043,202.16073736662608,194.94226403718253,0.036355672477545384
2025-10-03,194.5599975585937,196.6000061035156,194.009994506836,195.2899932861328,1484900,MTB,198.30100021362304,194.64478698730468,185.46620956420898,-0.005469546069171605,0.008443687165052956,-0.09841818000547323,45.49932213767152,0.09509916568521248,0.8961820300423569,198.30100021362304,202.28824384392695,194.31375658331913,0.04021405465437475
2025-10-06,190.0,198.8699951171875,189.9100036621093,197.22000122070312,1499800,MTB,197.8400001525879,194.59821319580078,185.43929145812987,-0.02343748774575516,0.009797221440706617,-0.11954899286339057,39.68752942971613,-0.5012662054254235,0.6166923829488008,197.8400001525879,203.255915324613,192.42408498056278,0.05475045660986636
2025-10-07,189.5800018310547,191.63999938964844,189.22999572753903,190.509994506836,1043200,MTB,197.32900009155273,194.53569610595704,185.4277359008789,-0.0022105166786595687,0.009719895081019845,-0.12149524449940864,30.132199928613232,-0.9962957238419108,0.2940947615906585,197.32900009155273,203.79333448761656,190.8646656954889,0.06551834137977329
2025-10-08,188.07000732421875,190.6100006103516,187.9199981689453,189.6600036621093,790800,MTB,196.8240005493164,194.43920715332033,185.45754470825196,-0.007964946155985309,0.009714149438153658,-0.12849248757474785,22.386173041521644,-1.4932409684589345,-0.0633723844192601,196.8240005493164,204.479921817003,189.1680792816298,0.07779459056131047
2025-10-09,188.0399932861328,189.82000732421875,186.67999267578125,188.3300018310547,608800,MTB,196.33450012207032,194.39750274658203,185.4907741546631,-0.00015958971083673834,0.009727550858203649,-0.12863157120664784,16.42659681750483,-1.8679628244767343,-0.42429047243075496,196.33450012207032,204.9155919594355,187.75340828470516,0.08741297970585811
2025-10-10,180.83999633789065,189.3099975585937,180.6100006103516,188.8000030517578,1162500,MTB,195.43649978637694,194.26837463378905,185.46814437866212,-0.03828971072811205,0.012421567922317703,-0.1619960162827548,13.735024665257129,-2.714619729484639,-0.8823563238415318,195.43649978637694,206.36824739154497,184.50475218120891,0.11187007152826663
2025-10-13,182.6999969482422,183.4600067138672,181.4100036621093,182.72000122070312,1015300,MTB,194.7429992675781,194.25009460449218,185.45667327880858,0.010285338686228496,0.012749379240365916,-0.1533768614898142,14.183028330820605,-3.1986429570327743,-1.3456136504797804,194.7429992675781,207.04579790430856,182.44020063084767,0.1263490721925908
2025-10-14,187.0399932861328,188.69000244140625,181.77999877929688,182.3000030517578,1187000,MTB,194.33099899291992,194.25310546875,185.45804862976075,0.02375476962443579,0.014105529356270132,-0.13326552387578788,27.998594330647393,-3.1952011287896767,-1.71553114614176,194.33099899291992,207.10109239449838,181.56090559134145,0.13142621061752188
2025-10-15,185.02999877929688,188.17999267578125,183.9100036621093,187.9100036621093,1873600,MTB,193.652498626709,194.22087921142577,185.44878715515136,-0.0107463354308458,0.013483102089075858,-0.1425797432856971,26.70957444335677,-3.31643343337484,-2.0357116035883758,193.652498626709,206.9006129662428,180.4043842871752,0.13682358279374754
2025-10-16,178.6300048828125,187.52999877929688,174.75999450683594,185.07000732421875,3179000,MTB,192.56249923706054,194.11107513427734,185.41633026123046,-0.034588952811475004,0.0148107338030369,-0.17223701208479092,18.907216976907975,-3.8841627186425853,-2.405401826599218,192.56249923706054,206.99684026035774,178.12815821376333,0.14991850521764705
2025-10-17,180.6699981689453,181.25,176.02000427246094,176.88999938964844,3049600,MTB,191.49499893188477,194.07700897216796,185.39735061645507,0.011420216259139249,0.014998218452647087,-0.162783779751488,24.662258475665283,-4.121966395458401,-2.748714740371055,191.49499893188477,206.14070601491758,176.84929184885195,0.15296177095718652
2025-10-20,182.07000732421875,183.97000122070312,180.92999267578125,181.6499938964844,1684700,MTB,190.65349960327148,194.0028533935547,185.3880613708496,0.0077489852740479925,0.015082127404763241,-0.15629620358958815,28.104782432330197,-4.149624199432338,-3.0288966321833115,190.65349960327148,205.4410732613854,175.86592594515756,0.15512512163569206
2025-10-21,181.6999969482422,182.8999938964844,181.02999877929688,181.4199981689453,1932600,MTB,189.70699920654297,193.9343997192383,185.37344909667968,-0.002032242330378242,0.014783254991939412,-0.15801081415895424,29.746663307157633,-4.15352075163301,-3.2538214560732515,189.70699920654297,204.22675621464427,175.18724219844168,0.1530756067918501
2025-10-22,182.1199951171875,183.3600006103516,180.9100036621093,182.02999877929688,1224400,MTB,188.84099884033202,193.78362548828125,185.3471430206299,0.002311492438081597,0.014865841718726222,-0.15606456252293618,29.913755866670016,-4.075735908664882,-3.4182043465915775,188.84099884033202,202.977499027879,174.70449865278505,0.14971854919597838
2025-10-23,181.08999633789065,183.47000122070312,180.4199981689453,182.8500061035156,1087400,MTB,187.95599899291992,193.56996826171874,185.30732246398927,-0.005655605133494945,0.014865600326751742,-0.1608375281154698,29.94938569625789,-4.050511379802828,-3.544665753233828,187.95599899291992,201.68015428730848,174.23184369853135,0.14603583144909932
2025-10-24,185.22999572753903,186.17999267578125,182.6499938964844,183.1300048828125,1035600,MTB,187.21049880981445,193.42442108154296,185.29412063598633,0.02286155764189024,0.015908386395826642,-0.14165296689357051,42.80976102536116,-3.6543325368785133,-3.566599109962765,187.21049880981445,199.7134660429958,174.7075315766331,0.13357121863003002
2025-10-27,182.9199981689453,186.1000061035156,181.47000122070312,186.1000061035156,1186100,MTB,186.44149856567384,193.30969665527343,185.27377113342285,-0.012470969129598108,0.015984195109211275,-0.15235738624592288,40.50199069326955,-3.486564501804253,-3.5505921883310627,186.44149856567384,197.922778199738,174.9602189316097,0.12316227580653007
2025-10-28,181.4100036621093,182.6300048828125,180.7899932861328,181.7899932861328,1314600,MTB,185.63099899291993,193.15286163330077,185.26245361328125,-0.008254944904610095,0.016013014427951125,-0.1593546293212625,40.501990693269455,-3.435844782541494,-3.5276427071731495,185.63099899291993,196.0269792822099,175.23501870362995,0.11200694222074933
2025-10-29,181.33999633789065,183.6699981689453,179.32000732421875,179.5800018310547,1424900,MTB,184.93349914550782,193.00078033447267,185.2341551208496,-0.0003859066358271601,0.01592936276620239,-0.15967903994818478,40.45584231363296,-3.3625368143098626,-3.4946215286004922,184.93349914550782,194.4341843464932,175.43281394452245,0.10274704415245096
2025-10-30,182.8000030517578,186.38999938964844,181.3000030517578,181.3000030517578,1187600,MTB,184.29199905395507,192.8219189453125,185.19422676086427,0.008051211775403022,0.01610180132817601,-0.15291343793949766,53.337886023708265,-3.150314516562787,-3.425760126192951,184.29199905395507,192.3790968336048,176.20490127430534,0.08776395959850725
2025-10-31,183.8699951171875,184.3600006103516,180.22999572753903,181.259994506836,873500,MTB,183.75749893188475,192.679345703125,185.13103355407713,0.0058533481814371235,0.01621871938309648,-0.1479551453519411,52.04759974428037,-2.86278697303365,-3.3131654955610914,183.75749893188475,190.241291702449,177.27370616132052,0.07056901414366386
2025-11-03,182.72999572753903,183.1100006103516,180.6499938964844,182.25,1192000,MTB,183.3939987182617,192.36885986328124,185.08547241210937,-0.006200029476924218,0.015500570411505375,-0.15323784856642064,41.505718588660876,-2.695831874878394,-3.189698771424552,183.3939987182617,189.18204895680708,177.60594847971635,0.06312147920867613
2025-11-04,180.8999938964844,182.009994506836,180.33999633789065,182.009994506836,1038400,MTB,182.9599983215332,192.05849884033202,185.02753295898438,-0.010014786153573096,0.015608414972274283,-0.1617179904359674,41.802293603545316,-2.6802879198280607,-3.087816601105254,182.9599983215332,188.0552705384438,177.86472610462258,0.05569821014051611
2025-11-05,183.3500061035156,184.5399932861328,180.07000732421875,180.8300018310547,834000,MTB,182.72399826049804,191.75227447509766,184.97450637817383,0.013543462076804458,0.015929693090413217,-0.15036474982976952,61.111103128910855,-2.442122446565861,-2.958677770197376,182.72399826049804,187.22533229825103,178.22266422274504,0.049269215654264856
2025-11-06,183.3000030517578,184.88999938964844,181.77999877929688,183.6699981689453,956300,MTB,182.48699874877929,191.40792785644533,184.93424102783203,-0.0002727191169524801,0.01592934356303818,-0.15059646160492765,56.83117068414763,-2.231683958007011,-2.813279007759303,182.48699874877929,186.24810557364358,178.725891923915,0.04122054558025832
2025-11-07,185.8600006103516,185.88999938964844,182.42999267578125,182.8999938964844,768600,MTB,182.73799896240234,191.13899993896484,184.90002548217774,0.013966162116598069,0.013638509197480633,-0.13873355408529,59.28463932547412,-1.8371618730317039,-2.6180555808137838,182.73799896240234,186.70092303102996,178.77507489377473,0.04337274229913146
2025-11-10,188.25,188.3800048828125,184.6699981689453,185.83999633789065,1131300,MTB,183.01549911499023,190.90079986572266,184.86812385559082,0.012859137962981881,0.013737959185279815,-0.12765841003438566,64.60098246702509,-1.3164718337995112,-2.3577388314109293,183.01549911499023,187.6820255740395,178.34897265594097,0.05099597008576029
2025-11-11,186.759994506836,189.0500030517578,185.9100036621093,188.7400054931641,804400,MTB,183.0014991760254,190.6563998413086,184.81854904174804,-0.007915035820260319,0.012844522983018787,-0.13456302496646635,59.87233271670578,-1.012382106405056,-2.0886674864097547,183.0014991760254,187.61860697675624,178.38439137529454,0.050459781165942776
2025-11-12,188.1499938964844,191.0800018310547,186.8000030517578,186.8000030517578,879900,MTB,183.15749893188476,190.4479995727539,184.78189178466798,0.007442704168624914,0.012686253947180844,-0.12812183358470206,64.79462041709056,-0.6517149087718792,-1.8012769708821796,183.15749893188476,188.2495871164379,178.0654107473316,0.05560338194448557
2025-11-13,186.3800048828125,188.6499938964844,185.8999938964844,187.97999572753903,856700,MTB,183.54499893188478,190.12839965820314,184.73374320983888,-0.009407329636405448,0.009926775973847793,-0.13632387889895553,52.67568371641249,-0.5029096477991857,-1.5416035062655808,183.54499893188478,188.35830695544414,178.73169090832542,0.05244826120645892
2025-11-14,186.9600067138672,187.7899932861328,184.27999877929688,186.38999938964844,862300,MTB,183.85949935913087,189.87619964599608,184.68057052612303,0.003111931622812092,0.00969043632555197,-0.13363617786583354,60.222688634370066,-0.33432521296100504,-1.3001478476046657,183.85949935913087,188.70372816647907,179.01527055178266,0.05269489826996667
2025-11-17,181.0599975585937,186.5200042724609,180.33999633789065,186.3999938964844,970700,MTB,183.80899887084962,189.5129995727539,184.60151741027832,-0.03155760025352994,0.012098056731441213,-0.16097654103886389,49.27535041473541,-0.6690894178479141,-1.1739361616533155,183.80899887084962,188.75183096138,178.86616678031925,0.05378226442551241
2025-11-18,182.1000061035156,183.2400054931641,179.75,180.0,780100,MTB,183.8289993286133,189.15899963378905,184.553931350708,0.005743999552332513,0.012161146693689548,-0.15615719066619457,51.51275674769437,-0.8407804703114437,-1.1073050233849413,183.8289993286133,188.73902805422577,178.91897060300082,0.05341952296476678
2025-11-19,181.9900054931641,183.27999877929688,181.72000122070312,182.83999633789065,98647,MTB,183.8224998474121,188.83539978027343,184.4958168029785,-0.0006040670327543962,0.012151728716537354,-0.15666692828813997,48.29617818039897,-0.974489685798801,-1.0807419558677132,183.8224998474121,188.7423880142443,178.9026116805799,0.05352868306019256
2025-11-20,182.75,186.3300018310547,181.5599975585937,185.5599975585937,819500,MTB,183.90550003051757,188.53379974365234,184.43739334106445,0.004176023319393041,0.012108203249316682,-0.15314514971465593,47.612970869138756,-1.007515980170382,-1.066096760728247,183.90550003051757,188.68530563903755,179.1256944219976,0.05198110559745968
2025-11-21,188.6000061035156,190.47000122070312,183.2700042724609,184.1499938964844,1192100,MTB,184.0740005493164,188.3297998046875,184.3925673675537,0.03201097731061875,0.013126507076466027,-0.12603649831678426,60.41889314579369,-0.5552424648799672,-0.963925901558591,184.0740005493164,189.26989615184246,178.87810494679033,0.056454421450290594
2025-11-24,187.5749969482422,188.88980102539065,185.83999633789065,188.2400054931641,504498,MTB,184.30675048828124,188.14989959716797,184.35029586791993,-0.005434830976149718,0.012838042817753206,-0.13078634222775645,62.19622559447309,-0.27633668078672713,-0.8264080574042183,184.30675048828124,189.6983448505277,178.9151561260348,0.05850674864553335
2025-11-25,191.5800018310547,192.6000061035156,188.5500030517578,189.30999755859372,830600,MTB,184.81525039672852,188.07589965820313,184.34199005126953,0.021351485794866454,0.013369884627966074,-0.11222733916112854,64.2288858298648,0.26481595188431584,-0.6081632555465115,184.81525039672852,190.92678782369373,178.7037129697633,0.0661367220924253
2025-11-26,190.2400054931641,192.3300018310547,190.1699981689453,190.8699951171875,649900,MTB,185.2602508544922,187.90869964599608,184.31876655578614,-0.006994447881216059,0.013533837311284479,-0.11843681876773456,61.48625851329711,0.5788837943802605,-0.37075384556115715,185.2602508544922,191.59821989845037,178.92228181053403,0.0684223303674155
2025-11-28,190.22000122070312,191.3300018310547,189.75999450683597,190.1300048828125,418100,MTB,185.63125076293946,187.70449981689453,184.30336723327636,-0.00010515281688050493,0.013480078843699582,-0.11852951761949926,57.87856178203941,0.8167555946080256,-0.1332519575273206,185.63125076293946,192.22630921466921,179.0361923112097,0.071055476107867
2025-12-01,190.22000122070312,191.50999450683597,187.80999755859372,188.4600067138672,714581,MTB,185.94875106811523,187.46849975585937,184.2901690673828,0.0,0.013457312181550182,-0.11852951761949926,53.89635865838703,0.9938146335943543,0.09216136069701436,185.94875106811523,192.79347644958003,179.10402568665043,0.07361948216535742
2025-12-02,190.97999572753906,192.27999877929688,190.2100067138672,191.22999572753906,851300,MTB,186.36125106811522,187.31009979248046,184.27255325317384,0.003995344874139439,0.013331430087106478,-0.11500773904601509,58.59470076014186,1.181836922421354,0.3100964730418823,186.36125106811522,193.38135263031222,179.34114950591822,0.0753386395719263
2025-12-03,195.6300048828125,195.7100067138672,189.47000122070312,190.9600067138672,709500,MTB,187.09775161743164,187.21009979248046,184.26943176269532,0.024348147760498318,0.01386513946615998,-0.09345981670941007,63.44840603152269,1.6866205067101987,0.5854012797755457,187.09775161743164,194.76620345366254,179.42929978120074,0.08197267759701332
2025-12-04,195.57000732421875,197.1199951171875,194.97000122070312,195.00999450683594,595000,MTB,187.7087516784668,187.1326998901367,184.2727604675293,-0.00030668893879381987,0.013709074835748914,-0.09373784255619748,67.60534395951578,2.0580993443511773,0.879940892690672,187.7087516784668,196.03867969059297,179.37882366634062,0.08875375215743604
2025-12-05,195.11000061035156,196.47999572753906,194.39999389648438,194.4499969482422,757600,MTB,188.29925155639648,187.0591000366211,184.2824959564209,-0.0023521332343388046,0.01374559616190852,-0.09586949189574467,65.68510561320502,2.288994201859964,1.1617515545245305,188.29925155639648,196.98025559056254,179.61824752223043,0.09220433923568784
2025-12-08,195.89999389648438,196.49000549316406,193.92999267578125,195.0399932861328,731100,MTB,188.80125122070314,186.97429992675782,184.31535583496094,0.0040489635777845034,0.013514331030773843,-0.0922087003988668,85.5533735262166,2.50682873467818,1.4307669905552605,188.80125122070314,198.03209725741556,179.57040518399072,0.09778373794696765
2025-12-09,197.66000366210938,198.6199951171875,196.0800018310547,196.0800018310547,804900,MTB,189.2717514038086,186.96149993896483,184.36009735107422,0.008984225729761874,0.013388521808018453,-0.08405289844773628,86.03515100457723,2.7893286065408347,1.7024793137523755,189.2717514038086,199.3083861049823,179.23511670263488,0.10605528428551066
2025-12-10,204.60000610351562,205.72000122070312,196.5500030517578,197.47999572753906,1349100,MTB,190.16375198364258,187.1011001586914,184.45074028015136,0.035110808017943196,0.014984061820611027,-0.05189325561054333,89.77828604563143,3.5324916227671395,2.0684817755553286,190.16375198364258,202.22691767039706,178.1005862968881,0.1268713470461197
2025-12-11,205.75,207.2899932861328,203.67999267578125,204.49000549316406,1033000,MTB,191.04375228881835,187.31030029296875,184.55158447265626,0.005620693363530771,0.014971902789931713,-0.04656423832443479,89.91665669188089,4.166222939213668,2.4880300082869966,191.04375228881835,204.91995482701907,177.16754975061764,0.14526727382555582
2025-12-12,203.83999633789062,206.55999755859375,202.5800018310547,205.74000549316406,903900,MTB,191.91675186157227,187.4745001220703,184.64415031433106,-0.009283128369911853,0.01496581721483804,-0.055415104892533804,80.63927327254375,4.4628927902874125,2.8830025646870796,191.91675186157227,206.72328308050157,177.11022064264296,0.15430160291175748
2025-12-15,204.7100067138672,206.55999755859375,203.99000549316406,205.52000427246094,1250600,MTB,192.80425186157225,187.67750030517578,184.72991371154785,0.0042681043544290365,0.014962026748267318,-0.05138351798859767,84.66516517628929,4.7138697943086925,3.2491760106114027,192.80425186157225,208.46313811798018,177.14536560516433,0.16243299725205793
2025-12-16,204.08999633789062,205.92999267578125,203.07000732421875,205.8800048828125,1211000,MTB,193.95575180053712,187.95930023193358,184.82026191711427,-0.003028725297455459,0.012482832824132496,-0.05425661672524879,79.3248371647167,4.807325368101516,3.5608058821094257,193.95575180053712,209.363370499164,178.54813310191022,0.15887766725755048
2025-12-17,206.1199951171875,207.33999633789062,204.86000061035156,204.86000061035156,1058200,MTB,195.1567512512207,188.29010009765625,184.9576567840576,0.009946586386997636,0.012512261101529875,-0.04484969846357499,86.0580484441533,4.9876984368790716,3.846184393063355,195.1567512512207,210.41720587053825,179.89629663190314,0.1563917673508833
2025-12-18,203.66000366210938,208.08999633789062,202.72999572753906,206.6199951171875,1228800,MTB,196.24025115966796,188.60190002441405,185.09812118530274,-0.011934754091564637,0.013084174814510314,-0.056249182432895985,77.4734063126165,4.875937865437862,4.0521350875382565,196.24025115966796,210.61603250277605,181.86446981655988,0.14651205609609058
2025-12-19,205.82000732421875,206.8000030517578,203.80999755859375,204.1300048828125,2945500,MTB,197.3937515258789,188.95750030517578,185.2551491546631,0.01060592960458262,0.013123150329304166,-0.04623982769751196,79.30126048252578,4.905117905127241,4.222731651056054,197.3937515258789,210.8870111589222,183.90049189283562,0.13671415157509975
2025-12-22,206.82000732421875,207.67999267578125,205.2899932861328,205.2899932861328,782400,MTB,198.30475158691405,189.47710052490234,185.40875343322753,0.004858614150298646,0.011612845570686802,-0.041605875028371916,79.48621228552649,4.951853059811185,4.36855593280708,198.30475158691405,211.75836922867376,184.85113394515434,0.13568628622459591
2025-12-23,206.4199981689453,208.25999450683594,205.8699951171875,207.3699951171875,707100,MTB,199.24700164794922,189.9515005493164,185.5849390411377,-0.0019340931298119646,0.011477883664025877,-0.04345949852113171,73.86107569928147,4.900127985598033,4.4748703433652715,199.24700164794922,212.1655486598707,186.32845463602774,0.12967369049545185
2025-12-24,207.24000549316406,208.1999969482422,205.25,207.0,247700,MTB,200.03000183105468,190.35550079345703,185.77793411254882,0.003972518803859293,0.01080158654665165,-0.03965962339235385,74.9678599667402,4.869174417869033,4.553731158266023,200.03000183105468,212.89010340071013,187.16990026139922,0.12858172726026465
2025-12-26,207.27999877929688,207.85000610351562,205.8300018310547,207.25999450683594,378800,MTB,200.88200149536132,190.80050079345702,185.96669555664062,0.00019298053017147154,0.010533086998684014,-0.03947429639733102,76.51412549956683,4.792624227597685,4.6015097721323555,200.88200149536132,213.2599604097325,188.50404258099013,0.12323611694656496
2025-12-29,204.67999267578125,207.50999450683594,204.14999389648438,207.5,629900,MTB,201.60500106811523,191.3215005493164,186.15033882141114,-0.012543449048762367,0.011158634695161374,-0.051522601620497675,67.73017870502639,4.47062431268759,4.5753326802434025,201.60500106811523,213.01190375407944,190.19809838215102,0.11316090995292544
2025-12-30,203.5500030517578,205.5,203.33999633789062,205.5,496100,MTB,202.27150115966796,191.77910064697267,186.30311042785644,-0.00552076248025557,0.011322800959641152,-0.05675892005484164,62.204712957312736,4.077256269030357,4.475717398000794,202.27150115966796,212.35888933514963,192.1841129841863,0.09974107195179154
2025-12-31,201.47999572753906,204.42999267578125,201.32000732421875,203.80999755859375,787900,MTB,202.79650115966797,192.16730041503905,186.44636940002442,-0.010169527355361363,0.011722991850074546,-0.06635123602004457,41.900295113787166,3.557468684528999,4.292067655306434,202.79650115966797,211.3921431018178,194.20085921751814,0.08477110692735483
2026-01-02,204.0399932861328,204.9199981689453,199.6199951171875,200.9600067138672,965100,MTB,203.21700057983398,192.61410034179687,186.60533477783204,0.012705963931305853,0.010850349839828216,-0.05448832850040705,45.86355989195582,3.31390307531143,4.096434739307433,203.21700057983398,211.1324118691315,195.30158929053647,0.07790107389354892
2026-01-05,209.4499969482422,211.3000030517578,203.82000732421875,203.97000122070312,981500,MTB,203.91100006103517,193.16070037841797,186.78036491394042,0.02651442775986923,0.01211315886359522,-0.02941862759031787,61.605283309985374,3.5168772852914287,3.9805232485042326,203.91100006103517,211.4272460123486,196.39475410972173,0.07372084830208919
2026-01-06,211.3300018310547,211.99000549316406,208.00999450683594,208.1300048828125,922700,MTB,204.7220001220703,193.76550048828125,186.96553398132323,0.008975912677034126,0.012089782589778155,-0.02070677394561256,63.14533165111096,3.785796189342989,3.9415778366719842,204.7220001220703,211.72238885797788,197.72161138616275,0.06838921788311385
2026-01-07,209.5500030517578,211.77999877929688,207.8699951171875,209.92999267578125,1208100,MTB,205.40450057983398,194.25190063476563,187.13520210266114,-0.00842283993694315,0.01240835132027953,-0.028955204040001344,60.364472873951684,3.811350457253212,3.91553236078823,205.40450057983398,211.36827777577614,199.44072338389182,0.05806861270426967
2026-01-08,213.61000061035156,215.49000549316406,208.74000549316406,208.74000549316406,1370200,MTB,206.2020004272461,194.86570068359376,187.30492385864258,0.019374838938040817,0.01286168263792158,-0.010141367516653751,63.200568829376465,4.111811863198852,3.954788261270355,206.2020004272461,212.07028109920506,200.33371975528715,0.05691778605251167
2026-01-09,211.67999267578125,214.7899932861328,211.5800018310547,213.5500030517578,1148700,MTB,206.55599975585938,195.47110046386717,187.46189208984376,-0.009035194649387512,0.010869027782383639,-0.019084932936517324,64.40370200666037,4.146397096857783,3.9931100283878407,206.55599975585938,212.85570924760384,200.2562902641149,0.060997593865009594
2026-01-12,211.5500030517578,211.86000061035156,209.07000732421875,209.77999877929688,1175900,MTB,206.84599990844725,196.07530059814454,187.62210205078125,-0.0006140855466796324,0.010841792564012858,-0.019687298701721246,61.1003349128133,4.115871858670118,4.017662394444296,206.84599990844725,213.51278395166455,200.17921586522996,0.0644613291643841
2026-01-13,209.16000366210938,213.97999572753906,208.61000061035156,212.82000732421875,1145100,MTB,207.11200027465821,196.60250061035157,187.78282501220704,-0.011297562539215322,0.010955479341111908,-0.030762442752625713,54.30146192597247,3.8543963291930368,3.985009181394045,207.11200027465821,213.69782199989788,200.52617854941855,0.06359671787734161
