Date,Close,High,Low,Open,Volume,symbol,sma_20,sma_50,sma_200,daily_return,volatility,drawdown,rsi,macd,macd_signal,bb_middle,bb_upper,bb_lower,bb_width
2023-12-14,48.32576370239258,48.64560300177105,47.3982312593091,48.36574456801119,391232000,NVDA,47.76170806884765,45.872886657714844,39.28954176902771,0.0054481611573133915,0.018405961883923277,-0.04076171112184996,52.736704508750215,0.35616720674227054,0.3956504916904831,47.76170806884765,50.47721605127268,45.04620008642263,0.11371067293115511
2023-12-15,48.86549758911133,49.379239930936926,48.095883026170014,48.16984725179435,479948000,NVDA,47.73243999481201,45.95696304321289,39.417409353256225,0.011168657158583617,0.01837351822192784,-0.03004830753998345,53.065690209488416,0.4484161797684578,0.4062036293060781,47.73243999481201,50.38313642406286,45.08174356556116,0.11106477814831806
2023-12-18,50.051902770996094,50.40772334929845,49.12536921258584,49.37524392106738,412587000,NVDA,47.77158679962158,46.04330017089844,39.54833169937134,0.02427899520968202,0.019160391655939794,-0.006498855045123674,59.9099242318007,0.6102228691015057,0.44700747726516366,47.77158679962158,50.53841107819701,45.00476252104615,0.11583556100746248
2023-12-19,49.57913589477539,49.675088445454506,48.870491649793216,49.39922581544832,464444000,NVDA,47.73157806396485,46.129956283569335,39.67856861114502,-0.009445532538168822,0.01859131087215007,-0.015883002436502883,56.35166439090113,0.6923267880644772,0.49607133942502635,47.73157806396485,50.35927467738857,45.103881450541124,0.11010306886993595
2023-12-20,48.08688354492188,49.97393763852956,48.07388957337245,49.63010830567033,397894000,NVDA,47.640193176269534,46.17627349853515,39.8026532459259,-0.030098393667461254,0.019654374157270133,-0.04550334324400903,55.757720116985816,0.6297233828412985,0.5228017481082807,47.640193176269534,50.06773102335205,45.212655329187015,0.10191133516611015
2023-12-21,48.965450286865234,49.07039720846896,48.39473348540278,48.78653913884223,300425000,NVDA,47.65410041809082,46.22001388549805,39.926669178009035,0.01827040301171956,0.01935943677234659,-0.028064304651738044,58.87744353702411,0.643583892262015,0.5469581769390276,47.65410041809082,50.109918817955936,45.198282018225704,0.1030685031642238
2023-12-22,48.80552673339844,49.35824714312231,48.442705904447216,49.17034164902082,252507000,NVDA,47.706983757019046,46.2577774810791,40.053607606887816,-0.0032660488677196398,0.018822737313621066,-0.031238694129026502,64.50257121076538,0.6343515419046852,0.5644368499321591,47.706983757019046,50.216272514308436,45.197694999729656,0.10519586692253219
2023-12-26,49.25429916381836,49.575137414586,48.93545881250647,48.94345422311468,244200000,NVDA,47.759019470214845,46.33417900085449,40.185143070220946,0.009195114989155817,0.01880988546103573,-0.022330822524498053,62.50340799435446,0.6556886516935094,0.5826872102844293,47.759019470214845,50.35423384171205,45.16380509871764,0.1086795499692252
2023-12-27,49.392234802246094,49.65510348950808,49.06040044987627,49.486189463877416,233648000,NVDA,47.83898983001709,46.40066665649414,40.3173632144928,0.002800479161604974,0.018664551095718407,-0.01959288036603436,69.71983139888164,0.6759369379075508,0.6013371558090537,47.83898983001709,50.535195660181394,45.14278399985279,0.11272001519030986
2023-12-28,49.4971809387207,49.85899903094536,49.38723545621996,49.61812249458572,246587000,NVDA,47.90826644897461,46.51236785888672,40.444627351760865,0.002124749708021678,0.01862993073201311,-0.01750976062484974,66.37192218164736,0.6924697663363801,0.619563677914519,47.90826644897461,50.70335680227948,45.113176095669736,0.11668509676850124
2023-12-29,49.4971809387207,49.97194517562977,48.726567424201626,49.78803546733378,389293000,NVDA,48.04600296020508,46.658888549804686,40.5710671043396,0.0,0.01725008061169033,-0.01750976062484974,62.55913803622491,0.6975314436941673,0.6351572310704487,48.04600296020508,50.87054256469982,45.22146335571034,0.11757646549013501
2024-01-02,48.143856048583984,49.27029006493009,47.57114520519551,49.21931693922932,411254000,NVDA,48.116322898864745,46.780241622924805,40.68418031692505,-0.027341453886276512,0.01853601994654057,-0.044372472198442224,59.06360626297773,0.5855905279528173,0.6252438904469225,48.116322898864745,50.87290352041111,45.35974227731838,0.11457985379890287
2024-01-03,47.5451545715332,48.15984414549974,47.29627884269962,47.46119704558236,320896000,NVDA,48.21942081451416,46.903892288208006,40.79338073730469,-0.01243567769990439,0.017628837392090282,-0.05625634813533878,49.454751310980456,0.4434544729724621,0.5888860069520304,48.21942081451416,50.70196166845745,45.73687996057087,0.10296850571859381
2024-01-04,47.97394561767578,48.47569292887805,47.48418951664503,47.74305858328899,306535000,NVDA,48.29098491668701,47.00437751770019,40.9038507938385,0.009018606627883674,0.017015293241059347,-0.04774509538160911,49.442222142328674,0.36124625724740866,0.5433580570111061,48.29098491668701,50.649423650907806,45.93254618246621,0.09767614962874101
2024-01-05,49.0723876953125,49.522162871947465,48.28178385920585,48.43770769973895,415039000,NVDA,48.470594596862796,47.11307975769043,41.01831922531128,0.022896638237568823,0.0166200181398897,-0.02594165932061128,54.19425182868892,0.3803463536019578,0.5107557163292764,48.470594596862796,50.443327699438846,46.497861494286745,0.081399170733661
2024-01-08,52.22680282592773,52.24879496910245,49.454195229050725,49.48717963102791,642510000,NVDA,48.75330219268799,47.32252792358398,41.14721575736999,0.06428085688841545,0.021032605784243832,0.0,64.5950245341298,0.6426106406114229,0.5371267011857057,48.75330219268799,51.15478852284435,46.35181586253163,0.09851584291316103
2024-01-09,53.11336898803711,54.29777651370217,51.66409487363166,52.37474091414494,773100000,NVDA,49.03486099243164,47.578750381469725,41.27693294525147,0.016975309881868794,0.02095343400473243,0.0,63.6484877303149,0.911488386777279,0.6119990383040204,49.03486099243164,52.05070880129898,46.0190131835643,0.12300831481230579
2024-01-10,54.32276153564453,54.57263625073542,53.46219295586695,53.58913202583644,533796000,NVDA,49.42081756591797,47.85568267822266,41.414755506515505,0.022770021383501815,0.020457893173994827,0.0,69.84443466373972,1.2082360163542418,0.7312464339140647,49.42081756591797,53.04165243138654,45.799982700449405,0.14653075541047297
2024-01-11,54.79452133178711,55.31826077256672,53.53315663291465,54.971434569987615,596759000,NVDA,49.77888793945313,48.128837966918944,41.55617588043213,0.008684385381126702,0.02018591009464263,0.0,80.68021176443492,1.464594786611329,0.8779161044535176,49.77888793945313,54.01882672037122,45.53894915853503,0.17035088393598513
2024-01-12,54.682579040527344,54.94245086657465,54.30277223751264,54.59262399501641,352994000,NVDA,50.1098217010498,48.40736991882324,41.69764108657837,-0.0020429467862661532,0.020285130387706827,-0.0020429467862661346,78.12187695966969,1.639825266722383,1.0302979369072909,50.1098217010498,54.79587731694609,45.42376608515352,0.18703142245657256
2024-01-16,56.3537483215332,56.806520449692094,54.87249247128063,54.99043337485482,449580000,NVDA,50.511220932006836,48.68844337463379,41.844594373703,0.030561273998567007,0.020971542072459787,0.0,82.32322225797863,1.8917392861862368,1.2025862067630801,50.511220932006836,55.87949296046398,45.142948903549694,0.21255760321784237
2024-01-17,56.0249137878418,56.44270360003648,54.71257199394214,56.31876518619403,474394000,NVDA,50.86919174194336,48.93933418273926,41.98791003227234,-0.005835184765620172,0.021176567246802797,-0.005835184765620214,79.29424168662115,2.041317722837114,1.370332509977887,50.86919174194336,56.70946351439585,45.02891996949087,0.22961920850167503
2024-01-18,57.0783805847168,57.57113355960741,56.07888171171816,57.23130379027645,491650000,NVDA,51.22051563262939,49.18133201599121,42.13452454566956,0.018803541596946083,0.020976824126253145,0.0,80.81421792105267,2.2192831630084626,1.5401226405840023,51.22051563262939,57.66761491649922,44.77341634875957,0.2517389450004982
2024-01-19,59.461185455322266,59.470179816121735,57.19631847450879,57.95993551231964,543501000,NVDA,51.71461811065674,49.45607482910156,42.29211380004883,0.04174618912092054,0.021989512244827963,0.0,83.77717752543501,2.523505099680939,1.7367991324033898,51.71461811065674,59.081198979951076,44.3480372413624,0.28489356156635026
2024-01-22,59.62410354614258,60.30076621768796,59.04039658553907,60.018906048230285,452955000,NVDA,52.29147911071777,49.72999824523926,42.453075666427615,0.0027399065385724786,0.02002692922972444,0.0,83.95441045934876,2.746094041929304,1.9386581143085726,52.29147911071777,60.24542642073754,44.33753180069801,0.3042158089725753
2024-01-23,59.842994689941406,59.87997489614632,58.555638180668645,59.54014514062131,294654000,NVDA,52.83535633087158,49.99592681884766,42.617989749908446,0.0036711854901001484,0.02001393896111143,0.0,92.45557325964985,2.9066539706385726,2.1322572855745725,52.83535633087158,61.30271708035919,44.36799558138398,0.32051873357160054
2024-01-24,61.331241607666016,62.817495755989306,59.907955605865006,60.27377327574576,560271000,NVDA,53.46164207458496,50.2841047668457,42.78956569671631,0.024869191881781827,0.02000141937593695,0.0,96.99490303596795,3.1180450766464887,2.329414843788956,53.46164207458496,62.50717373322621,44.416110415943706,0.33839333427213947
2024-01-25,61.58612060546875,62.687569516767255,60.81950289051068,62.31875115055073,482777000,NVDA,54.07823314666748,50.54969657897949,42.95970813751221,0.004155777563304319,0.02006592938303776,0.0,96.95884450461699,3.2684638395640633,2.5172246429439777,54.07823314666748,63.5856211904011,44.57084510293386,0.35161607510172527
2024-01-26,61.00041198730469,61.75203783033358,60.54264514796327,60.92944842366768,390309000,NVDA,54.65864200592041,50.79787757873535,43.12897044181824,-0.009510399622606691,0.020527836393111572,-0.00951039962260673,92.65799444152496,3.302342651915872,2.6742482447383567,54.65864200592041,64.37650424383838,44.940779768002436,0.3555837423427158
2024-01-29,62.433692932128906,62.45767916479008,60.8764751379027,61.20130919891072,348733000,NVDA,55.30546760559082,51.05401657104492,43.308766536712646,0.023496250240449434,0.02060820605649829,0.0,91.62726686910307,3.4055881483379764,2.820516225458281,55.30546760559082,65.29512636575097,45.31580884543067,0.3612539299514141
2024-01-30,62.74253845214844,63.461179887339625,62.22879610932244,62.86847856975012,410735000,NVDA,55.96773548126221,51.33168327331543,43.490266752243045,0.004946776420149845,0.020487511459222948,0.0,91.21320740607948,3.4723056226493085,2.950874104896487,55.96773548126221,66.09139140686914,45.844079555655284,0.36176757335469784
2024-01-31,61.49616622924805,62.23779495619412,60.66958101504,61.40920802958089,453795000,NVDA,56.63535099029541,51.57258941650391,43.66406125068664,-0.01986486765834239,0.019785716898479293,-0.019864867658342444,80.60556030620127,3.385581009269842,3.037815485771158,56.63535099029541,66.33891725794338,46.931784722647436,0.3426681780187325
2024-02-01,62.995418548583984,63.15933783476894,61.619109640583545,62.06888110214667,369146000,NVDA,57.40786418914795,51.84711845397949,43.84413293838501,0.02437960626272151,0.019042688051836704,0.0,82.16892796176987,3.3986507307085105,3.1099825347586285,57.40786418914795,66.50545724899001,48.310271129305896,0.3169458814864537
2024-02-02,66.12684631347656,66.56662061369005,63.658079168244704,63.94193723275367,476578000,NVDA,58.31550922393799,52.162069168090824,44.03653935432434,0.049708817514682035,0.02055793134013023,0.0,86.29391133001113,3.6199599839557806,3.211978024598059,58.31550922393799,67.06566575823015,49.56535268964582,0.30009706339665493
2024-02-05,69.29725646972656,69.46217469854224,67.17132346877767,68.19080896214494,680078000,NVDA,59.32675266265869,52.54972267150879,44.24347884178162,0.0479443725657287,0.021707185139546822,0.0,87.48408364551078,4.005007531198451,3.3705839259181376,59.32675266265869,68.2521286465983,50.40137667871909,0.3008887418696487
2024-02-06,68.18881225585938,69.71904328530657,66.26677937017486,69.59510487406826,683111000,NVDA,60.12485313415527,52.93975280761719,44.44900791168213,-0.01599549924969146,0.01997897595928993,-0.015995499249691455,83.70444203683641,4.172618948231673,3.530990930380845,60.12485313415527,69.2298965423242,51.01980972598635,0.30287120661577466
2024-02-07,70.0638656616211,70.1848072130282,67.56611760223609,68.28475901119934,495575000,NVDA,60.972377967834475,53.38607292175293,44.66383728027344,0.027497962550309785,0.020209482021474524,0.0,84.41406953729354,4.405964131287327,3.7059855705621416,60.972377967834475,70.47629092012988,51.46846501553907,0.3117448677271248
2024-02-08,69.60609436035156,70.75851634793179,69.42019057387394,70.03887599609345,414422000,NVDA,61.736544609069824,53.813923110961916,44.87676251411438,-0.006533628953337756,0.020608903014787433,-0.006533628953337709,79.94099677265586,4.502056645189342,3.865199785487582,61.736544609069824,71.444765364399,52.028323853740645,0.31450483070615287
2024-02-09,72.09685516357422,72.14882343134643,70.17681258949254,70.49765087243433,436637000,NVDA,62.60166130065918,54.300003662109376,45.10614345550537,0.035783659837714143,0.021214923814555225,0.0,82.36423462037719,4.724730483458664,4.037105925081799,62.60166130065918,72.77759962195708,52.42572297936128,0.3251012228709256
2024-02-12,72.21179962158203,74.57361455049684,71.21429859372377,72.56362062091156,613710000,NVDA,63.478122329711915,54.78200668334961,45.33252687454224,0.0015943061281524784,0.021085116496971045,0.0,82.2685841467138,4.854516319397263,4.200588003944892,63.478122329711915,73.80071267587837,53.15553198354545,0.32523300839145375
2024-02-13,72.09185791015625,73.41319410596859,69.58511896051495,70.36472691376362,602580000,NVDA,64.26502780914306,55.28899482727051,45.556961641311645,-0.0016609710885799878,0.021000675650869802,-0.0016609710885800181,80.23138847014437,4.891310255823491,4.338732454320612,64.26502780914306,74.699744362733,53.83031125555313,0.324740124117876
2024-02-14,73.86297607421875,74.19880626705748,71.9019610905451,73.1653277390137,504917000,NVDA,65.15693092346191,55.83150520324707,45.78763899803162,0.02456752004185736,0.020694367418167582,0.0,81.78337047297642,5.005681766044759,4.472122316665441,65.15693092346191,75.67515599775203,54.63870584917181,0.32285821094445305
2024-02-15,72.62157440185547,73.93791554498753,72.36370812701128,73.83197350109086,420122000,NVDA,65.93409061431885,56.37427276611328,46.00630885124207,-0.016806819036317977,0.021773708141029205,-0.016806819036318008,79.09797201781934,4.939215074935063,4.565540868319365,65.93409061431885,76.23366047627039,55.63452075236731,0.3124201688682968
2024-02-16,72.57661437988281,74.36471942022467,72.46467098835652,74.06286879282843,495327000,NVDA,66.58986206054688,56.89495178222656,46.228251218795776,-0.0006191000724367068,0.020801021002135277,-0.017415514005871897,77.29423382510542,4.827266126302192,4.617885919915931,66.58986206054688,76.82405972643011,56.355664394663656,0.3073800530350333
2024-02-20,69.41719818115234,71.91994112607156,67.70005682448759,71.91094295214619,704833000,NVDA,67.07951679229737,57.37369186401367,46.43643491744995,-0.04353215186083703,0.024003385201669176,-0.0601895310662708,65.57224176231026,4.43251205523751,4.580811146980247,67.07951679229737,76.83641569121016,57.32261789338457,0.29090546162172615
2024-02-21,67.43819427490234,68.85348517508466,66.21480851806203,67.97192330584859,673755000,NVDA,67.4592767715454,57.79100273132324,46.63592266082764,-0.028508841585417444,0.025343250641691104,-0.08698243884541937,63.404740165245734,3.914849584756766,4.447618834535551,67.4592767715454,76.60215615387291,58.3163973892179,0.27106366447687774
2024-02-22,78.49864196777344,78.53561836150196,74.1828051803666,74.98740205219113,865100000,NVDA,68.31764678955078,58.41133171081543,46.885126981735226,0.16400865728677028,0.043385522579702324,0.0,74.43368610402517,4.3469748203099385,4.427490031690429,68.31764678955078,78.22927678305615,58.40601679604541,0.2901630972166729
2024-02-23,78.77749633789062,82.35269930987084,77.53111971760488,80.74950699510057,829388000,NVDA,69.17721557617188,59.05480903625488,47.133372383117674,0.0035523464244344716,0.04339239098998836,0.0,71.9077629624932,4.658241096261975,4.473640244604738,69.17721557617188,79.59945678566426,58.754974366679484,0.30132005524322764
2024-02-26,79.0523681640625,80.60559027528652,78.46565670997347,79.66005756473585,503973000,NVDA,70.07981338500977,59.683194122314454,47.38588990211487,0.0034892175932184077,0.043130522520195946,0.0,68.77644752083495,4.870952414309187,4.553102678545628,70.07981338500977,80.64614170013996,59.51348506987958,0.30155126861083664
2024-02-27,78.66155242919922,79.44016895851776,77.12332991849851,79.34121192660028,391705000,NVDA,70.89120635986328,60.29514709472656,47.634884557724,-0.004943757460272313,0.04326514579406651,-0.004943757460272361,70.73041369217967,4.950920967669816,4.632666336370466,70.89120635986328,81.47759844592905,60.30481427379751,0.29866587492745794
2024-02-28,77.62406921386719,78.89342920209931,77.08633690245391,77.58109150200869,393110000,NVDA,71.63528289794922,60.88111320495605,47.880225610733035,-0.013189203407418582,0.04361929948502866,-0.018067756644950486,65.47839699495128,4.874391447083468,4.681011358513066,71.63528289794922,81.89709989412854,61.3734659017699,0.28650175112166965
2024-02-29,79.07235717773438,79.94991557245726,78.31073797222054,79.05436845454679,507289000,NVDA,72.51409244537354,61.48525039672852,48.133997173309325,0.01865771761947843,0.04300559526335244,0.0,68.62535058702875,4.8744167434900305,4.71969243550846,72.51409244537354,82.10861369898194,62.91957119176513,0.2646250109476629
2024-03-01,82.23776245117188,82.25875564759677,79.39518604793354,79.95990531943471,479135000,NVDA,73.47620964050293,62.12896759033203,48.40053316116333,0.04003175555172178,0.04335557402172957,0.0,69.43674218085795,5.071398615837879,4.790033671574344,73.47620964050293,82.90954020815336,64.0428790728525,0.25677237880954634
2024-03-04,85.19427490234375,87.65104302544864,83.67703804923654,84.08782752325428,615616000,NVDA,74.4295810699463,62.8412703704834,48.68055269241333,0.03595078906636462,0.04286981903532805,0.0,72.43888589845398,5.403782573288353,4.9127834519171465,74.4295810699463,84.56356004753755,64.29560209235504,0.27231052041170833
2024-03-05,85.9249496459961,86.05789246708638,83.37910949267872,85.23126463609206,520639000,NVDA,75.26096572875977,63.59803169250488,48.95940434455871,0.008576570954913265,0.04210513929121074,0.0,73.41476208937053,5.660903230917967,5.062407407717311,75.26096572875977,86.30910918785682,64.21282226966272,0.29359558044775863
2024-03-06,88.65970611572266,89.68324305114874,86.99046652196165,87.98202031125847,582520000,NVDA,76.28451042175293,64.39191680908203,49.24443557739258,0.0318272688083443,0.041812660103188314,0.0,74.25463504311449,6.01599653313113,5.253125232800075,76.28451042175293,88.32260797587912,64.24641286762673,0.31561053449963467
2024-03-07,92.62689971923828,92.7248547713437,89.56129169773,90.11703886606276,608119000,NVDA,77.41266212463378,65.26834426879883,49.55137118339539,0.04474629769624383,0.04228125109964087,0.0,80.10249463303752,6.542116455850589,5.510923477410178,77.41266212463378,91.1107046805857,63.71461956868187,0.3538966928665539
2024-03-08,87.48823547363281,97.35575222228928,86.46669660091352,95.09477882297772,1142269000,NVDA,78.30676918029785,66.03302299499512,49.83305313110352,-0.05547701867579824,0.044918168840057206,-0.0554770186757982,69.45549584789305,6.469842706698145,5.702707323267772,78.30676918029785,92.19245955314418,64.42107880745152,0.3546485321307317
2024-03-11,85.73503112792969,88.75665264185574,84.1277600056999,86.38973231212468,678364000,NVDA,78.98867797851562,66.75987892150879,50.10840718269348,-0.02003931541437365,0.04512273826794406,-0.07440461261467847,72.1011962567454,6.199630816318091,5.802092021877836,78.98867797851562,92.92971877373185,65.0476371832994,0.3529883307835103
2024-03-12,91.87125396728516,91.9182296909345,86.11087110664366,88.00901063110172,668075000,NVDA,79.97165069580078,67.60736038208007,50.41519174575806,0.0715719439140261,0.04713652037015754,-0.008157951461654935,79.74317051949895,6.406774538204601,5.923028525143189,79.97165069580078,94.6534325626993,65.28986882890226,0.36717466099944945
2024-03-13,90.8467025756836,91.462419991766,88.39481424748416,91.0136265107917,635713000,NVDA,80.90939292907714,68.43435081481934,50.679672412872314,-0.01115203447605495,0.04734039277501794,-0.01921900818175551,69.89216466366628,6.414324357011239,6.021287691516799,80.90939292907714,95.86528121403876,65.95350464411553,0.3696947349010892
2024-03-14,87.904052734375,90.60482886063096,86.56066146107706,89.5363141970595,602318000,NVDA,81.61144676208497,69.22955474853515,50.92461353302002,-0.03239137753907029,0.04828859747125061,-0.05098785557088405,63.540364965354364,6.112400445863486,6.039510242386138,81.61144676208497,96.49265361024219,66.73023991392775,0.3646843044343806
2024-03-15,87.7970962524414,89.5053195385714,86.2178197951128,86.89051059382359,642086000,NVDA,82.37022285461425,70.03459358215332,51.16319938659668,-0.0012167411923178495,0.04796142236491029,-0.05214255773902084,63.03884137713874,5.797661246879926,5.991140443284896,82.37022285461425,96.86391395665292,67.87653175257559,0.3519157918904854
2024-03-18,88.41481018066406,92.3630123531095,87.04542992766956,90.34693053361582,668976000,NVDA,83.16213264465333,70.84341087341309,51.41625,0.007035698839589877,0.04789795722023285,-0.04547371823240871,64.44487231377346,5.534276817484596,5.899767718124836,83.16213264465333,97.12372269918254,69.20054259012412,0.3357679657924653
2024-03-19,89.35739135742188,90.50286685393166,84.97138422754449,86.66061131736247,672171000,NVDA,84.1591423034668,71.64911094665527,51.66434103012085,0.010660896911182327,0.04615478420572871,-0.03529761194347025,67.42639466906948,5.340044474452014,5.787823069390273,84.1591423034668,96.77054839359276,71.54773621334083,0.2997037694288969
2024-03-20,90.33094787597656,90.36893262675872,88.18292203943432,89.7562045087411,479063000,NVDA,85.30377998352051,72.41119384765625,51.91951313018799,0.010895086615281269,0.04508871607942895,-0.02478709586762578,66.96048882346396,5.204675557892941,5.671193567090807,85.30377998352051,95.43734172694207,75.17021824009896,0.23758763668806268
2024-03-21,91.3934555053711,92.60590946151324,90.3639246898217,92.25806799689252,480372000,NVDA,85.94852066040039,73.17679557800292,52.180777130126955,0.011762387690798404,0.028531202689314313,-0.013316263608151462,64.72556606776445,5.124063191333761,5.561767491939398,85.94852066040039,95.89822082384188,75.9988204969589,0.2315269672355322
2024-03-22,94.24616241455078,94.73493865721083,90.7927303211633,91.0995900463856,586719000,NVDA,86.72195396423339,73.97526359558105,52.45888767242432,0.031213470301624024,0.02897042378526681,0.0,64.6073860778055,5.2300778348891015,5.49542956052934,86.72195396423339,96.729286231,76.71462169746678,0.23079120820764532
2024-03-25,94.9588394165039,96.72203796887116,93.46752046670314,93.89832441902516,552136000,NVDA,87.51727752685547,74.77854995727539,52.74643268585205,0.007561867599641392,0.02894098510519873,0.0,64.58681550657737,5.310387440851628,5.458421136593798,87.51727752685547,97.48638523052928,77.54816982318165,0.22782033411893332
2024-03-26,92.5189437866211,96.3312139619878,92.45997248331167,95.80744995656973,513648000,NVDA,88.21014709472657,75.53527725219726,53.016606674194335,-0.025694244420796486,0.02984771543282145,-0.02569424442079646,56.29132961205138,5.118155287687998,5.390367966812638,88.21014709472657,97.4901334665696,78.93016072288353,0.21040632347835228
2024-03-27,90.20899963378906,93.1976391484463,89.08251272541551,93.06969894575072,586067000,NVDA,88.83939361572266,76.21238227844238,53.27393182754517,-0.024967255983374792,0.030410441755482683,-0.05001998562641782,45.833194185176,4.724950445665073,5.257284462583125,88.83939361572266,96.69429542330549,80.98449180813982,0.17683375556477654
2024-03-28,90.31495666503906,91.25852807692272,89.15248296936366,89.95911557929476,435212000,NVDA,89.40152359008789,76.89818313598633,53.52822916030884,0.0011745727330991773,0.03033847715115841,-0.048904165004545475,55.893637612486934,4.3714907976196,5.08012572959042,89.40152359008789,95.78464318381351,83.01840399636227,0.14279666245941544
2024-04-01,90.32195281982422,92.1831065440158,89.16348269596169,90.25798652750392,452441000,NVDA,89.80573310852051,77.56305458068847,53.774866638183596,7.74639665841459e-05,0.029355642416596602,-0.048830489348564994,60.31468153549218,4.045304261810486,4.873161436034433,89.80573310852051,95.23072468101456,84.38074153602646,0.12081615248190303
2024-04-02,89.41136169433594,90.0530682986896,87.5801933164325,88.40781242384669,433064000,NVDA,90.01658744812012,78.16205810546874,54.00708274841308,-0.01008161468015134,0.028604947771910933,-0.05841981385046092,42.76897213247625,3.671004928738057,4.632730134575159,90.01658744812012,94.9964590463845,85.03671584985574,0.11064342116133796
2024-04-03,88.92359161376953,90.3329548866708,88.35985240535257,88.44381388856061,370067000,NVDA,90.1665195465088,78.7480478668213,54.23857885360718,-0.005455347858742021,0.028627988443053795,-0.06355646130280575,44.16266342578612,3.297005217724589,4.365585151205044,90.1665195465088,94.79593061965484,85.53710847336275,0.10268581057424865
2024-04-04,85.86597442626953,90.59283007199303,85.84098425791797,90.36492919277832,434965000,NVDA,90.02683296203614,79.26850746154786,54.45459201812744,-0.03438476935097767,0.028837332567135165,-0.09575585639112212,43.85657311145995,2.7225003098909752,4.036968182942231,90.02683296203614,95.00326853863486,85.05039738543742,0.11055449609556421
2024-04-05,87.968017578125,88.44080224771263,85.88696278429457,86.82653051798945,399678000,NVDA,89.79388885498047,79.80124298095703,54.67553915023804,0.024480513566644824,0.027460795333692483,-0.07361949536594586,50.45989720210556,2.4090483365523454,3.711384213664254,89.79388885498047,94.69343645989814,84.8943412500628,0.10912875402535627
2024-04-08,87.09341430664062,88.78964187058105,86.69259552509367,88.65969605555898,283220000,NVDA,89.77414779663086,80.31138885498046,54.89592571258545,-0.009942286930674893,0.02454596222915914,-0.08282983615000107,46.49300780294526,2.066243841920169,3.3823561393154375,89.77414779663086,94.71581112335278,84.83248446990893,0.1100910105638982
2024-04-09,85.3152084350586,87.59517772557601,82.98427507127602,87.40226463843116,501700000,NVDA,89.7531566619873,80.79768478393555,55.10752119064331,-0.020417225409504303,0.024562385310489265,-0.10155590612419851,39.727653904781626,1.632266702900722,3.0323382520324946,89.7531566619873,94.77005520647097,84.73625811750364,0.11179325008873917
2024-04-10,86.99945831298828,87.36029436616496,83.67096935278308,83.88787363370758,431929000,NVDA,89.50956687927246,81.28900009155274,55.331615142822265,0.019741496373553602,0.01863719718238352,-0.08381927530310863,41.82888267715268,1.408010909567622,2.7074727835395205,89.50956687927246,94.56637752453118,84.45275623401373,0.11298927749430808
2024-04-11,90.57483673095705,90.69778195869354,86.88651802850721,87.38028930692866,431637000,NVDA,89.49597358703613,81.8456460571289,55.58146570205688,0.041096559533807975,0.020893978253205422,-0.04616739960687555,48.21251628423023,1.5014815901894139,2.466274544869499,89.49597358703613,94.53909309925378,84.45285407481849,0.11270047824694898
2024-04-12,88.14593505859375,90.13403751700548,87.49023484155897,89.65824820701377,426805000,NVDA,89.50806770324706,82.37864143371581,55.812955951690675,-0.0268165172582987,0.02047120942072347,-0.07174586799684568,36.42875789126361,1.3638441656425897,2.2457884690241174,89.50806770324706,94.53625090853319,84.47988449796094,0.1123515082898772
2024-04-15,85.96192169189453,90.5718255697764,85.88995581094821,89.05751457655467,443077000,NVDA,89.41630897521972,82.83797149658203,56.037318572998046,-0.02477724429660233,0.021229146432239464,-0.09474544739481836,31.21428425780077,1.0662429044445076,2.0098793561081956,89.41630897521972,94.63916985868403,84.19344809175541,0.11682121401167964
2024-04-16,87.37528991699219,88.07796585968008,86.02490572525448,86.39373376393459,370453000,NVDA,89.36433296203613,83.26294036865234,56.27022205352783,0.01644179419538183,0.02151511204304697,-0.07986143834645154,38.77893814600802,0.9336759296738109,1.7946386708213187,89.36433296203613,94.64947676687595,84.07918915719631,0.11828306953480111
2024-04-17,83.996826171875,88.73467063272588,83.91185807695048,88.29986306960333,495400000,NVDA,89.09630470275879,83.55693176269531,56.478838176727294,-0.03866612343520437,0.02296244712005786,-0.11543962954883905,37.051583626361904,0.5496656543350014,1.5456440675240553,89.09630470275879,94.90109105688252,83.29151834863505,0.13030363882070173
2024-04-18,84.63253021240234,86.15084492565727,82.36456386223763,84.93139797129201,447260000,NVDA,88.81138381958007,83.88580612182618,56.69007822036743,0.007568191198398022,0.02286958929052408,-0.10874510753873898,38.411680816377604,0.2932503403727793,1.2951653220938002,88.81138381958007,94.91282761201246,82.70994002714768,0.13740229078802435
2024-04-19,76.16539001464844,84.28570097395453,75.57166564195786,83.11223818340684,875198000,NVDA,88.04998054504395,84.00783660888672,56.85946220397949,-0.10004593005200146,0.031213467860797112,-0.1979115321684224,28.53638601188804,-0.5864281161463509,0.9188466344457701,88.04998054504395,96.23842611268212,79.86153497740578,0.18599539754467487
2024-04-22,79.48187255859375,80.03662072603697,76.36529285459991,78.0685134774025,596341000,NVDA,87.3117660522461,84.20535217285156,57.046497898101805,0.04354317024185761,0.0321488276521074,-0.16298605746460135,35.96893297834082,-1.004389232521575,0.5341994610523011,87.3117660522461,95.80462541609748,78.81890668839472,0.19454100513255856
2024-04-23,82.38555908203125,82.7314025960764,80.22754314018754,80.73231101825336,438559000,NVDA,86.68310203552247,84.41112625122071,57.24605339050293,0.03653268890081707,0.033509741140675176,-0.13240768749630918,41.35177635375335,-1.0887725015154643,0.20960506853874802,86.68310203552247,94.63687043710868,78.72933363393625,0.1835137002440634
2024-04-24,79.64081573486328,84.04381393377481,79.14703679619026,83.91187010061775,512208000,NVDA,86.03919563293456,84.55970657348632,57.433499088287356,-0.033315830805190405,0.033781391894261,-0.161312246187566,41.696906519067696,-1.3614309707119077,-0.1046021393113831,86.03919563293456,94.08826866586071,77.99012260000842,0.18710247053600013
2024-04-25,82.59446716308594,83.28514753299602,78.18746579696108,78.83216944223621,424641000,NVDA,85.65846900939941,84.76975875854492,57.63458879470825,0.03708715689271469,0.03486794571309568,-0.1302077018779258,42.991982672638805,-1.3239184782787135,-0.3484654071048492,85.65846900939941,93.59666213355187,77.72027588524695,0.1853452020787669
2024-04-26,87.69514465332031,88.2908745755535,83.34912027499209,83.77992423775144,551011000,NVDA,85.52747840881348,85.04640213012695,57.85370187759399,0.061755680076764685,0.03782922941585183,-0.0764930869818651,50.70684254412411,-0.8725493071709849,-0.4532821871180764,85.52747840881348,93.22495335371656,77.8300034639104,0.1800000441521228
2024-04-29,87.7171401977539,87.95202643323648,85.22726679197825,87.55521122388173,388971000,NVDA,85.39723777770996,85.34831344604493,58.06255689620971,0.00025081826959238995,0.03782945582108399,-0.07626145457598535,52.94293385900435,-0.5072142800272701,-0.46406860569991515,85.39723777770996,92.8369775006262,77.95749805479372,0.17423841605467325
2024-04-30,86.36275482177734,88.77865678653,86.26080377564183,87.20037162224358,363709000,NVDA,85.24480743408203,85.62403625488281,58.267178268432616,-0.015440373146265007,0.03791775178558157,-0.09052432240692021,49.21353058366522,-0.3232450519438146,-0.4359038949486951,85.24480743408203,92.45978507330317,78.0298297948609,0.16927664819467902
2024-05-01,83.00326538085938,85.96092040406639,81.21807385271738,85.0383433055248,559863000,NVDA,84.94879112243652,85.89575759887695,58.450045585632324,-0.03889974848360023,0.038848845256648216,-0.12590269751724287,40.59728880966506,-0.4434193722144215,-0.4374069904018404,84.94879112243652,92.01247259420137,77.88510965067167,0.1663044612744161
2024-05-02,85.77801513671875,86.19782250273573,83.16219963332766,84.41063276835533,377898000,NVDA,84.94439315795898,86.26255401611328,58.64162509918213,0.03342940477254075,0.03889818311692472,-0.09668214498196072,47.08445652198419,-0.3111722708511593,-0.41216004649170424,84.94439315795898,92.00577935108645,77.88300696483152,0.1662590297159792
2024-05-03,88.74866485595703,89.24043810826264,87.00045887297132,87.74911915331617,398341000,NVDA,84.98342552185059,86.46755447387696,58.85014146804809,0.034631830947632114,0.03928935035474264,-0.06539859373499822,53.3660231304428,0.032961159624548486,-0.3231358052684537,84.98342552185059,92.12337671009121,77.84347433360998,0.16803161662163926
2024-05-06,92.09813690185548,92.17810238522512,89.01453944248995,89.34938632493116,376203000,NVDA,85.23366165161133,86.73396728515625,59.083184967041014,0.03774109786704716,0.040018403830375054,-0.030125710594470802,55.449695652043786,0.5694000941757622,-0.14462862537961055,85.23366165161133,93.0076329600463,77.45969034317636,0.18241551888761312
2024-05-07,90.51285552978516,91.73929539036573,88.97055735995299,91.05660706952696,437342000,NVDA,85.49354400634766,86.9631770324707,59.31435298919678,-0.017212958105327192,0.039923610051610284,-0.04682011610544216,57.8434352719992,0.8567369266741025,0.05564448503113208,85.49354400634766,93.61857943500111,77.36850857769421,0.19007366048716348
2024-05-08,90.37092590332033,91.15256830092392,89.37937220367726,89.44234711947476,325721000,NVDA,85.66211738586426,87.19736450195313,59.543297386169435,-0.0015680604222912953,0.03975787969625811,-0.048314759756701464,56.99048452506181,1.060772971373055,0.25667018229951666,85.66211738586426,94.05421504709783,77.2700197246307,0.1959348640293686
2024-05-09,88.70668029785156,91.0306209060013,88.19091589664993,90.48786834493905,378013000,NVDA,85.56870956420899,87.41901672363281,59.758589115142826,-0.01841571931274877,0.03894910934559992,-0.06584072801510793,68.31302998555732,1.075781357280718,0.4204924172957569,85.56870956420899,93.76998984331254,77.36742928510543,0.19168876849660765
2024-05-10,89.83716583251953,91.35947654092772,89.1864606125446,90.26397379416818,335325000,NVDA,85.65327110290528,87.63431289672852,59.98066753387451,0.012744085686355655,0.03853439926052132,-0.05393572220822894,66.15216070369868,1.1654616298339562,0.5694862598033967,85.65327110290528,94.00002409423765,77.30651811157291,0.19489630422414192
2024-05-13,90.3579330444336,90.95665993755156,88.48877985590597,90.43689190742708,289680000,NVDA,85.87307167053223,87.79671630859374,60.203111248016356,0.005796790304860133,0.038033214582581264,-0.048451585974951084,63.43393318535228,1.2639850211912176,0.7083860120809609,85.87307167053223,94.48147257496579,77.26467076609866,0.20049127711330214
2024-05-14,91.31450653076172,91.6093707038522,88.89360196869727,89.55830082348145,296507000,NVDA,86.07003250122071,87.9191209411621,60.426090717315674,0.01058649145789703,0.03794834378178295,-0.038378026818099466,70.93233170755195,1.4030791811788816,0.847324645900545,86.07003250122071,94.99749894710101,77.14256605534041,0.20744656848488313
2024-05-15,94.5870132446289,94.81891011999194,91.55739179218556,92.42999634545237,417735000,NVDA,86.5995418548584,88.09236221313476,60.66553762435913,0.03583775281931523,0.03730408881658644,-0.003915656237584306,71.26096025835274,1.7571212474471736,1.0292839662098707,86.5995418548584,96.23725882423686,76.96182488547994,0.2225812461117025
2024-05-16,94.3161392211914,95.7754751109485,94.0602511759334,94.86689143447046,323952000,NVDA,87.08372230529785,88.20549087524414,60.904739437103274,-0.0028637549082657365,0.03736316968718702,-0.006768197666080555,64.16352140080994,1.9928722747341965,1.2220016279147359,87.08372230529785,97.26310984508476,76.90433476551095,0.23378393275611337
2024-05-17,92.43698120117188,94.69695556940256,91.76429043608688,94.32612955185614,359691000,NVDA,87.89730186462403,88.20169250488281,61.14572793960571,-0.019924034587680772,0.02866507104579644,-0.026557382449366063,59.35341807626864,2.0049623569121025,1.3785937737142093,87.89730186462403,96.93993582608627,78.85466790316178,0.2057545287428584
2024-05-20,94.73694610595705,95.15675349579068,93.39755844526998,93.70741519120496,318764000,NVDA,88.6600555419922,88.3466667175293,61.39698709487915,0.02488143678967325,0.027810661705059758,-0.002336731492405915,65.99584372886889,2.175059053508292,1.537886829673026,88.6600555419922,97.27740959995221,80.04270148403218,0.19439090141058088
2024-05-21,95.34266662597656,95.35666020460762,93.13766755607,93.55647591838029,328946000,NVDA,89.30791091918945,88.53881942749024,61.65045040130615,0.006393709581286933,0.027056963160133868,0.0,76.34105076908341,2.331858284022431,1.696681120542907,89.30791091918945,97.8872362556824,80.72858558269651,0.1921291237963448
2024-05-22,94.90686798095705,95.97638165173367,93.20664422258312,95.41563946312446,548648000,NVDA,90.07121353149414,88.59953170776367,61.8980521774292,-0.004570866962732678,0.025482622971384997,-0.004570866962732734,71.64935676349141,2.3933682361442408,1.836018543663174,90.07121353149414,97.69204210444956,82.45038495853872,0.16921785050205262
2024-05-23,103.75184631347656,106.27169708469262,101.47387473907386,101.98164718121453,835065000,NVDA,91.12908248901367,88.85763458251954,62.193641338348385,0.09319639896128762,0.0311769800707291,0.0,77.82720756482342,3.119867259504545,2.092788286831448,91.12908248901367,100.12899039602267,82.12917458200467,0.197519993863518
2024-05-24,106.4206314086914,106.42662538840617,102.95320565484818,104.40154485251333,429494000,NVDA,92.06535682678222,89.22796615600586,62.51311731338501,0.025722772076280487,0.029118542107436397,0.0,77.2528386952164,3.8664021456928026,2.447511058603719,92.06535682678222,103.20324354575108,80.92747010781336,0.24195608647722738
2024-05-28,113.84925842285156,114.88678889703831,109.83308596330244,110.19392203047548,652728000,NVDA,93.37196273803711,89.74900939941406,62.8705658531189,0.0698043877002732,0.0318990328293969,0.0,86.32643458436849,4.999829614397896,2.9579747697625547,93.37196273803711,107.9591703524218,78.78475512365243,0.31245369994653144
2024-05-29,114.77283477783205,115.4395315931238,110.85062138095752,112.9986472173944,557442000,NVDA,94.79246673583984,90.27616989135743,63.24029218673706,0.008112273788821733,0.03119780507720581,0.0,87.08264435405685,5.904540079855906,3.547287831781225,94.79246673583984,111.83265557667863,77.75227789500104,0.35952622455379385
2024-05-30,110.44979858398438,115.76638234537349,109.61318085591913,114.59791471662284,484553000,NVDA,96.1647933959961,90.69801803588867,63.57392305374145,-0.03766602264565355,0.031087121535890924,-0.03766602264565351,80.57170600845478,6.201213026447917,4.078072870714563,96.1647933959961,113.62301017655389,78.70657661543831,0.36308957080928284
2024-05-31,109.58319854736328,112.66579716472955,106.89142114521177,112.46888043622216,613263000,NVDA,97.35505256652831,91.08306304931641,63.902286529541016,-0.007846098840661453,0.031157573176551902,-0.0452165901497026,77.97128853175354,6.2938495141448385,4.5212281994006185,97.35505256652831,115.07559330221062,79.63451183084601,0.36403946725975705
2024-06-03,114.94776153564452,114.94776153564452,111.95212126824974,113.5693901392368,438392000,NVDA,98.66500740051269,91.55414916992187,64.25974130630493,0.04895424717834462,0.03184355090367284,0.0,80.62949862487241,6.722645524777164,4.961511664475928,98.66500740051269,117.54243638992757,79.78757841109781,0.38265702272306906
2024-06-04,116.38410949707033,116.547037473925,113.99319767795537,115.66344393803814,403324000,NVDA,99.87930603027344,91.99690811157227,64.6250873374939,0.012495658395056397,0.03132762927915763,0.0,80.85828615110397,7.096565934306241,5.388522518441991,99.87930603027344,120.05771900139176,79.70089305915512,0.40405593056488076
2024-06-05,122.38436889648438,122.39335986551772,117.4146279216423,118.31721749996996,528402000,NVDA,101.4728816986084,92.54541870117187,65.02065952301025,0.051555658460101794,0.031698516834631006,0.0,82.06280568282959,7.787304145322963,5.868278843818185,101.4728816986084,123.48726672809866,79.45849666911815,0.4338969123765835
2024-06-06,120.94303894042967,125.5299513206976,118.26625399255828,123.99164893221229,664696000,NVDA,103.00148735046386,93.11390060424804,65.3906974029541,-0.011777075528933034,0.03207058575364169,-0.011777075528933053,79.90526739536405,8.124758711359362,6.319574817326421,103.00148735046386,125.99397284985939,80.00900185106833,0.4464495822504641
2024-06-07,120.83308410644533,121.63671972354634,117.9683887425764,119.71558814229236,412386000,NVDA,104.60780754089356,93.72638229370118,65.76667615890503,-0.0009091456188603519,0.031336719599451196,-0.012675514071173273,83.2121718968288,8.287785023219769,6.71321685850509,104.60780754089356,127.88249400699351,81.33312107479361,0.444989470924555
2024-06-10,121.73467254638672,123.04407498199868,116.95684528802722,120.31531947295235,313434100,NVDA,106.20268287658692,94.35477661132812,66.13992765426636,0.007461436961645029,0.031388061620304095,-0.005308654658726761,82.64445625260612,8.392986083012062,7.049170703406485,106.20268287658692,129.5869443164332,82.81842143674062,0.44037044651725094
2024-06-11,120.86500549316406,122.8242751394822,118.6958072896019,121.7246784169854,222551200,NVDA,107.72803649902343,94.96563766479493,66.50859600067139,-0.007143955251461054,0.03173575492979067,-0.012414685118860451,80.66474827740967,8.310386851161894,7.301413932957567,107.72803649902343,130.73744431620761,84.71862868183925,0.42717585068753694
2024-06-12,125.15340423583984,126.83277933516128,122.52438572610106,123.0142012389912,299595000,NVDA,109.41998138427735,95.680478515625,66.90442747116089,0.035480896436300036,0.032035570111684224,0.0,83.26155491091264,8.49306157660773,7.5397434616876,109.41998138427735,132.32386270698694,86.51610006156777,0.4186416600140396
2024-06-13,129.56175231933594,129.7516840309139,127.11266740076113,129.34183299573078,260704500,NVDA,111.1687183380127,96.49324172973633,67.318218460083,0.035223557125054095,0.03201620403900985,0.0,81.45165159112284,8.89105886871333,7.810006543092746,111.1687183380127,134.63786640504784,87.69957027097755,0.4222257559123119
2024-06-14,131.8309326171875,132.7905668615139,128.27225972601377,129.9116488754234,309320400,NVDA,113.0444580078125,97.41254089355469,67.7336169052124,0.017514276067049694,0.0316959120037276,0.0,81.26923122421324,9.282574732513979,8.104520180976994,113.0444580078125,136.8367788258571,89.25213718976791,0.42093741236567844
2024-06-17,130.93125915527344,133.68023590303568,129.53178618492996,132.94052101290185,288504400,NVDA,114.96917190551758,98.27180572509765,68.14211860656738,-0.006824448891115331,0.031013163015928165,-0.006824448891115311,75.04506826348592,9.411764780039704,8.365969100789536,114.96917190551758,137.9567342188016,91.98160959223355,0.3998908913108526
2024-06-18,135.529541015625,136.2792618770274,130.64136160940566,131.09119107562512,294335100,NVDA,117.00880165100098,99.24052825927734,68.57315698623657,0.035119816994186204,0.031216511791757273,0.0,77.47251005091954,9.772539982430757,8.647283277117781,117.00880165100098,139.67441264129127,94.34319066071068,0.3874171971762331
2024-06-20,130.73133850097656,140.70762089792785,129.47181280958608,139.74798663394793,517768400,NVDA,118.77823524475097,100.1488508605957,68.98443153381348,-0.03540337020764539,0.03339385870210188,-0.03540337020764543,76.51015653140982,9.56106804601383,8.83004023089699,118.77823524475097,139.78693436150826,97.76953612799369,0.35374661146408465
2024-06-21,126.52288818359376,130.5813821684496,124.25373647196923,127.07268651484108,649445800,NVDA,120.35903625488281,100.93931945800782,69.37446893692017,-0.03219159511130809,0.03484737318134316,-0.06645527435965323,70.36302049161011,8.950710030100936,8.85417419073778,120.35903625488281,138.34525712517012,102.3728153845955,0.2988761198153518
2024-06-24,118.0660400390625,124.41367504218908,117.99606639814192,123.19412790624048,476060900,NVDA,121.0747459411621,101.48914352416992,69.72963272094727,-0.06684046077307193,0.03432746426292347,-0.12885383397372502,53.48905859211807,7.69588654707151,8.622516662004527,121.0747459411621,137.3348614160563,104.8146304662679,0.26859631789433647
2024-06-25,126.0430679321289,126.45291899832442,119.27559095881188,121.15488851140898,414192600,NVDA,122.05586776733398,102.24708618164063,70.12877925872803,0.06756411827166553,0.036717649666431665,-0.06999561138041789,59.42756617702141,7.261404430218178,8.350294215647256,122.05586776733398,136.8992472051389,107.21248832952907,0.2432227095562459
2024-06-26,126.35295867919922,128.0723121328984,122.55436989135586,126.08305489542056,362975900,NVDA,122.68105278015136,103.05490692138672,70.53281827926635,0.0024586099985854926,0.03383586568128396,-0.06770909329182946,54.35755926217266,6.8629677950684,8.052828931531486,122.68105278015136,137.1167360156287,108.24536954467402,0.23533680072580693
2024-06-27,123.94384765625,126.3629527063705,122.8742462250665,124.0538073233716,252571700,NVDA,123.13960342407226,103.78627807617187,70.92678058624267,-0.01906651849020624,0.03427958952647442,-0.08548463510283195,53.226355247697725,6.280412084273422,7.698345562079874,123.13960342407226,137.09213105640686,109.18707579173767,0.22661316496666656
2024-06-28,123.49402618408205,127.66247251115811,122.70431926304768,124.53364006899224,315516700,NVDA,123.79181480407715,104.57622207641602,71.32003290176391,-0.003629235986085444,0.03289790023414633,-0.08880362717494482,52.8401868338458,5.716538950295032,7.3019842397229064,123.79181480407715,136.40161679552455,111.18201281262975,0.2037259411925527
2024-07-01,124.25374603271484,124.79353836567704,118.785780418966,123.4240530786478,284885500,NVDA,124.52534217834473,105.36864639282227,71.71401058197021,0.006151875293954223,0.03273385655218227,-0.0831980607210216,52.696929430918324,5.270216694216629,6.895630730621652,124.52534217834473,135.2157324632306,113.83495189345884,0.17169822781253874
2024-07-02,122.62434387207033,123.36407395616142,120.98495484371745,121.0849161012404,218374000,NVDA,124.90917129516602,106.2978254699707,72.09936155319214,-0.013113505328165354,0.031444818025736496,-0.09522054783662885,51.853403945934,4.730493766306438,6.46260333775861,124.90917129516602,134.66177806010467,115.15656453022736,0.15615517521756356
2024-07-03,128.2322540283203,128.2322540283203,121.31483142526584,121.61472281837746,215749000,NVDA,125.50157852172852,107.27283309936523,72.52115211486816,0.04573243761532808,0.03278355035977722,-0.053842777984936835,53.15573175025028,4.701079817971603,6.110298633801209,125.50157852172852,134.48267718419004,116.52047985926698,0.14312327810134434
2024-07-05,125.78316497802734,128.8020451346638,125.63321928620486,127.3325834560472,214176700,NVDA,125.67151832580566,108.14078521728516,72.93036745071412,-0.019098853629696655,0.03131857550634798,-0.07191329627888293,45.96499701081922,4.42909221548679,5.774057350138326,125.67151832580566,134.5320795171641,116.81095713444721,0.14101144490651074
2024-07-08,128.1522674560547,130.72131795385047,126.99270329559334,127.44253270774868,237677300,NVDA,126.03197975158692,109.11101425170898,73.3536569595337,0.01883481369260509,0.031366285804741316,-0.05443295612371179,46.08006529837095,4.354510762038046,5.49014803251827,126.03197975158692,134.66627230033347,117.39768720284034,0.13701748660562238
2024-07-09,131.33111572265625,133.77021018974597,128.60212062869667,130.30150022676182,285366600,NVDA,126.55688133239747,110.0857472229004,73.79924194335938,0.02480524402497708,0.03170699301468317,-0.03097793485838427,50.406344210839386,4.500037282602975,5.2921258825352115,126.55688133239747,135.13665166244132,117.97711100235361,0.13558757516328762
2024-07-10,134.85980224609375,135.0497339856147,132.37072330988062,133.98012482225403,248978600,NVDA,127.21313781738282,111.02904037475587,74.26857677459716,0.02686862518467703,0.03209213520610112,-0.00494164419441247,49.30427030807263,4.844261974002379,5.202553100828645,127.21313781738282,136.23627213679163,118.19000349797402,0.14185852930318732
2024-07-11,127.35259246826172,136.0993287251507,127.00272423823502,135.6994836774376,374782700,NVDA,127.53751716613769,111.82174942016601,74.69741228103638,-0.055666771364033196,0.03482575399775795,-0.06033333018091291,46.67715210148132,4.459882681864286,5.054019017035774,127.53751716613769,136.0518611109458,119.02317322132959,0.13351904810436024
2024-07-12,129.19192504882812,131.87092070175893,127.17267226738277,128.2122786505662,252680500,NVDA,127.73944320678712,112.67833282470703,75.13238626480103,0.014442835790914765,0.03410963395121439,-0.04676187877052001,52.753173851411894,4.254633326281464,4.894141878884913,127.73944320678712,136.2071445578328,119.27174185574144,0.1325777087870659
2024-07-15,128.3922119140625,131.3411112143201,127.13267860503072,130.51141821403814,208326200,NVDA,127.68096618652343,113.58611175537109,75.56491575241088,-0.006190117025219433,0.0332417993292154,-0.052662534293830804,62.65001347742654,3.9815447967548465,4.7116224624589,127.68096618652343,136.11175243387365,119.25017993917322,0.13206018875255146
2024-07-16,126.3129653930664,128.99196049020554,124.53362918601508,128.39219298118343,214769500,NVDA,127.40506782531739,114.39681076049804,75.98426567077637,-0.016194491005325218,0.03316543265961026,-0.06800418236121694,50.386483394411464,3.556346997909472,4.480567369549014,127.40506782531739,135.6224825966091,119.18765305402567,0.1289966704080948
2024-07-17,117.94608306884766,121.80464702237856,116.67655910688254,121.3048331177922,390086200,NVDA,126.7558090209961,114.98075912475586,76.35867799758911,-0.06623929933227601,0.036180816836152256,-0.12973893230222164,40.218666081511905,2.51524304419938,4.087502504479088,126.7558090209961,135.8095163589265,117.70210168306572,0.14285274036522788
2024-07-18,121.044921875,122.35443942749386,116.5166093395552,121.80464110852073,320979500,NVDA,126.03157806396484,115.55969482421875,76.7465357208252,0.02627335071689907,0.03572104643852887,-0.10687425805533489,46.68040164232613,1.9181003864364072,3.653622080870552,126.03157806396484,134.42331996911406,117.63983615881564,0.13316887773777056
2024-07-19,117.88611602783205,121.55474851190428,117.32632685631629,120.30521366365988,217223800,NVDA,125.38931694030762,116.10716003417969,77.11218822479248,-0.026096145118999492,0.035363294024210234,-0.13018139702663695,43.95344720305802,1.1764103689114336,3.1581797384787285,125.38931694030762,134.2212225528858,116.55741132772945,0.14087173976364595
2024-07-22,123.49402618408205,124.02382772725,119.81539537076716,120.30521088452836,258068900,NVDA,125.23787384033203,116.76962203979492,77.51220153808593,0.04757057357734995,0.03656043372826225,-0.08880362717494482,49.25838993952012,1.0292624717034187,2.7323962851236665,125.23787384033203,134.09178273143175,116.38396494923231,0.1413934717925302
2024-07-23,122.54436492919922,124.64358935199353,122.05454945627272,122.73429664640844,173911000,NVDA,125.46179008483887,117.44637573242187,77.9048480796814,-0.007689936786636542,0.033151022819270806,-0.09581066968218198,49.92087753702481,0.8264897174135655,2.3512149715816464,125.46179008483887,133.76115731609895,117.16242285357879,0.13230111296272656
2024-07-24,114.2074737548828,119.90534904476712,113.397777694361,119.12564059736764,327776900,NVDA,124.87001037597656,117.93378189086914,78.25257705688476,-0.06803161597135132,0.0329847867163194,-0.15732413096775716,36.83619025085667,-0.0068476591682724575,1.8796024454316629,124.87001037597656,134.5653190160982,115.17470173585494,0.15528642323212108
2024-07-25,112.23820495605467,116.5865842364698,106.26043515376628,112.99792419777776,460067000,NVDA,124.16427268981934,118.37138732910157,78.58509284973144,-0.017242906563669003,0.033063463125974184,-0.1718543122409387,37.17100019467165,-0.8167619448962284,1.3403295673660847,124.16427268981934,135.3459998381417,112.98254554149699,0.18011182937069112
2024-07-26,113.01791381835938,116.15674442221705,111.53846898200278,116.14675363558489,293399100,NVDA,123.6179759979248,118.80545547485352,78.92395076751708,0.006946911371310538,0.033008295090761065,-0.16610125754554347,35.22064759772661,-1.3798033484605696,0.7963029842007538,123.6179759979248,135.86216931108103,111.37378268476857,0.19809729473910456
2024-07-29,111.54846954345705,116.23672666024936,111.2585841746284,113.647694156475,248152100,NVDA,123.02069816589355,119.14468460083008,79.25283800125122,-0.013001870458023146,0.03306806321492886,-0.1769435009700447,30.014137586417576,-1.9224290244822555,0.252556582464152,123.02069816589355,136.4028865504007,109.6385097813864,0.21755994859436173
2024-07-30,103.69139862060548,111.94831904183756,102.5018390571419,111.4784927394089,486833300,NVDA,121.99258079528809,119.33218978881835,79.53740283966064,-0.07043638478420011,0.03606288743297678,-0.2349166252348552,21.043838128073233,-2.952429966498997,-0.3884407273284777,121.99258079528809,137.8975948714073,106.08756671916888,0.2607537929344887
2024-07-31,116.97643280029295,118.29594108970944,110.83871919064548,112.85797146215744,473174200,NVDA,121.71018524169922,119.82297882080078,79.88769826889038,0.1281208890652139,0.047196010403660685,-0.1368934630509306,41.29484802353011,-2.665990029625391,-0.8439505877878604,121.71018524169922,137.7677964343369,105.65257404906153,0.26386635039211453
2024-08-01,109.16935729980467,120.11528690507728,106.770248918748,117.4862607613273,523462300,NVDA,120.75704040527344,120.11162704467773,80.20637393951417,-0.06674058452284015,0.047989265922897616,-0.19449769783239582,34.730878325417535,-3.0339762725169095,-1.2819557247336704,120.75704040527344,137.43566176312217,104.07841904742472,0.27623435125394763
2024-08-02,107.23006439208984,108.67952919207649,101.3322668230447,103.72137651325762,482027500,NVDA,119.82938537597656,120.349375,80.5121850013733,-0.01776407735358443,0.04797238926621519,-0.2088067030365915,34.13754156813742,-3.442410782833477,-1.7140467363536318,119.82938537597656,137.37238052423186,102.28639022772124,0.29279955151588943
2024-08-05,100.41261291503906,103.37151801623692,90.65625074239716,92.02573599453234,552842400,NVDA,118.44240264892578,120.45948989868164,80.79468746185303,-0.06357779896617954,0.04917254393462056,-0.2591090314143199,31.87350020893355,-4.267021861360959,-2.2246417613550973,118.44240264892578,137.53282730381386,99.3519779940377,0.322357943235479
2024-08-06,104.21119689941406,107.66990813072124,100.51257713442128,103.80134584558614,409012100,NVDA,117.08640670776367,120.46867691040039,81.10488771438598,0.037829749411949276,0.04975438925942895,-0.23108131173114718,39.730932086163335,-4.561436697791478,-2.6920007486423736,117.08640670776367,136.17481201560392,97.99800139992342,0.3260567275838101
2024-08-07,98.8731918334961,108.75951041282164,98.65327249174284,107.76987337493198,411440400,NVDA,115.28707618713379,120.31772811889648,81.38887266159058,-0.0512229513213468,0.04974479930009016,-0.27046759627041644,33.96007721435748,-5.165945173782731,-3.186789633670445,115.28707618713379,134.10375458033604,96.47039779393153,0.3264317044984133
2024-08-08,104.9309310913086,105.46073260357063,97.48369942630838,101.9620353134048,391910000,NVDA,114.16599311828614,120.13936157226563,81.70671421051026,0.06126776273202372,0.05146240858285373,-0.22577077805338938,41.004985111622034,-5.097453296243458,-3.568922366185048,114.16599311828614,132.6242338709644,95.70775236560789,0.32335795009559226
2024-08-09,104.71101379394533,106.5603237294343,103.39150538103132,105.6006819406382,290844200,NVDA,112.94194755554199,119.93812515258789,82.01552085876465,-0.0020958290856286643,0.05120830576882761,-0.22739343017568878,35.90396133333928,-5.0032441931605405,-3.855786731580147,112.94194755554199,130.42582794109265,95.45806716999131,0.30960826803438185
2024-08-12,108.97943115234376,111.02867141394988,106.22046361794416,106.28043885191414,325559900,NVDA,111.97130851745605,119.90871780395508,82.34223163604736,0.040763786002473434,0.05241686406662389,-0.19589906129926546,40.302990274428005,-4.531916084455133,-3.9910126021551444,111.97130851745605,127.93282086500449,96.00979616990762,0.28510004141034173
2024-08-13,116.09677124023438,116.18674170739068,111.53847094577723,112.3981514576694,312646700,NVDA,111.46049880981445,120.0389892578125,82.71394351959229,0.06530902219466705,0.0547698823529628,-0.14338401524690658,51.3745473664158,-3.5432311366125475,-3.901456309046625,111.46049880981445,126.08761639894965,96.83338122067926,0.2624628051251325
2024-08-14,118.03605651855467,118.55585963676825,114.02754676709954,118.48588599342114,339246400,NVDA,111.46499748229981,120.1007551574707,83.1026125717163,0.016704041444076,0.052819164690402765,-0.12907506633593283,54.22003423402372,-2.573540900156331,-3.6358732272685668,111.46499748229981,126.10056665526594,96.82942830933368,0.2626038577767913
2024-08-15,122.81427764892578,123.1941334844724,117.426284174408,118.71580500966672,318086700,NVDA,111.5534652709961,120.22935852050782,83.51430322647094,0.04048102987598545,0.05326574498242115,-0.09381912807653717,56.73818674032466,-1.403315343813091,-3.189361650577472,111.5534652709961,126.45188717094521,96.65504337104699,0.26710818644237494
2024-08-16,124.53363037109376,124.95347220733728,121.13489440174322,121.89461364819915,302589900,NVDA,111.88584098815917,120.27234375,83.93128759384155,0.013999615965522239,0.05290377608650813,-0.08113294387430658,58.90092175755539,-0.3333234190542669,-2.618154004272831,111.88584098815917,127.65053758889364,96.1211443874247,0.2817996711916897
2024-08-19,129.95162963867188,129.95162963867188,123.37407609274108,124.2337567143214,318333600,NVDA,112.20872116088867,120.45251556396484,84.37726583480836,0.04350631432997809,0.052735383334564775,-0.041156424903040556,68.623295826465,0.9409929697693258,-1.9063246094644,112.20872116088867,129.1918992389074,95.22554308286993,0.3027069180062694
2024-08-20,127.20263671875,129.83166269656482,125.8431423095097,128.35220257999387,300087400,NVDA,112.4416347503662,120.57990661621093,84.80177864074707,-0.02115397034700839,0.05297592569431304,-0.0614397734580611,58.526430318865614,1.7093725517909775,-1.1831851772133246,112.4416347503662,130.13458071665548,94.74868878407693,0.31470453103193874
2024-08-21,128.45217895507812,129.30186873034427,126.61286736853016,127.27261778490316,257883600,NVDA,113.15387001037598,120.71425674438477,85.22663766860961,0.009823241628952317,0.05025829016582743,-0.0522200695694154,68.05164833626503,2.3915779006968734,-0.468232561631285,113.15387001037598,132.23825523753177,94.06948478322019,0.3373174108036392
2024-08-22,123.6939468383789,130.70134013517236,123.05418563063326,129.9716160825352,376189100,NVDA,113.72665710449219,120.77083557128907,85.62021495819091,-0.037042829132258204,0.05095274950474805,-0.08732851958733916,64.64000690360918,2.5192407499241085,0.1292621006797937,113.72665710449219,133.3746565128293,94.07865769615509,0.3455302373002047
2024-08-23,129.32183837890625,129.5517637458536,125.1733892777955,125.81315043381734,323230300,NVDA,114.54185333251954,120.85420425415039,86.03820392608642,0.04549852021361134,0.05171062212577376,-0.045803317787397164,76.2622433165977,3.0395008173672977,0.7113098440172945,114.54185333251954,135.38272864343813,93.70097802160093,0.3638997397818719
2024-08-26,126.41293334960938,131.2111423152786,124.32371486411648,129.5217841101186,331964700,NVDA,115.28507652282715,120.79122787475586,86.44062892913819,-0.022493532923449022,0.051956614920795556,-0.06726657227419212,70.50027840679178,3.18042439131915,1.2051327534776655,115.28507652282715,136.72797242773444,93.84218061791987,0.3719977737215877
2024-08-27,128.25225830078125,129.15191727923408,123.83389733541988,125.00346773520825,303134600,NVDA,116.51311950683593,120.71965438842773,86.84915739059448,0.014550132667873639,0.048611348393542274,-0.053695177157021164,79.00137506704752,3.4013172229552993,1.6443696473731924,116.51311950683593,137.97354635449088,95.05269265918099,0.3683778605961338
2024-08-28,125.5632553100586,128.28224429229948,122.59435936439932,128.0723157316594,448101100,NVDA,116.94246063232421,120.61229431152344,87.24236194610596,-0.020966515727281143,0.040604901775752815,-0.0735358921079605,71.81817477710823,3.3211125963680814,1.9797182371721704,116.94246063232421,138.7821432264368,95.10277803821162,0.3735115966608258
2024-08-29,117.54623413085938,124.38369252727088,116.6665643765756,121.31483536128766,453023300,NVDA,117.36130447387696,120.25262817382813,87.58856046676635,-0.06384846553557766,0.040342767009230764,-0.1326892037706551,61.65153425832452,2.580892323677105,2.0999530544731577,117.36130447387696,138.89243517414639,95.83017377360753,0.36692043935251195
2024-08-30,119.32557678222656,121.70468827145996,117.17637542296367,119.48551326917712,333751600,NVDA,117.9660800933838,120.02451293945313,87.94223154067993,0.015137385425604721,0.04005785387780285,-0.11956038596434343,59.83652433377202,2.113477651180119,2.10265797381455,117.9660800933838,138.97210337974994,96.96005680701765,0.35613666690861384
2024-09-03,107.95980072021484,116.1667439153335,107.25006590844444,115.96682140906611,477155100,NVDA,118.34343948364258,119.65325119018554,88.23389682769775,-0.09525012464640892,0.043441540442864454,-0.20342236894487586,42.8420747579828,0.8165127643489996,1.84542893192144,118.34343948364258,138.2648917277056,98.42198723957956,0.33667184815625634
2024-09-04,106.17046356201172,113.22783311293708,104.08124520263416,105.37076592928464,372470300,NVDA,118.44140281677247,119.41533966064453,88.5204531288147,-0.016574105789990412,0.042947808400895925,-0.21662493087192347,39.53447308485368,-0.35167195179244004,1.406008755178664,118.44140281677247,138.08761235460315,98.79519327894178,0.3317456408081075
2024-09-05,107.17009735107422,109.60919166518131,104.72101224991616,104.95092237696755,306850700,NVDA,118.85624809265137,119.03788024902343,88.80904932022095,0.009415366152928595,0.04110711336592149,-0.2092491677610069,35.21633391809105,-1.1831658635815359,0.8881738314266241,118.85624809265137,137.0601220151082,100.65237417019455,0.3063174921736795
2024-09-06,102.79173278808594,108.10975260064536,100.9124275647732,107.99979292793851,413638100,NVDA,118.74928817749023,118.56665573120117,89.07666315078735,-0.040854349032131365,0.040059753329580894,-0.24155477825874708,30.43715542394763,-2.170409083101049,0.27645724852108944,118.74928817749023,137.3191293886757,100.17944696630478,0.31275709515714806
2024-09-09,106.4303741455078,106.5103462006769,103.65141005409866,104.8409619618805,273912000,NVDA,118.83525619506835,118.21638626098633,89.35691846847534,0.03539819067865335,0.0408387918216362,-0.21470718968023658,28.13603666420626,-2.628894242723973,-0.304613049727923,118.83525619506835,137.14556360373734,100.52494878639936,0.3081628801912553
2024-09-10,108.05976104736328,109.3592802066297,104.910932028029,107.7698680771714,268283700,NVDA,118.78927268981934,117.90770095825195,89.64764436721802,0.015309416272725418,0.03994147450606572,-0.202684815151073,31.827672893114695,-2.8281677717081806,-0.8093239941239745,118.78927268981934,137.20809410705516,100.37045127258351,0.31010917063749954
2024-09-11,116.86648559570312,117.14638014948387,107.38001262051282,109.3492805366119,441422400,NVDA,118.82775840759277,117.75995574951172,89.98854026794433,0.08149864910842997,0.04146242013155633,-0.13770470467224735,40.381738375885945,-2.249533190597944,-1.0973658334187686,118.82775840759277,137.22609694553205,100.42941986965349,0.3096639839797513
2024-09-12,119.10585021972656,120.7553788046724,115.34692581517744,116.80650641923144,366052700,NVDA,118.88124809265136,117.68958587646485,90.3453302192688,0.019161734971396838,0.0415145325473831,-0.12118163075609453,46.02478028481503,-1.591912529514289,-1.1962751726378726,118.88124809265136,137.27611528171525,100.48638090358749,0.30946625282277734
2024-09-13,119.06585693359376,119.92561101375162,117.56628692781244,119.04586602282129,238358300,NVDA,118.69382705688477,117.50625793457031,90.69959157943725,-0.00033577935977968654,0.0404762722627395,-0.1214767198254819,40.16133895819123,-1.0617315611258533,-1.1693664503354688,118.69382705688477,136.9961175999394,100.39153651383015,0.3083949856007783
2024-09-16,116.74652099609376,118.14612117800915,114.32721657757573,116.75652026497237,248772300,NVDA,118.30447158813476,117.32552505493165,91.04436004638671,-0.019479437659391752,0.040525951258623044,-0.1385898592939658,40.620824884399646,-0.8192663579881838,-1.099346431866012,118.30447158813476,136.4139775557412,100.19496562052832,0.3061508280203116
2024-09-17,115.5568618774414,118.76594842655496,114.7970852268969,118.13612413784692,231925900,NVDA,117.58473320007325,117.07361694335937,91.38158611297608,-0.01019010338382731,0.039074876120687115,-0.1473677176836375,37.52456647030483,-0.7148659563569879,-1.0224503367642073,117.58473320007325,134.8706573909426,100.2988090092039,0.2940164717039743
2024-09-18,113.33749389648438,117.66624647223809,113.1875353835454,115.85676793047314,310318900,NVDA,116.89147605895997,116.71374450683594,91.71456132888794,-0.019205851949414043,0.039035210507496566,-0.16374324706509658,37.874143315381765,-0.8019677489290444,-0.9783538191971748,116.89147605895997,133.6575944385503,100.12535767936964,0.28686639855815504
2024-09-19,117.83621215820312,119.62569992209964,117.21638715198856,117.31635695887287,293506400,NVDA,116.36067771911621,116.37327270507812,92.070055103302,0.039693115729448,0.04018750833586626,-0.13054961099131915,50.30918690546923,-0.5021985484546008,-0.88312276504866,116.36067771911621,132.23416228669058,100.48719315154185,0.2728324530025766
2024-09-20,115.9667510986328,118.58600287786224,115.35692533181684,117.02644483175868,382462400,NVDA,115.97431793212891,116.14555587768555,92.42247287750244,-0.0158649113488174,0.03953163320638137,-0.14434336433513661,46.42554645341147,-0.4107443756445974,-0.7886470871678475,115.97431793212891,131.46787209617526,100.48076376808258,0.26718939917566153
2024-09-23,116.22667694091795,116.9564634197924,114.82707671663402,116.51659472951452,206228500,NVDA,115.31955986022949,115.88625091552734,92.77089294433594,0.002241382463703534,0.0379195177966804,-0.14242551055700578,61.520842769622675,-0.3136765733388387,-0.6936529844020457,115.31955986022949,129.48825603283743,101.15086368762155,0.24572927940031666
2024-09-24,120.83535766601562,121.76509140434464,115.34692577819862,116.48659840876869,354966800,NVDA,115.04068107604981,115.7351138305664,93.14766876220703,0.039652520801574775,0.03891217860868762,-0.1084205202754675,68.9482341431908,0.13359240737389655,-0.5282039060468573,115.04068107604981,128.49138945797904,101.58997269412056,0.23384264168320415
2024-09-25,123.47459411621094,124.9041844669008,121.57513728542474,121.98501577990396,284692900,NVDA,114.80179786682129,115.6783464050293,93.53217847824097,0.02184159091488813,0.039104403586673636,-0.08894700601121541,70.21041858448773,0.693031782507731,-0.28395676833593964,114.80179786682129,127.40773801661211,102.19585771703046,0.21961224273533875
2024-09-26,124.0044403076172,127.63339688941235,121.76508462125145,126.76365118817954,302582900,NVDA,114.72385711669922,115.79951354980469,93.91478971481324,0.004291135315720007,0.03883806043878716,-0.08503755433421771,79.06778739597706,1.1657081198044636,0.005976209292141016,114.72385711669922,127.06616236853807,102.38155186486037,0.21516545140709542
2024-09-27,121.36520385742188,123.99444725769884,119.22581786965418,123.93446689659378,271009200,NVDA,114.91480560302735,115.80591918945312,94.28859758377075,-0.021283402784998517,0.03622778757345711,-0.10451106859846991,71.04152845275371,1.3122167798384083,0.2672243234013945,114.91480560302735,127.55552358686022,102.27408761919447,0.22000155536963917
2024-09-30,121.40518951416016,121.46516987339125,118.11613173565692,118.27608190267568,226553700,NVDA,115.01878623962402,115.87630065917969,94.65745796203613,0.0003294655755305964,0.03610121047047946,-0.10421603582230436,69.6837921535442,1.4152384686664732,0.4968271524544102,115.01878623962402,127.84512229938528,102.19245017986276,0.22303028016726859
2024-10-01,116.96646118164062,122.4049042106216,115.7568089513518,121.7350904738439,302094500,NVDA,115.46911926269532,115.74574935913085,95.00197074890137,-0.03656127345365101,0.02962903221532777,-0.1369670382920006,50.16926917156795,1.1257388026907051,0.6226094825016693,115.46911926269532,127.87755377859777,103.06068474679286,0.21492212974575373
2024-10-02,118.81592559814452,119.34577243311742,115.10699012612707,116.4066204825267,221845900,NVDA,116.10139236450195,115.67118057250977,95.35442155838012,0.015811920766174214,0.029304231908655484,-0.12332082948287706,49.50255952569511,1.0336295158189444,0.7048134891651243,116.10139236450195,127.78218769786969,104.4205970311342,0.2012171446953146
2024-10-03,122.81478118896484,124.3243504544059,120.30549859251518,120.88533415502997,277118000,NVDA,116.88362655639648,115.8433267211914,95.72416797637939,0.03365588889443272,0.029945316866776883,-0.09381541272388941,55.66294168856912,1.2686818935681003,0.8175871700457196,116.88362655639648,128.1335005249751,105.63375258781787,0.19249700407183268
2024-10-04,124.88418579101562,125.00415413490973,121.79507530101388,124.90418432860164,243678100,NVDA,117.98824920654297,116.09624633789062,96.0983293914795,0.016849800830298856,0.027766624412695718,-0.07854638291280044,62.38588040754421,1.6034625350614675,0.9747622430488692,117.98824920654297,127.63661486658864,108.3398835464973,0.1635479079472708
2024-10-07,127.68338775634766,130.60254885006705,124.91417756039569,124.95416700886946,346250200,NVDA,119.05089988708497,116.38955581665039,96.48885065078736,0.022414382954910606,0.02729275666102131,-0.057892568664220385,67.59501730888272,2.0707801456019865,1.1939658235594928,119.05089988708497,127.9952749588804,110.10652481528953,0.15026136014559852
2024-10-08,132.85189819335938,133.44172537204778,129.38289186465897,130.2226473652744,285722500,NVDA,120.29050674438477,116.81562438964843,96.91267572402954,0.04047911422020345,0.02814221827728608,-0.01975689434347692,76.0823207852008,2.8256163693984746,1.5202959327272891,120.29050674438477,129.68186541309828,110.89914807567126,0.15614463556413444
2024-10-09,132.61195373535156,134.48142784672734,131.34232891760084,134.0715417617464,246191600,NVDA,121.0777801513672,117.39403549194336,97.33090824127197,-0.0018061048526275547,0.022772333607190432,-0.021527316173357906,72.28586223562169,3.365670646441842,1.8893708754701999,121.0777801513672,131.8053818413389,110.35017846139549,0.1772018231018184
2024-10-10,134.77134704589844,134.9612950129192,130.96244182735123,131.87218458812737,242311300,NVDA,121.86105499267578,117.74993377685547,97.76073734283447,0.016283549481943993,0.022697642350968043,-0.005594307809536162,78.1165713232318,3.9226941686540044,2.2960355341069607,121.86105499267578,134.15561269057318,109.56649729477837,0.20177993204861625
2024-10-11,134.76136779785156,135.74108264717918,133.62169514533127,133.97158567859756,170209500,NVDA,122.64583053588868,118.26177398681641,98.18827268600464,-7.404576911651528e-05,0.022693604633131765,-0.005667939343828191,77.92170774658813,4.313609476313317,2.699550322548232,122.64583053588868,136.1348451142725,109.15681595750485,0.21996694905069225
2024-10-14,138.0304412841797,139.56000161928338,136.26094423310064,136.43089368651033,232347700,NVDA,123.71002655029297,118.8777815246582,98.63146371841431,0.024258239135950932,0.02216421746707989,0.0,76.99312247230733,4.83150500143654,3.1259412583258936,123.71002655029297,138.53186907084302,108.88818402974292,0.23962233189763954
2024-10-15,131.56228637695312,138.53028982768672,128.70310551155586,137.8304782609884,377831000,NVDA,124.51029777526855,119.50077499389648,99.04178924560547,-0.04686035085485096,0.025123211295936025,-0.04686035085485094,61.33371965222746,4.666225548447358,3.4339981163501867,124.51029777526855,139.20643786374936,109.81415768678775,0.23606304620692817
2024-10-16,135.68109130859375,136.58082718354044,131.54227882589296,133.9415846620271,264879700,NVDA,125.62747764587402,120.13017288208007,99.47270879745483,0.031306881668500264,0.024908576990797918,-0.017020520645507835,64.86761691009497,4.812122375570198,3.7096229681941892,125.62747764587402,140.14339847719708,111.11155681455097,0.2310946793382475
2024-10-17,136.8907470703125,140.84961880375567,136.83076670766297,139.30005999950754,306435900,NVDA,126.5802043914795,120.8905239868164,99.91644325256348,0.008915433610181545,0.02386296184099931,-0.008256832357152025,70.51518109932668,4.968086760996471,3.9613157267546457,126.5802043914795,141.44015022762903,111.72025855532998,0.23479099133370962
2024-10-18,137.96043395996094,138.86016981880368,137.24063917112105,138.63024003343975,176090200,NVDA,127.6798885345459,121.55111404418945,100.36851964950561,0.007814165037020482,0.02320571221995817,-0.0005071875708534293,71.29628339234003,5.118995854610148,4.192851752325747,127.6798885345459,142.48787772704694,112.87189934204487,0.23195492042577226
2024-10-21,143.66880798339844,143.66880798339844,137.96043821210023,138.090405825162,264554500,NVDA,129.05199508666993,122.33026992797852,100.84699396133423,0.04137689234214936,0.02423494884530818,0.0,83.26275785330412,5.634262207833984,4.481133843427394,129.05199508666993,144.46476863515835,113.6392215381815,0.2388614532946565
2024-10-22,143.54885864257812,144.37862268295584,141.7393796377136,142.86906078072698,226311600,NVDA,130.18767013549805,123.0216584777832,101.31937631607056,-0.0008349017612380161,0.02338598117311564,-0.0008349017612380635,82.19680303864874,5.964184192911603,4.777743913324236,130.18767013549805,146.3788328407075,113.99650743028862,0.24873573186090264
2024-10-23,139.51998901367188,142.3891613712536,137.42060018656866,141.9892821435429,285930000,NVDA,130.98993988037108,123.49012283325196,101.75584224700928,-0.028066190612756614,0.024566444077894153,-0.028877659862020826,71.72950197061417,5.83331085819745,4.988857302298879,130.98993988037108,147.369544415335,114.61033534540715,0.25008950381873446
2024-10-24,140.3697509765625,141.30948393843238,138.42031305269128,140.77963709898057,172354900,NVDA,131.80820541381837,123.93679672241211,102.1921241569519,0.006090610878756175,0.024561550752067146,-0.022962931572573207,70.80310494225995,5.732085571820704,5.137502956203244,131.80820541381837,148.35273444869773,115.26367637893901,0.2510394399641053
2024-10-25,141.49942016601562,144.0886893234089,140.7596420534019,140.88959441527413,205122100,NVDA,132.81491622924804,124.31049957275391,102.62800745010377,0.008047810739806316,0.023674652714612502,-0.015099922160094032,69.43192604838154,5.677571159466822,5.2455165968559605,132.81491622924804,149.1326229388099,116.49720951968618,0.24572099539476924
2024-10-28,140.479736328125,143.09898064959424,140.00986979275078,142.95902137870084,173586700,NVDA,133.76864356994628,124.62942169189454,103.05643352508545,-0.007206275733810608,0.02386190559012623,-0.02219738369125989,62.14585187978401,5.48881647144367,5.2941765717735025,133.76864356994628,149.49757474023735,118.0397123996552,0.2351661906785588
2024-10-29,141.20950317382812,142.2192081120129,138.86017082456863,140.2497716969522,157593600,NVDA,134.98079566955568,124.85457916259766,103.48906814575196,0.005194819301187925,0.021505500690732635,-0.017117875787307262,63.479660497120335,5.336596148331296,5.3026604870850615,134.98079566955568,148.8888649989764,121.07272634013495,0.2060747865714001
2024-10-30,139.300048828125,140.28977049571748,136.77077537646986,139.49998843906093,179418100,NVDA,136.0050018310547,125.09652740478515,103.90379964828492,-0.013522137694603975,0.022058666411402774,-0.03040854320847617,57.15640834348869,5.004198156511023,5.242968020970254,136.0050018310547,147.7495308815847,124.26047278052471,0.17270731064904563
2024-10-31,132.72195434570312,137.5705707608992,132.07214669412372,137.5605791178224,270039600,NVDA,136.5003604888916,125.18192291259766,104.28728485107422,-0.04722248511583971,0.02443494377785956,-0.07619506134525923,47.33123940472791,4.161996202424319,5.026773657261067,136.5003604888916,146.62667013669528,126.37405084108792,0.14837044549238035
2024-11-01,135.36119079589844,137.2706470867555,134.53144208222884,134.6613944536623,207127800,NVDA,137.02421073913575,125.41526779174805,104.67869890213012,0.01988545499654748,0.024527094133270165,-0.05782477981205205,46.4484965819226,3.665258591090776,4.754470644027009,137.02421073913575,145.58297368380497,128.46544779446654,0.1249233678997536
2024-11-04,136.01100158691406,138.9201710380497,135.53114345978716,137.17067271068436,187528200,NVDA,137.44059143066406,125.54905105590821,105.06144798278808,0.004800569403939692,0.02415676038900965,-0.0533018022768677,57.003464366889474,3.2861441314535966,4.4608053415123265,137.44059143066406,144.81418829792617,130.06699456340195,0.10729867778518598
2024-11-05,139.86988830566406,140.32974787080795,137.29062621937655,137.41058693125512,160537400,NVDA,137.7914909362793,125.8181901550293,105.4626769065857,0.02837187193481605,0.023316900670092518,-0.026442202250145742,56.64869410296142,3.2594996163509222,4.220544196480046,137.7914909362793,144.90914784722588,130.67383402533272,0.1033105435260598
2024-11-06,145.56825256347656,146.44800513885863,141.91930516184587,142.91901845044762,242043900,NVDA,138.43930587768554,126.1645100402832,105.89130319595337,0.0407404647765186,0.024766726649807787,0.0,62.055570748087334,3.6560493573768724,4.107645228659411,138.43930587768554,145.92117267764385,130.95743907772723,0.10808876500101382
2024-11-07,148.83734130859375,148.88731477688594,146.1281111837162,146.3480493601011,207323300,NVDA,139.14260559082032,126.6299917602539,106.32883369445801,0.02245742933330641,0.024953001802305506,0.0,64.24088654302957,4.185854104430774,4.123287003813684,139.14260559082032,147.7347645678282,130.55044661381245,0.12350148167089839
2024-11-08,147.58767700195312,149.72706281958904,146.21805942983792,148.7273495355645,175665800,NVDA,139.7839210510254,127.23082061767577,106.75884147644042,-0.008396174613530705,0.025115730118595195,-0.00839617461353074,55.80912253019499,4.4535529318841895,4.189340189427785,139.7839210510254,148.89802760261227,130.66981449943853,0.13040278857623325
2024-11-11,145.2183380126953,148.80732009469307,143.52883547102425,148.63735542204353,182325600,NVDA,140.14331588745117,127.74867584228515,107.17993110656738,-0.016053772492309437,0.02509439692756826,-0.0243151568287889,52.32003019552877,4.423528641636125,4.236177879869453,140.14331588745117,149.5291154643207,130.75751631058162,0.13394573287258685
2024-11-12,148.24746704101562,149.60707763368606,145.96812211424654,146.73790556674717,198634700,NVDA,140.9775749206543,128.55442916870118,107.60899997711182,0.020859135766004178,0.0224661648093341,-0.003963214220248008,62.47497214765364,4.591234676987142,4.307189239292992,140.9775749206543,150.1147320949468,131.8404177463618,0.12962568237445024
2024-11-13,146.2280731201172,149.28719347067064,145.8581688148386,149.02727349633594,191903300,NVDA,141.50492401123046,129.3555813598633,108.02642765045167,-0.013621776892415505,0.02206923912226308,-0.017531005092778457,58.10289059258393,4.50921527877756,4.3475944471899055,141.50492401123046,150.5721506777511,132.43769734470982,0.1281542212029459
2024-11-14,146.71791076660156,148.9572739334313,145.50826627914395,147.59766330614426,194463300,NVDA,141.99628219604492,130.14653762817383,108.45253637313843,0.003349819470588322,0.02203881985880911,-0.01423991132438895,57.34796858154142,4.432643365611767,4.364604230874278,141.99628219604492,151.07575925041195,132.91680514167788,0.12788330671688428
2024-11-15,141.9392852783203,145.19836028928967,140.03983617411208,144.8284560077565,250132900,NVDA,142.1952247619629,130.92948867797853,108.84725570678711,-0.03257015768090554,0.023447364535766468,-0.046346272848097086,51.8584129942223,3.9409357779909726,4.279870540297617,142.1952247619629,151.07451950377583,133.31593002014995,0.12488878943265534
2024-11-18,140.10980224609375,141.50940991238423,137.1106625740026,139.45999475223928,221205300,NVDA,142.01727447509765,131.60307723999023,109.2171704864502,-0.01288919433854574,0.02168605726388569,-0.05863810106903649,48.637918886718396,3.364842175113381,4.09686486726077,142.01727447509765,150.91485688179938,133.11969206839592,0.12530281882380298
2024-11-19,146.9678497314453,147.08782570288798,140.94958652618317,141.2794937524248,227834900,NVDA,142.188224029541,132.3812390136719,109.60552345275879,0.048947663728094115,0.02439710493668007,-0.012560635393723568,58.46018125219915,3.4222217195523115,3.9619362377190783,142.188224029541,151.33752472818662,133.0389233308954,0.12869280506302352
2024-11-20,145.84817504882812,147.5176944558783,142.68907730947365,147.36774356025674,309871700,NVDA,142.50463333129883,132.96087280273437,109.99382026672363,-0.007618500812682338,0.02350686220392338,-0.020083442995450985,66.46599075405447,3.338858747270848,3.8373207396294324,142.50463333129883,151.70296907312013,133.30629758947754,0.1290952515268292
2024-11-21,146.62796020507812,152.84617867409492,140.65967008206871,149.30720000657334,400946600,NVDA,142.81754379272462,133.5113150024414,110.37664073944092,0.0053465540860482275,0.023501439087480657,-0.014844266123611932,64.82503590916957,3.29770128860568,3.729396849424682,142.81754379272462,152.13510389455826,133.49998369089099,0.13048201018435787
2024-11-22,141.9093017578125,147.1178148315253,141.05955459424152,145.88815647311117,236406200,NVDA,142.83803787231446,133.9681838989258,110.73815677642823,-0.032181164088117775,0.02468826790753107,-0.04654772444783808,57.01043937051115,2.8514575768940063,3.5538089949185467,142.83803787231446,152.14518796182622,133.5308877828027,0.13031752925409962
2024-11-25,135.9810028076172,142.0092725854583,135.78106320516017,141.9492922301626,344941900,NVDA,142.61310119628905,134.35287353515625,111.05757751464844,-0.041775266855394455,0.026401925120527487,-0.08637844769291272,45.5945679094292,1.996428455430305,3.2423328870208987,142.61310119628905,152.36696538911085,132.85923700346726,0.1367877721051283
2024-11-26,136.88075256347656,139.26007526155422,135.63111085304342,137.66052777043362,190287700,NVDA,142.39666366577148,134.77935134887696,111.3809222793579,0.006616731288063171,0.02642222703554467,-0.08033325938231352,38.95809559420753,1.3755574324668771,2.8689777961100944,142.39666366577148,152.4685912619137,132.32473606962927,0.1414629716294856
2024-11-27,135.3011932373047,137.18065910710888,131.76221489663718,134.97128602051475,226370900,NVDA,142.19672088623048,135.21862533569336,111.69696895599365,-0.01153967447278148,0.026377341737831104,-0.09094591419248561,32.02334783318831,0.7474394205648025,2.4446701210010358,142.19672088623048,152.6779304486193,131.71551132384167,0.14741844252195765
2024-11-29,138.2103729248047,139.31006372977,136.0110065692894,136.74079305563075,141863200,NVDA,142.47114181518555,135.6261085510254,112.01870594024658,0.021501507990381086,0.024462967310327693,-0.0713998805028068,38.072246877982906,0.4788776550225293,2.0515116278053345,142.47114181518555,152.1657248183832,132.77655881198788,0.13609188330607383
2024-12-02,138.5902557373047,140.40972595950504,137.78049042793322,138.79019534076207,171682800,NVDA,142.63259506225586,136.07857864379883,112.34854934692383,0.0027485839482299657,0.024112635647264014,-0.06884754512003234,41.11976736864399,0.29331276216154833,1.6998718546765774,142.63259506225586,151.9279475326943,133.33724259181741,0.1303398072001878
2024-12-03,140.2198028564453,140.4997214017946,137.91046723010535,138.22037595856943,164414000,NVDA,142.84303512573243,136.55844116210938,112.68676528930663,0.011758020868576802,0.024213423397312462,-0.05789903512372716,38.825548473153546,0.2745769295419507,1.4148128696496522,142.84303512573243,151.6867942577617,133.99927599370315,0.12382485606308878
2024-12-04,145.09840393066406,145.74821154635353,140.2497877832653,141.95930442882306,231224300,NVDA,143.1044609069824,137.04370208740235,113.0651713180542,0.034792525555134235,0.024623325753676536,-0.025120963227752875,48.543449793343555,0.6459449306518366,1.261039281850089,143.1044609069824,151.88707023847803,134.3218515754868,0.12274403293695084
2024-12-05,145.02841186523438,146.50808533514203,143.91865294893697,145.0784040292141,172621200,NVDA,143.0774688720703,137.4747784423828,113.45312240600586,-0.0004823765357414578,0.02288463182210664,-0.025591222000278035,47.7977851952006,0.9239581578614491,1.1936230570523612,143.0774688720703,151.8314673358717,134.32347040826892,0.12236725366771196
2024-12-06,142.4089813232422,145.66826585624298,141.27922253713282,144.56851457164973,188505600,NVDA,142.75605087280275,137.8428692626953,113.7726741027832,-0.01806149918007971,0.022589329171072935,-0.04319050534518245,50.648753412162215,0.9222879290164769,1.1393560314451845,142.75605087280275,151.0811413924052,134.4309603532003,0.11663380247216547
2024-12-09,138.77975463867188,139.91950565348523,137.1001279875636,138.93972344033872,189308600,NVDA,142.31565475463867,138.19116027832033,114.0726853942871,-0.02548453511041293,0.023161377703202417,-0.06757435050568965,48.249920492911826,0.6209579808216006,1.0356764213204677,142.31565475463867,150.49516990729802,134.13613960197932,0.1149489164317356
2024-12-10,135.04058837890625,141.78911819403848,133.76085313448985,138.97971741196267,210020900,NVDA,141.80676727294923,138.46386825561524,114.35262649536133,-0.026943168111955185,0.023612497693128693,-0.09269685153191383,32.90280387323405,0.07951575019393431,0.8444442870951611,141.80676727294923,150.47756417585182,133.13597037004664,0.12229031194559384
2024-12-11,139.27964782714844,140.1394610798945,135.18055019628483,137.33007570041752,184905200,NVDA,141.35837631225587,138.9101319885254,114.65571697235107,0.031391002506208965,0.02428885361092595,-0.06421569612446079,41.35723225840906,-0.007438699585549102,0.6740676897590191,141.35837631225587,149.54052047908806,133.17623214542368,0.115764546541736
2024-12-12,137.31008911132812,138.4098556769623,135.77043117490655,137.05015122102654,159211400,NVDA,140.9124771118164,139.28001525878906,114.95414707183838,-0.014141037449093896,0.024301264269131363,-0.07744865700983904,38.11190063659548,-0.2325964287421982,0.4927348660587756,140.9124771118164,148.9479079339752,132.8770462896576,0.11404853547188074
2024-12-13,134.22076416015625,139.56960518418134,132.51112983721956,138.90974525213795,231514900,NVDA,140.28761978149413,139.5081349182129,115.22988910675049,-0.022498892624467803,0.0246385508733849,-0.09820504061633323,39.765149884017106,-0.652793261892981,0.2636292404684243,140.28761978149413,148.3657349082617,132.20950465472657,0.11516504648592193
2024-12-16,131.9712371826172,134.37070812011547,130.39157963416957,134.1507548377073,237951100,NVDA,139.789217376709,139.64987594604492,115.47855648040772,-0.01675990292273155,0.023922069425213962,-0.11331903659181211,44.08271552341433,-1.1540175110097834,-0.019900109827217266,139.789217376709,148.63207777939735,130.94635697402063,0.1265170600227098
2024-12-17,130.36160278320312,131.5613383936032,126.8323727744144,129.06188284882555,259410300,NVDA,139.30180740356445,139.70344024658203,115.70439311981201,-0.012196857692458485,0.02390805664323636,-0.12413375812111373,40.57700018659012,-1.6619672592908898,-0.34831353971995177,139.30180740356445,149.0939377358219,129.509677071307,0.1405887046948234
2024-12-18,128.88192749023438,136.67022414162827,128.2520598203989,133.83084634553458,277444500,NVDA,138.39751129150392,139.62404083251954,115.9191780090332,-0.011350545416578761,0.02053239862402139,-0.1340753176784082,40.69450619454933,-2.15903056397255,-0.7104569445704715,138.39751129150392,148.54285807427974,128.2521645087281,0.14661169392572207
2024-12-19,130.65151977539062,134.0007959707685,129.52177635647746,131.7312862928068,209719200,NVDA,137.63767852783204,139.58483215332032,116.12913707733155,0.013730336903056806,0.021011990643323916,-0.12218588005746035,38.668140441061766,-2.3826992321981493,-1.0449054020960071,137.63767852783204,147.7095190949642,127.56583796069987,0.14635295617973562
2024-12-20,134.670654296875,135.25052978203578,128.19207015255645,129.7817201303188,306528600,NVDA,137.03981323242186,139.58281829833984,116.33935585021973,0.030762248524884184,0.02241030617593264,-0.09518234394113553,44.702019945773436,-2.210170230009254,-1.2779583676786566,137.03981323242186,146.24711672782223,127.8325097370215,0.13437413957627953
2024-12-23,139.6395721435547,139.75954112073697,135.09056027465786,136.25031123897003,176053500,NVDA,136.92632675170898,139.6803823852539,116.60011253356933,0.03689681224631136,0.023150292449428914,-0.061797456768384176,49.28066127859403,-1.6534298988724458,-1.3530526739174145,136.92632675170898,145.93471843173907,127.9179350716789,0.13158012624358453
2024-12-24,140.18946838378906,141.8690952419841,138.61980292789983,139.9695150682445,105157000,NVDA,137.1367500305176,139.7235629272461,116.87238471984864,0.0039379685270666265,0.0210251522495942,-0.05810284468112416,43.18243851496714,-1.1545284590300753,-1.3133478309399467,137.1367500305176,146.2481855285511,128.0253145324841,0.13288101834126734
2024-12-26,139.89952087402344,140.81933395538283,137.70000300728188,139.6695752314167,116205600,NVDA,137.2876884460449,139.8903076171875,117.11252605438233,-0.0020682545779533434,0.021008677094484486,-0.06005092778457371,42.92021698076249,-0.77362395897498,-1.2054030565469536,137.2876884460449,146.48091753214695,128.09445935994287,0.13392648955139258
2024-12-27,136.98016357421875,138.98973570413628,134.6806765533369,138.51983681592935,170582600,NVDA,137.37163696289062,139.9162890625,117.343193359375,-0.020867528934809587,0.021408446672956532,-0.07966534224627658,42.56774682505629,-0.6992614833153823,-1.1041747419006394,137.37163696289062,146.51903695188037,128.22423697390087,0.13317741844280145
2024-12-30,137.46005249023438,140.23944563051566,133.99080722961983,134.80062832550155,167734700,NVDA,137.3341209411621,139.92767517089842,117.5909733581543,0.0035033460575160102,0.020865313647310407,-0.0764410914514398,48.02278072636426,-0.5947497557139627,-1.0022897446633041,137.3341209411621,146.47318793727277,128.19505394505143,0.13309244539492282
2024-12-31,134.26075744628906,138.0399485497518,133.80086613446198,137.99994871496077,155659200,NVDA,137.11764602661134,139.853681640625,117.82329166412353,-0.023274362158217543,0.02148276625457522,-0.09793633596344714,48.81242125525914,-0.7613039925151952,-0.9540925942336824,137.11764602661134,146.33619200375168,127.89910004947099,0.13446184709663467
2025-01-02,138.27987670898438,138.84975989825128,134.60068545398187,135.97038221662075,198247200,NVDA,137.0206497192383,139.74590301513672,118.07261699676513,0.029935174947178123,0.02243088280534364,-0.07093290236702042,48.46721380122836,-0.5625058722724816,-0.8757752498414424,137.0206497192383,146.1420737732169,127.89922566525968,0.13313940742025146
2025-01-03,144.43853759765625,144.86843662681642,139.69956441393234,139.97950221326124,229322500,NVDA,136.9876564025879,139.76369659423827,118.34802272796631,0.04453765099626916,0.023324964371348986,-0.029554436220526042,59.68487313079482,0.09094715176922819,-0.6824307695193083,136.9876564025879,145.99005334617522,127.98525945900057,0.13143369526857973
2025-01-06,149.39744567871094,152.12686204773377,147.78781099429082,148.55763229845726,265377400,NVDA,137.20610809326172,139.96124572753905,118.64335521697998,0.03433230606964521,0.02455169379242531,0.0,69.62253869685631,0.9974577479912341,-0.3464530660171998,137.20610809326172,147.1887210263001,127.22349516022335,0.14551266079572775
2025-01-07,140.10946655273438,153.09664186378797,139.97948999458222,152.99665754898407,351782200,NVDA,137.09113235473632,139.9560400390625,118.8869352722168,-0.062169597905649465,0.02814487729165981,-0.06216959790564943,58.902021630690626,0.9553983959734182,-0.08608277361907618,137.09113235473632,146.87236978263678,127.30989492683585,0.1426968653609277
2025-01-08,140.07948303222656,143.91864297451565,137.5300354006173,142.54894625810496,227349900,NVDA,137.15611877441407,139.92764129638672,119.11610187530518,-0.0002140006756540247,0.02752153053500052,-0.06237029424534653,61.010425890702585,0.9091663334007478,0.11296704778488863,137.15611877441407,147.00165430082416,127.31058324800398,0.14356684359964164
2025-01-10,135.8804168701172,139.88953842521914,134.19078233209814,137.42007490895548,207602500,NVDA,137.1981101989746,139.83565490722657,119.32070976257324,-0.029976311100058384,0.027690451304192565,-0.09047697400170424,57.46907920771118,0.5276155212065987,0.19589674246923067,137.1981101989746,147.01277042000854,127.38344997794067,0.1430728193967104
2025-01-13,133.20098876953125,133.46094192558937,129.4817974709377,129.96170394882952,204808900,NVDA,136.89417724609376,139.67548461914063,119.5241199874878,-0.019719015898715497,0.02705777540538399,-0.10841187301161251,52.66906541016981,0.008923435011070069,0.15850208097759855,136.89417724609376,146.8133512724606,126.9750032197269,0.14491739862003364
2025-01-14,131.73129272460938,136.35029670610186,130.021673763493,136.02036676060487,195590500,NVDA,136.6152374267578,139.5241094970703,119.7317314529419,-0.01103367218590845,0.0269925087278013,-0.11824936412965045,46.74922339390028,-0.5148016553069397,0.023841333720690916,136.6152374267578,146.7954949866444,126.4349798668712,0.14903546268540419
2025-01-15,136.21034240722656,136.42028814155947,131.26140794998662,133.6208947252083,185217300,NVDA,136.71471633911133,139.59387725830078,119.96120838165284,0.03400140991541667,0.027652432618588612,-0.0882685993162434,46.16591169337393,-0.561957786654375,-0.09331849035432227,136.71471633911133,146.83516281983898,126.59426985838368,0.1480520422633155
2025-01-16,133.54090881347656,138.7197730168145,133.46092441099125,138.6097963703303,209235600,NVDA,136.7931999206543,139.55747161865236,120.1773031616211,-0.01959787741939023,0.02775599404373706,-0.10613659954625264,42.90287566122226,-0.8054456658535685,-0.23574392545417155,136.7931999206543,146.78225279029525,126.80414705101335,0.1460460443272767
2025-01-17,137.6800079345703,138.46982912838536,135.4304980750839,136.66022586007293,201188800,NVDA,137.15912017822265,139.59085174560548,120.41864639282227,0.030994989908860404,0.028352446039140188,-0.07843131246928912,47.81065469940565,-0.6568491095166564,-0.31996496226666854,137.15912017822265,146.68143331904463,127.63680703740067,0.13885060108943273
2025-01-21,140.79933166503906,141.79911388356058,137.0601406758009,139.1296971907641,197749000,NVDA,137.7549903869629,139.60944061279298,120.67802509307862,0.02265633026365843,0.028458597100504673,-0.057551947923947015,53.75245460572338,-0.2841069047193798,-0.3127933507572108,137.7549903869629,146.56098858953712,128.9489921843887,0.12785015160376526
2025-01-22,147.03799438476562,147.7578236263026,143.63872531436203,144.6285153116103,237651400,NVDA,138.57431411743164,139.63883544921876,120.9838851928711,0.044308894409870625,0.02975449324072961,-0.015793116697720978,58.45395403160811,0.5088363718916753,-0.1484674062274336,138.57431411743164,147.64283296150606,129.50579527335722,0.13088311353848028
2025-01-23,147.1879425048828,147.19793483530896,143.68870466698334,145.0184168760411,155915500,NVDA,139.20017852783204,139.60584747314454,121.27998481750488,0.0010197916582350697,0.029208263934017847,-0.014789430728151854,62.05931068016997,1.136251195093223,0.10847631403669772,139.20017852783204,148.84385734562645,129.55649971003763,0.13855842599894694
2025-01-24,142.58892822265625,148.93755110518853,141.8490991802554,148.3376757009225,234657600,NVDA,139.3476463317871,139.50587249755858,121.55746238708497,-0.031245862969203397,0.029248898654330273,-0.045573185171430934,53.976735370044615,1.2479938495026204,0.3363798211298823,139.3476463317871,149.10909783191335,129.58619483166086,0.1401021367362632
2025-01-27,118.39420318603516,128.37202500863236,116.67457662673029,124.77281833637456,818830900,NVDA,138.2578830718994,138.9693898010254,121.72285736083984,-0.16968165297406834,0.048138065170975866,-0.20752190475431756,31.967333225923184,-0.6087441746022648,0.1473550219834529,138.2578830718994,151.76962945590688,124.74613668789195,0.19545715707191666
2025-01-28,128.9619140625,128.97190639273322,116.22468308647473,121.78346978934896,579666400,NVDA,137.71100273132325,138.5836787414551,121.9326696395874,0.08925868490249966,0.052762728021210674,-0.13678635215865,36.87052666004734,-1.2135079221504554,-0.12481756684332877,137.71100273132325,151.8153740742751,123.60663138837138,0.20484015166848724
2025-01-29,123.67305755615234,126.86236527865272,120.02385855553806,126.47245082309266,467120600,NVDA,137.04564743041993,138.13257843017578,122.09816074371338,-0.041010995725330734,0.05331788366006665,-0.17218760338031874,38.86784138374138,-2.095399606095981,-0.5189339746938593,137.04564743041993,152.48727917875522,121.60401568208465,0.22535019590717353
2025-01-30,124.62285614013672,124.97277839409357,118.074279501193,123.07319063695674,392925500,NVDA,136.40378761291504,137.6906773376465,122.2805453491211,0.007679915114519931,0.05335561855543997,-0.16583007444353237,39.6602632629503,-2.68669377791673,-0.9524859353384335,136.40378761291504,152.80996930329897,119.99760592253111,0.24055316905042531
2025-01-31,120.04385375976562,127.8221583994493,119.16404813082586,123.75304497053646,388161100,NVDA,135.69294242858888,137.25276870727538,122.45095500946044,-0.03674287784916486,0.05370273539289097,-0.19647987812370066,39.45968261190135,-3.4846173927014092,-1.4589122268110288,135.69294242858888,153.64886582443287,117.73701903274488,0.2646552292915847
2025-02-03,116.63459777832033,118.54417785753162,112.98539113939223,114.72501007137596,371235700,NVDA,134.61067848205568,136.7832646179199,122.59725154876709,-0.028400087756829118,0.053337926500533005,-0.21929992009936553,39.080019874716875,-4.342023922545991,-2.035534565958021,134.61067848205568,154.423351170731,114.79800579338036,0.2943699996477836
2025-02-04,118.62416076660156,121.17360082598954,116.67458088005824,116.93452639047727,256550000,NVDA,133.31995964050293,136.21639083862306,122.77038822174072,0.017058085904001263,0.05228258539246856,-0.20598267107115978,41.41905134849487,-4.805587843757394,-2.589545221517896,133.31995964050293,153.7893839601143,112.85053532089157,0.3070721649602525
2025-02-05,124.80281829833984,124.97277944773282,120.733704904631,121.73348714021286,262230800,NVDA,132.09022827148436,135.7954837036133,122.9712396621704,0.05208599573484074,0.05318958490902502,-0.16462548786318248,42.69432672565184,-4.621130054781418,-2.9958621881706002,132.09022827148436,151.41596067496548,112.76449586800324,0.292614111677679
2025-02-06,128.65196228027344,128.74195426970414,125.18272455855072,127.39224223836112,251483600,NVDA,131.51735305786133,135.4359637451172,123.23367252349854,0.03084180336963427,0.05221869482901902,-0.1388610314198546,46.91559863678783,-4.116895172497493,-3.220068785035979,131.51735305786133,150.5187294713256,112.51597664439706,0.288956186718639
2025-02-07,129.81170654296875,130.3415898450845,124.97276475304244,129.19184651154228,228186300,NVDA,131.00396423339845,135.1940118408203,123.48532169342042,0.009014586657984713,0.05228427985111698,-0.13109821956302126,44.84204147756576,-3.582407956903353,-3.2925366194094536,131.00396423339845,149.58140528013388,112.42652318666302,0.28361647153879416
2025-02-10,133.54090881347656,134.97058996230598,129.93169464945112,130.06165595495793,216989100,NVDA,130.8869888305664,135.1452099609375,123.74109844207764,0.028727780951507853,0.0523039264585433,-0.10613659954625264,45.27958333060442,-2.825338783996756,-3.1990970523269144,130.8869888305664,149.36433702746777,112.409640633665,0.28234048872222683
2025-02-11,132.77108764648438,134.45071452657314,130.991476437857,132.55113432807275,178902400,NVDA,130.86549377441406,135.06301666259765,124.00674980163575,-0.005764684199262349,0.05211258737894155,-0.11128943976714731,40.01118965210373,-2.2614060631719326,-3.0115588544959184,130.86549377441406,149.3325049008418,112.39848264798634,0.2822288839296501
2025-02-12,131.11143493652344,132.21120144058102,129.05188607934784,129.9916837727306,160278600,NVDA,130.83450088500976,134.97922149658203,124.24933464050292,-0.012500106306125303,0.0521317466519045,-0.12239841624543416,38.977240128332255,-1.9262013720020832,-2.7944873579971516,130.83450088500976,149.29747403203146,112.37152773798805,0.28223401353819944
2025-02-13,135.26052856445312,136.4702717517269,131.1414307383845,131.53134519031366,197430000,NVDA,130.7870101928711,134.920224609375,124.4871615600586,0.031645551205647715,0.05205618294470532,-0.09462623038857161,44.94413402528301,-1.3106437733076746,-2.4977186410592562,130.7870101928711,149.196569977263,112.37745040847918,0.2815196976709447
2025-02-14,138.81976318359375,139.21966995740726,135.47048674490975,136.45026901957874,195479600,NVDA,131.05095291137695,134.92481475830078,124.7426746749878,0.02631391919664594,0.05211152303298129,-0.07080229817225384,69.7010585012496,-0.5295056420537207,-2.1040760412581494,131.05095291137695,149.7754335505721,112.3264722721818,0.28575878653637193
2025-02-18,139.36964416503906,143.408773131914,137.89996298841217,141.239247408195,219176600,NVDA,131.13543472290038,134.90781158447265,125.0077091217041,0.003961114533224563,0.051704724387631226,-0.06712163965130517,62.443214054418924,0.1323965691813953,-1.6567815191702404,131.13543472290038,150.00056737482416,112.27030207097661,0.2877198324280131
2025-02-19,139.19967651367188,141.32921755912488,137.1901197103136,139.47961431944915,167536000,NVDA,131.05545196533203,134.7898370361328,125.28869117736816,-0.0012195457080016459,0.051476884454416796,-0.06825932745175602,71.15226831042321,0.6359134568584466,-1.1982425239645031,131.05545196533203,149.76095911444565,112.34994481621841,0.28545942757210546
2025-02-20,140.07948303222656,140.62936628696042,136.7601988439899,139.9994986264957,143903600,NVDA,130.70752639770507,134.69085845947265,125.5601985168457,0.00632046381564888,0.05047685793081144,-0.06237029424534653,71.09714953848155,1.093343863705428,-0.7399252464305169,130.70752639770507,148.39234843360222,113.0227043618079,0.27060143395396197
2025-02-21,134.4007110595703,141.42919381606555,134.00080428998024,140.00948969645043,228217600,NVDA,130.06816482543945,134.53069305419922,125.78845874786377,-0.04053964113609554,0.05123338293173722,-0.10038146603518304,69.02487917498893,0.986262300154749,-0.3946877371134638,130.06816482543945,146.0907558050568,114.0455738458221,0.24637221569352935
2025-02-24,130.2516326904297,138.55982089892026,130.05167928786804,136.53026411475935,251381100,NVDA,129.45130004882813,134.36013061523437,125.97922622680665,-0.03087095549146035,0.051222652643415106,-0.12815354975650375,67.69750713527594,0.5601464212003862,-0.20372090545069382,129.45130004882813,144.35513180220426,114.54746829545202,0.23026160027368586
2025-02-25,126.60242462158205,130.17164697857655,124.41290666278032,129.9516936613149,271428700,NVDA,129.86171112060546,134.19136734008788,126.15967407226563,-0.028016601354401094,0.03383022926183838,-0.15257972419522545,59.94021009166204,-0.07119340308733513,-0.1772154049780221,129.86171112060546,143.91108203472194,115.81234020648898,0.21637433840785475
2025-02-26,131.2514190673828,133.7008826502409,128.46203316398234,129.96170661334045,322553800,NVDA,129.9761863708496,134.03080276489257,126.36407653808594,0.036721211775341045,0.028467426830325104,-0.1214614247846804,58.35276343592336,-0.19416158993732324,-0.18060464196988232,129.9761863708496,144.03199596886728,115.92037677283193,0.21628284365742922
2025-02-27,120.12384033203124,134.98059773119874,119.98387142553824,134.97060540054449,443175800,NVDA,129.79872550964356,133.68707778930664,126.52116233825683,-0.08478063562603322,0.033180778784139595,-0.19594448361342484,40.70606433297391,-1.1759616173272036,-0.37967603704134656,129.79872550964356,144.27299970385266,115.32445131543446,0.2230264455583382
2025-02-28,124.89279174804688,125.06275289296238,116.37465068149442,117.99429297871988,389091100,NVDA,129.81222229003907,133.50051834106446,126.69644046783448,0.039700290989980846,0.03436898005092518,-0.16402324564077847,45.03031917534063,-1.551347718223127,-0.6140103732777027,129.81222229003907,144.26666493592194,115.35777964415622,0.22269771506703487
2025-03-03,114.03515625,123.67305612882248,112.25554513947324,123.48310269608358,411381400,NVDA,129.51178741455078,133.1417967224121,126.8148265838623,-0.08693564573326684,0.03879307479394111,-0.23669942459899798,32.77414933205695,-2.693910626538795,-1.0299904239299211,129.51178741455078,145.03163141651456,113.99194341258702,0.23966689537357275
2025-03-04,115.96473693847656,119.28401358591904,110.0860202624711,110.62590357369604,398163300,NVDA,129.4782943725586,132.85385940551757,126.93807773590088,0.01692092817627522,0.038481879908425345,-0.22378367038572816,35.45595644740186,-3.404454495494093,-1.5048832382427557,129.4782943725586,145.11758044969378,113.8390082954234,0.24157386615141807
2025-03-05,117.27445220947266,118.25423446970036,114.48505902516024,117.55438999810912,284337900,NVDA,129.41080894470215,132.62170989990236,127.05151493072509,0.011294082197512711,0.03837225475750285,-0.21501701935601295,37.952650523034194,-3.8178724966133046,-1.9674810899168655,129.41080894470215,145.25757510531108,113.56404278409323,0.24490637667492396
2025-03-06,110.5459213256836,115.32487918451908,110.1959990692751,113.50527582346176,321181900,NVDA,128.69796409606934,132.2195979309082,127.13266384124756,-0.05737422564780548,0.038380301975540966,-0.26005481001716796,29.406874230871097,-4.635015872873765,-2.5009880465082457,128.69796409606934,146.57065682651054,110.82527136562814,0.2777463164390036
2025-03-07,112.66545867919922,113.45528753337068,107.53657110597264,111.22576986878714,341755500,NVDA,127.89863891601563,131.7794940185547,127.23380622863769,0.019173365494608907,0.037887077094981285,-0.2458675704436492,27.67155711731546,-5.053327323248951,-3.0114559018563867,127.89863891601563,147.1562724796058,108.64100535242544,0.30113899142016154
2025-03-10,106.95669555664062,111.82562964494367,105.43702244846196,109.87605754375716,366487400,NVDA,126.75588836669922,131.1258364868164,127.29490497589111,-0.050670038443757504,0.038984298077089044,-0.28407948964095375,24.56855320009913,-5.778876346017682,-3.564939990688646,126.75588836669922,148.1315052050401,105.38027152835835,0.33727217115945185
2025-03-11,108.73631286621094,112.2155506077548,104.74717644545998,106.96669412251354,354865700,NVDA,125.51565856933594,130.49677337646483,127.36187320709229,0.016638671382923187,0.03846045805859184,-0.27216752353279483,26.687070643612742,-6.139506520403316,-4.079853296631581,125.51565856933594,148.07907062487016,102.95224651380171,0.3595314291892911
2025-03-12,115.7254409790039,116.74531696319002,112.8658000774832,114.10564961231476,323857500,NVDA,124.66337623596192,130.01329177856445,127.46596607208252,0.06427593440097956,0.04185718742428146,-0.22538541102048623,32.956112429869094,-5.794548357201705,-4.422792308745606,124.66337623596192,147.36018951981103,101.96656295211281,0.3641296099808616
2025-03-13,115.56546020507812,117.74518623487266,113.7756844974016,117.01527472285696,299033100,NVDA,123.88607749938964,129.58499771118164,127.52503414154053,-0.0013824166282918604,0.04184009947007976,-0.226456251108809,35.71491890145366,-5.471009249967167,-4.632435696989919,123.88607749938964,146.7175012808945,101.05465371788478,0.3685874029164795
2025-03-14,121.65469360351562,121.86466627272752,118.13513973204245,118.59508095437825,277593500,NVDA,123.20578575134277,129.26889053344726,127.60120445251465,0.052690772724235835,0.043068512727905725,-0.18569763324372981,43.666282497724666,-4.669425698270231,-4.639833697245982,123.20578575134277,145.41245180263985,100.9991197000457,0.36048089650781767
2025-03-17,119.51496124267578,122.87453914631988,118.01514995099303,122.72455649146468,255501500,NVDA,122.24054565429688,128.973974609375,127.62953296661377,-0.01758857219116783,0.04253681477300482,-0.20002004920686134,44.65959463029899,-4.15888246919269,-4.543643451635324,122.24054565429688,143.2347213212501,101.24636998734367,0.3434895607604031
2025-03-18,115.41547393798828,119.00501849033904,114.5255865509206,117.98515020944647,299686900,NVDA,121.04283714294434,128.51668655395508,127.63274616241455,-0.03430103864873846,0.04289648572469928,-0.22746019241723267,37.96797339800038,-4.038514169073466,-4.442617595122952,121.04283714294434,140.60689484965397,101.47877943623472,0.3232584127816774
2025-03-19,117.50521087646484,120.43484254394583,115.6654460375291,117.2552423301898,273426200,NVDA,119.95811386108399,127.97802001953124,127.66802322387696,0.01810621112728228,0.0432849575605622,-0.21347242355690907,47.69363528031321,-3.7314829055793837,-4.300390657214239,119.95811386108399,137.59411276865427,102.3221149535137,0.294035948714456
2025-03-20,118.51508331298828,120.18487133427746,116.4553449784264,116.53533674228603,248829700,NVDA,118.87989387512206,127.36037277221679,127.71268264770508,0.008594277896195823,0.04332622033621964,-0.20671278699193568,43.98449152075236,-3.3678476995798263,-4.113882065687356,118.87989387512206,133.75726521941488,104.00252253082925,0.2502924735097899
2025-03-21,117.68518829345705,117.97515272195332,115.40547637665556,116.92528940681296,266498500,NVDA,118.0441177368164,126.91188720703126,127.72636978149414,-0.007002442189907199,0.04262005014837874,-0.21226773484101724,54.24592059097141,-3.1107707425959887,-3.913259801069083,118.0441177368164,131.00485168563685,105.08338378799596,0.21959135613545555
2025-03-24,121.3947296142578,122.2046252706928,119.32498270837338,119.86491568880828,228452500,NVDA,117.60127258300781,126.53819213867187,127.75142288208008,0.03152088529229968,0.04296578746958294,-0.18743771646989754,56.065299891974725,-2.577988967315761,-3.646205634318419,117.60127258300781,129.35478411511494,105.84776105090067,0.19988748886728283
2025-03-25,120.67481994628906,121.27474294212928,118.90503833586044,120.53483816820751,167447200,NVDA,117.30489234924316,126.23408020019531,127.74287513732911,-0.005930320618171114,0.04256062718019105,-0.19225647133346427,53.84892395108051,-2.188617248318053,-3.3546879571183457,117.30489234924316,128.3822095131028,106.22757518538353,0.18886368576819382
2025-03-26,113.74568939208984,118.82504445296344,112.69581844673802,118.7150653108018,293463300,NVDA,116.42960586547852,125.84497421264649,127.7068883895874,-0.05741985409452688,0.0433083681683164,-0.23863698689529503,53.60548900884644,-2.4113635839304095,-3.1660230824807587,116.42960586547852,125.44068475962725,107.4185269713298,0.15479016401653073
2025-03-27,111.41598510742188,114.43560190798578,110.64608531130148,111.33599333866172,236902100,NVDA,115.99421310424805,125.43866806030273,127.65980289459229,-0.020481692951346053,0.03937808209737437,-0.2542309903542173,48.5987337771291,-2.7442453729001386,-3.0816675405646348,115.99421310424805,125.09476850840748,106.89365770008861,0.1569139556295011
2025-03-28,109.6562042236328,112.85580631482036,109.05628121542108,111.47597500465491,229872500,NVDA,115.23238372802734,124.90758529663086,127.59941055297851,-0.015794689443282106,0.03814618020585873,-0.2660101802579965,53.32167497359218,-3.1141581228179973,-3.0881656570153075,115.23238372802734,123.7272551328502,106.73751232320448,0.1474389599519618
2025-03-31,108.36636352539062,110.94604080353734,103.63696281055644,105.11677236112796,299212700,NVDA,114.94894409179688,124.40409439086915,127.53691734313965,-0.011762587510431022,0.033098726326712236,-0.2746437997444773,49.539233300936814,-3.4713800979944267,-3.1648085452111316,114.94894409179688,123.9737707863558,105.92411739723795,0.15702322045432282
2025-04-01,110.13613891601562,110.18612804634962,106.45660174663486,108.5063391727533,222614000,NVDA,114.65751419067382,123.85321701049804,127.46183101654053,0.016331408871262276,0.03308122428804255,-0.26279771106079913,41.998278201334216,-3.570516314074311,-3.2459500989837675,114.65751419067382,123.91759536486278,105.39743301648487,0.16152593642994162
2025-04-02,110.4061050415039,111.96591394846298,106.77656451707789,107.27650160670082,220601200,NVDA,114.3140968322754,123.24535247802734,127.36605278015136,0.002451203829599846,0.03295227357333907,-0.2609906779869616,42.63698320647656,-3.585961734735264,-3.3139524261340667,114.3140968322754,123.674434730395,104.95375893415579,0.1637652425641492
2025-04-03,101.78719329833984,105.61670556208404,101.58721388778804,103.49697720927654,338769400,NVDA,113.8761604309082,122.34033645629883,127.21583408355713,-0.07806553577742859,0.035025488659181474,-0.3186818366544237,23.556036579384354,-4.244745702118209,-3.5001110813308953,113.8761604309082,124.68613677939324,103.06618408242316,0.18985494957996493
2025-04-04,94.29813385009766,100.11740141914926,92.09841365005992,98.8975612967062,532273800,NVDA,112.95779418945312,121.28254028320312,127.03266845703125,-0.07357565530166099,0.037884583448252636,-0.36881026699149855,20.61976524399347,-5.309931664433378,-3.862075197951392,112.95779418945312,126.87506434758686,99.04052403131939,0.246415402460704
2025-04-07,97.6277084350586,101.73719167720878,86.60909899272106,87.44898959160196,611041300,NVDA,112.49134483337403,120.38331588745118,126.84315929412841,0.03530901884287374,0.037685573590867855,-0.34652357681527285,28.896793803030036,-5.818359939647124,-4.253332146290539,112.49134483337403,127.81024465308003,97.17244501366802,0.27235695052622716
2025-04-08,96.2878875732422,105.83668151314755,94.448115096381,103.7969372496086,476243400,NVDA,111.86892356872559,119.94118957519531,126.67094203948974,-0.013723776613149052,0.03742661964924916,-0.3554917412690197,24.37198391285024,-6.257275381402266,-4.6541207933128845,111.86892356872559,128.76102625795923,94.97682087949195,0.30199812692139005
2025-04-09,114.31561279296876,115.08551252786717,97.51772411084168,98.8775535578917,612918300,NVDA,111.79843215942383,119.64826354980468,126.60990566253662,0.18722734161151489,0.05530104314841293,-0.23482217334015182,46.40534067477585,-5.091737885119386,-4.741644211674185,111.79843215942383,128.6344465887152,94.96241773013246,0.30118516161806863
2025-04-10,107.55646514892578,110.84605211383004,99.13752639108029,109.3562417228181,437812400,NVDA,111.39798240661621,119.32593170166015,126.55735778808594,-0.0591270735370516,0.05690299506843256,-0.28006489896598996,42.12898207370199,-4.659733244136305,-4.725262018166609,111.39798240661621,128.23772642005778,94.55823839317463,0.3023348116301507
2025-04-11,110.9160385131836,111.53596322542542,107.4664757859784,108.4863440509602,313417300,NVDA,110.86104965209961,119.0517953491211,126.48172264099121,0.03123543860990652,0.05601038864971809,-0.25757741031452536,41.81248896429697,-4.000165542010635,-4.580242722935415,110.86104965209961,126.99376800733239,94.72833129686683,0.29104394024519764
2025-04-14,110.6960678100586,114.27561914894164,109.0562747909433,114.09564149423704,264705000,NVDA,110.42010498046875,118.86483963012695,126.4034381866455,-0.0019832181718143493,0.05590799694082388,-0.259049796285555,42.1417225455211,-3.4553718082069196,-4.355268539989716,110.42010498046875,126.03052826200128,94.80968169893622,0.282746032242837
2025-04-15,112.18588256835938,113.6057097347757,110.48609947397976,110.95604157012,228966900,NVDA,110.25862541198731,118.77586532592774,126.34464836120605,0.013458605962924697,0.05549301563456235,-0.24907763945561348,48.656558829261726,-2.870316032533779,-4.058278038498528,110.25862541198731,125.71755567274646,94.79969515122816,0.2804121709842839
2025-04-16,104.4768524169922,106.776566115048,100.43735975697352,104.53685005598037,397016900,NVDA,109.60720748901367,118.49291915893555,126.2495624923706,-0.06871657979487522,0.05736391372663937,-0.30067845576371793,44.53025790464892,-2.9941942142945663,-3.845461273657736,109.60720748901367,124.87724684854365,94.3371681294837,0.2786320299431138
2025-04-17,101.47722625732422,104.45685460754896,100.03741265575106,104.43685285244638,292517500,NVDA,108.75531463623047,118.02640731811523,126.13567989349366,-0.028710916248661067,0.05752636516680375,-0.3207566180511701,43.67655353218429,-3.2964143157126244,-3.735651882068714,108.75531463623047,123.83272122027212,93.67790805218881,0.2772720879797594
2025-04-21,96.89781188964844,99.42749238220216,95.02804439894427,98.75757087400711,288501100,NVDA,107.71594581604003,117.39132431030274,126.00704723358155,-0.045127508275239814,0.05818098028476934,-0.35140917939096783,41.56245320132674,-3.8609398795930616,-3.7607094815735835,107.71594581604003,123.06494459114197,92.3669470409381,0.2849902799222565
2025-04-22,98.87755584716795,99.79743825075413,97.26775782667497,98.7675690784311,241004800,NVDA,106.59008712768555,116.77264129638672,125.86027374267579,0.02043125555584413,0.05783487832946236,-0.33815765458393005,41.742441462061,-4.1013043802717135,-3.8288284613132095,106.59008712768555,120.98831604992307,92.19185820544803,0.27016074965751197
2025-04-23,102.69707489013672,104.78681586825162,102.0071592730487,104.50684469329865,247526000,NVDA,105.69119987487792,116.15576461791993,125.74484329223633,0.03862877687705457,0.05879739764141662,-0.3125914942950661,44.62567625959433,-3.938194656517908,-3.8507017003541493,105.69119987487792,118.5494031651519,92.83299658460395,0.24331644082943718
2025-04-24,106.4166030883789,106.52658985205171,103.09702130913816,103.4669774804407,220815000,NVDA,105.32474555969239,115.62867492675781,125.63616497039794,0.036218443438834624,0.058252492435653475,-0.28769462821181807,53.46400966200122,-3.4688079265772984,-3.7743229455987795,105.32474555969239,117.62193603422958,93.0275550851552,0.23350999632973818
2025-04-25,110.99604034423828,111.90592192622726,105.71670563343304,106.83655988818872,251064700,NVDA,105.3037483215332,115.22636703491212,125.53448959350585,0.04303310877209787,0.05890741550731241,-0.25704191366870766,63.06321642045471,-2.696212981836439,-3.5587009528463116,105.3037483215332,117.55850732896562,93.0489893141008,0.23275067037526295
2025-04-28,108.71631622314452,110.35610916663856,106.0066506499314,109.67619446115806,207708500,NVDA,105.25675392150879,114.69548278808594,125.40377216339111,-0.02053878781642593,0.05898973658950722,-0.27230137216036393,58.81979130180649,-2.2420358127753275,-3.295367924832115,105.25675392150879,117.44828152234597,93.06522632067161,0.23165311766936197
2025-04-29,109.00627899169922,110.18613082106047,107.42648359585716,107.65645038374016,170444300,NVDA,105.28874969482422,114.09921310424805,125.3120405960083,0.0026671504207294028,0.05891169017720879,-0.27036049045895727,60.28792679598771,-1.8375178006316304,-3.0037978999920183,105.28874969482422,117.51793981021798,93.05955957943046,0.23229813538178856
2025-04-30,108.9062957763672,108.9062957763672,104.06690832142748,104.45685864823317,235044600,NVDA,105.2272575378418,113.48994613647461,125.21061244964599,-0.000917224367778191,0.05881503442481064,-0.2710297335968021,43.83686721861132,-1.507623229370239,-2.7045629658676624,105.2272575378418,117.36585204033298,93.0886630353506,0.2307119806505631
2025-05-01,111.59595489501952,114.92553765737502,111.28599634849851,113.06577112138012,236121500,NVDA,105.28675003051758,112.93787170410157,125.12663116455079,0.024697003047237764,0.059053618885921415,-0.2530263527060966,55.07282562664912,-1.017418228411188,-2.3671340183763676,105.28675003051758,117.54330634933825,93.03019371169691,0.2328223886722324
2025-05-02,114.485595703125,115.38548400726444,113.35574060530446,114.1656362648126,190194800,NVDA,105.92167015075684,112.42599395751954,125.06749431610108,0.025893777340082025,0.05612680991358998,-0.23368438340415923,54.5362209098833,-0.39124731443871497,-1.9719566775888373,105.92167015075684,118.71862261681424,93.12471768469943,0.24163048879126775
2025-05-05,113.80567932128906,114.65557085202862,112.64582923459892,112.89579778060671,133163200,NVDA,106.89704742431641,112.01409332275391,125.04679229736328,-0.005938881460677781,0.05294349126536541,-0.23823544101258812,53.906056384109775,0.049562747979450705,-1.56765279247518,106.89704742431641,118.91364342135135,94.88045142728147,0.22482559222307322
2025-05-06,113.52571868896484,114.72556468927546,110.8060596179303,111.46598025800552,158525600,NVDA,107.69194793701172,111.67957504272461,125.0091962814331,-0.002459988236033883,0.05269253863315914,-0.2401093728663247,51.73575728199673,0.37202889746093604,-1.1797164544879568,107.69194793701172,119.22017008392828,96.16372579009516,0.21409626936378456
2025-05-07,117.04527282714844,117.66519758488604,112.2658753138673,113.03578272910664,206758800,NVDA,108.72981719970703,111.48843200683594,125.00499206542969,0.031002262560666072,0.05263482109821728,-0.21655104412653736,68.26504228737673,0.901195824488596,-0.7635339986926463,108.72981719970703,119.65697500869611,97.80265939071795,0.20099652681138735
2025-05-08,117.35523986816406,118.66507265437788,115.83542678286972,118.23512643493164,198428100,NVDA,108.8817985534668,111.21050842285156,124.9742981338501,0.002648266209549277,0.03241687873523702,-0.21447626272979092,75.03154256556464,1.3302419748677607,-0.34477880398056493,108.8817985534668,120.21315264757813,97.55044445935546,0.20814046506674908
2025-05-09,116.63532257080078,118.21512557823269,115.19550133583152,117.33523143311392,132972200,NVDA,109.33574142456055,111.14073806762696,124.9447529220581,-0.006134513449693735,0.029176934581417624,-0.21929506866112866,85.42710099586192,1.593800490903746,0.0429370549962973,109.33574142456055,121.16022427809243,97.51125857102868,0.21629675162884462
2025-05-12,122.98452758789062,122.98452758789062,120.26486852149502,121.9546583741676,225023300,NVDA,109.9391658782959,111.10257278442383,124.98863819122315,0.054436382368091785,0.03071768270267835,-0.176796316502111,87.40301373865007,2.2886185263020167,0.4920733492574412,109.9391658782959,123.24248543629511,96.63584632029668,0.24201237933215114
2025-05-13,129.9136505126953,131.20349680462547,124.45434579721416,124.96428378706923,330430100,NVDA,110.90004501342773,111.42014266967773,125.07701541900634,0.05634142002011444,0.03266385161439791,-0.13041585200805114,88.51157453138883,3.3596610548599983,1.0655908903779527,110.90004501342773,126.9302030395364,94.86988698731906,0.2890920021568565
2025-05-14,135.32296752929688,135.4229610498005,131.66342437777934,133.18323739959362,281180800,NVDA,112.05689926147461,111.80730728149415,125.18854068756103,0.041637787832564666,0.033484378641970014,-0.09420829175140087,89.03589107661278,4.59202267195073,1.7708772466925082,112.05689926147461,131.46198742275504,92.65181110019418,0.34634347887853684
2025-05-15,134.8130340576172,136.28285028501523,132.64330897356982,134.27309347043854,226632600,NVDA,113.57370834350586,112.15807891845704,125.30486351013184,-0.0037682699470013015,0.028182788793390697,-0.09762155942383707,86.13468265861282,5.464538959144804,2.5096095891829675,113.57370834350586,135.10956943228703,92.0378472547247,0.3792402555641759
2025-05-16,135.38296508789062,136.3328578150344,133.44322189103335,136.20286928250525,226542500,NVDA,115.26899528503418,112.65481979370117,125.46332134246826,0.004227566230946556,0.026517843377790628,-0.09380669480092302,92.6720034379323,6.131324976208745,3.2339526665881233,115.26899528503418,138.09491352017076,92.4430770498976,0.396046103788677
2025-05-19,135.55294799804688,135.85289804232983,132.3733402168265,132.3733402168265,193154600,NVDA,117.20175209045411,113.11256958007813,125.55620391845703,0.0012555708914034902,0.02275818389524233,-0.09266890486493035,92.64375665327294,6.597422914305966,3.906646716131692,117.20175209045411,140.02410706606292,94.37939711484529,0.38945416034386504
2025-05-20,134.3630828857422,134.5630546490785,132.6032947519003,134.2730826239034,161514200,NVDA,118.97602844238281,113.66069732666016,125.68217254638672,-0.008777862303089301,0.023464023174207805,-0.10063333228133725,89.50957369514414,6.7924970401605975,4.483816780937473,118.97602844238281,141.31249113527875,96.63956574948689,0.3754783713210419
2025-05-21,131.78341674804688,137.3827028648009,130.57356230685332,133.04325269152105,270608700,NVDA,120.43034553527832,114.12163940429687,125.80493930816651,-0.01919921813560177,0.024046609316212237,-0.11790046911875718,81.43878788886923,6.662140187151806,4.9194814621803395,120.43034553527832,142.08107805756438,98.77961301299226,0.3595560973615872
2025-05-22,132.81329345703125,134.23311300774128,131.53345568577518,132.21336282687446,187344000,NVDA,121.75018005371093,114.46339645385743,125.96694271087647,0.007814918860036713,0.023422390051164695,-0.11100693285844392,80.29750541817845,6.566242331099232,5.248833635964118,121.75018005371093,143.01886569747947,100.4814944099424,0.3493824096914798
2025-05-23,131.2734832763672,132.66330787048915,129.14376150329426,129.98365220977007,198821300,NVDA,122.76405220031738,114.7775569152832,126.10225414276123,-0.011593795625301828,0.022713293622915996,-0.12131373679119338,78.07777020166097,6.293445850194814,5.457756078810258,122.76405220031738,143.8062591418076,101.72184525882714,0.34280730497809075
2025-05-27,135.48294067382812,135.64292419162263,133.2932139517279,134.13310453484723,192953600,NVDA,124.10238342285156,115.05412185668945,126.2853028869629,0.03206631904936086,0.022193420004175905,-0.09313750273084904,81.33558149962099,6.343793404267217,5.63496354390165,124.10238342285156,144.78437342836332,103.4203934173398,0.3333052828653973
2025-05-28,134.7930450439453,137.23274065219468,134.773043287045,136.01289284806998,304021100,NVDA,125.39172172546387,115.35968353271484,126.43461345672607,-0.0050921217568175026,0.0224188555075001,-0.09775535698363513,77.55356290884936,6.2559111424897935,5.759153063619278,125.39172172546387,145.31228706843606,105.47115638249166,0.3177333410667547
2025-05-29,139.17250061035156,143.47196297724966,137.89266277883826,142.2321134030903,369241900,NVDA,126.90503196716308,115.83482406616211,126.60692089080811,0.032490219098310735,0.02273383609838434,-0.06844123085175628,80.07167233054325,6.465123362719467,5.9003471234393166,126.90503196716308,146.13918923309632,107.67087470122985,0.3031267865077266
2025-05-30,135.11300659179688,139.6024320207408,132.9032778793795,138.7025513364048,333170900,NVDA,128.08088455200195,116.18697998046875,126.73758876800537,-0.0291687941278016,0.024355369317911383,-0.09561367680698966,73.32156746210195,6.231525170676022,5.966582732886658,128.08088455200195,146.21852350838762,109.94324559561628,0.2832216379489733
2025-06-02,137.3627166748047,138.10261378714853,135.38295485750098,135.4729551269194,197663100,NVDA,129.22474060058593,116.56393264770507,126.84391849517823,0.016650581167249268,0.024122166111566576,-0.08055511892611424,70.24212206423506,6.15695616449247,6.00465741920782,129.22474060058593,146.62273590740696,111.82674529376489,0.26926725062030654
2025-06-03,141.2022247314453,141.9821253260672,137.93263208053455,138.76252943263086,225578800,NVDA,130.59456787109374,117.03427337646484,126.95974933624268,0.02795160251329598,0.024176617231299852,-0.05485516107745234,67.4067228092895,6.334653954314348,6.070656726229126,130.59456787109374,147.17586858609718,114.0132671560903,0.25393553476696495
2025-06-04,141.9021453857422,142.37208748278405,139.52243989492337,142.17211569309742,167120800,NVDA,132.0133892059326,117.44442169189453,127.05518867492675,0.004956867043901525,0.02401374429765702,-0.05017020377368357,61.868699519772036,6.45752020703253,6.148029422389808,132.0133892059326,147.24643777181595,116.78034064004927,0.23078035731846466
2025-06-05,139.97239685058594,143.98188696027037,138.81253909953503,142.15211531599255,231397900,NVDA,133.15974540710448,117.83037322998047,127.13238250732422,-0.013599149821945877,0.02417650737788614,-0.06308708147791355,58.85383335131382,6.326252912687778,6.183674120449402,133.15974540710448,147.04071340656463,119.27877740764433,0.20848594981947993
2025-06-06,141.70216369628906,143.2519716576077,141.49218341482276,142.4920575502711,153986200,NVDA,134.37709159851073,118.38950271606446,127.19113517761231,0.012357914021787986,0.024134262003714806,-0.05150879218491517,60.429042920912686,6.289301214921778,6.2047995393438775,134.37709159851073,146.5925944729821,122.16158872403933,0.18180930587437677
2025-06-09,142.612060546875,144.98175749406252,141.9221449149421,143.17198765195985,185114500,NVDA,135.67592849731446,119.01342422485351,127.26818229675293,0.006421192357627836,0.023861281552016077,-0.04541834769001577,61.372432373966305,6.261261870394918,6.216092005554087,135.67592849731446,145.16933589753387,126.18252109709503,0.1399423981153345
2025-06-10,143.94189453125,144.27183958658884,141.51219232566982,142.6720500430919,155881900,NVDA,136.72379684448242,119.69913803100586,127.34563087463378,0.009324835355968286,0.021490988692784666,-0.036517030948396936,65.36245694766862,6.274023934030311,6.227678391249332,136.72379684448242,144.84636709217835,128.6012265967865,0.11881721302598136
2025-06-11,142.8219451904297,144.9818270127783,141.8619926278542,144.6018435649776,167694000,NVDA,137.36921157836915,120.38824966430664,127.44127086639405,-0.007780565515463356,0.01849135469187813,-0.04401347331213612,68.5731729421835,6.123183165428173,6.2067793460851,137.36921157836915,145.26144382747998,129.4769793292583,0.11490540214112409
2025-06-12,144.9918212890625,144.9918212890625,141.84200506767834,141.9619934165529,162365000,NVDA,137.85265426635743,121.08536331176758,127.51962078094482,0.015192875966922648,0.0165727260190647,-0.029489288586118288,69.73424982692117,6.1083187401701196,6.187087224902104,137.85265426635743,146.37639874056907,129.3289097921458,0.12366456807922104
2025-06-13,141.9619903564453,143.57190012016565,140.84205843661482,142.47195608609783,180820600,NVDA,138.21010208129883,121.7164810180664,127.597366065979,-0.020896564410876506,0.017394962608106766,-0.049769628178624035,66.52197089416704,5.785366438119013,6.106743067545486,138.21010208129883,146.79649912757765,129.62370503502,0.1242513668245187
2025-06-16,144.6818389892578,146.17174515794912,143.19191756263837,143.3419182543515,183133700,NVDA,138.6750457763672,122.57437393188476,127.6795139694214,0.019158991966676142,0.017778798561350433,-0.03156417211840655,64.90581917855909,5.683379010490029,6.022070256134396,138.6750457763672,147.6165720779299,129.7335194748045,0.12895652929485465
2025-06-17,144.1118621826172,145.2118062109318,143.77188503129375,144.48185167828373,139108000,NVDA,139.1029914855957,123.57064849853515,127.77225700378418,-0.003939518675062925,0.01785076325845003,-0.03537934314794609,65.15904740345358,5.493238243464731,5.916303853600463,139.1029914855957,148.2326478157187,129.9733351554727,0.1312647015368952
2025-06-18,145.47178649902344,145.64177507521472,143.1119190601379,144.00186822839106,161494100,NVDA,139.65842666625977,124.52753005981445,127.911884765625,0.009436588326663609,0.017670322718611523,-0.02627661511783735,61.3634611996829,5.390150542477755,5.811073191375922,139.65842666625977,148.92455194451978,130.39230138799977,0.13269697360121585
2025-06-20,143.84188842773438,146.1917466588846,142.6419439392267,145.4417889825313,242956200,NVDA,140.26135025024413,125.4786100769043,128.03446632385254,-0.011204221179341944,0.017198979698328933,-0.03718642728955457,67.25915279130417,5.1179372492087225,5.672446002942482,140.26135025024413,148.91923808163165,131.60346241885662,0.12345365014582757
2025-06-23,144.161865234375,144.77183143330174,142.02198656661903,142.49196127355907,154308900,NVDA,140.82877883911132,126.07553512573242,128.21547664642333,0.002224503655632759,0.01718816325025995,-0.03504464497736728,64.55424562659599,4.871865870120757,5.512329976378137,140.82877883911132,148.89894894305706,132.75860873516558,0.11460967240460761
2025-06-24,147.8916473388672,147.9516567694991,145.4917888831412,145.55178305584516,187566100,NVDA,141.65968704223633,126.88223876953126,128.42408256530763,0.025872182622140638,0.01741096503592339,-0.010079143810009098,64.38695034641728,4.9210875401951455,5.39408148914154,141.65968704223633,148.97410806072295,134.3452660237497,0.10326750215544112
2025-06-25,154.30130004882812,154.44129154756814,149.2515816348226,149.2615908362584,269146500,NVDA,142.60060501098633,127.74994400024414,128.65973857879638,0.043340194157648115,0.01844685392167584,0.0,71.40888686782355,5.414882084322159,5.398241608177663,142.60060501098633,151.28307660549547,133.9181334164772,0.121773278505238
2025-06-26,155.01126098632812,156.71116205301092,153.99131424314706,155.9711982969104,198145700,NVDA,143.61151580810548,128.63624786376954,128.9208362197876,0.004601133867798479,0.01824740533466487,0.0,77.10860473009583,5.796685154258455,5.477930317393822,143.61151580810548,153.1338752349285,134.08915638128246,0.13261275564484462
2025-06-27,157.74110412597656,158.7010567029259,155.25123904977087,156.03119384319848,263234500,NVDA,144.53994598388672,129.54735229492186,129.17738986968993,0.017610611785741304,0.017446455504309906,0.0,77.90521347145307,6.2475247882345,5.631849211561958,144.53994598388672,155.7170708499054,133.36282111786804,0.15465793611497142
2025-06-30,157.98109436035156,158.65105473929458,155.95121007936535,158.39105963903748,194580300,NVDA,145.68335037231446,130.61743713378905,129.42699653625488,0.0015214185022018878,0.015378035081952323,0.0,77.37787763653671,6.548694380123351,5.815218245274236,145.68335037231446,157.46253256849795,133.90416817613098,0.1617093808740685
2025-07-01,153.29136657714844,157.19114075936278,151.4814709885328,156.28118836420296,213143600,NVDA,146.47978286743165,131.65371994018554,129.6091209411621,-0.029685373444153784,0.01736223826139034,-0.029685373444153732,64.874317916221,6.335915127471651,5.919357621713719,146.47978286743165,158.04216519171263,134.91740054315068,0.1578700090611857
2025-07-02,157.2411346435547,157.5911210146133,152.9613771597412,152.97137110311218,171224100,NVDA,147.2817283630371,132.86058639526368,129.79979736328124,0.02576640912401551,0.017220763679897645,-0.004683849797299432,71.04496119611463,6.4120847880707,6.0179030549851165,147.2817283630371,159.5086442664926,135.0548124595816,0.16603438918529234
2025-07-03,159.3310089111328,160.97091579811564,157.76110539966962,158.36106240246136,143716100,NVDA,148.15317153930664,134.06965545654296,130.00112312316895,0.013290887733134138,0.017306680321142402,0.0,70.97718507089401,6.565403298055429,6.127403103599179,148.15317153930664,161.22117165973822,135.08517141887506,0.17641201986640556
2025-07-07,158.2310791015625,159.3010108082469,157.33112071622008,158.19107281354107,140139000,NVDA,149.06610565185548,135.1803355407715,130.2085459136963,-0.006903425874769886,0.01697008598289966,-0.00690342587476993,75.22483752599467,6.522961538470298,6.2065147905734035,149.06610565185548,162.27806316568797,135.854148138023,0.17726306669188863
2025-07-08,159.99098205566406,160.21097087662494,158.3810721884118,159.32102164925746,138133000,NVDA,149.9805465698242,136.2518231201172,130.4307165145874,0.01112235955220875,0.016949052487564304,0.0,74.46471696714563,6.555764822444814,6.276364796947687,149.9805465698242,163.57266031167484,136.3884328279736,0.18125168967193683
2025-07-09,162.87081909179688,164.41072552837133,161.15091487239096,161.2109090473586,183656400,NVDA,150.9934844970703,137.28931869506835,130.67838314056397,0.01799999599434221,0.017152681755047645,0.0,77.91671946238742,6.736486420208138,6.368389121599777,150.9934844970703,165.27549427304862,136.711474721092,0.18917385506465903
2025-07-10,164.09075927734375,164.4907306346819,161.6008940928153,164.31074810125853,167704100,NVDA,152.000927734375,138.39680755615234,130.90965587615966,0.007490231782154355,0.017143386719773255,0.0,77.82432598215267,6.898625505391607,6.474436398358144,152.000927734375,167.01250160951352,136.9893538592365,0.19751950332002666
2025-07-11,164.91070556640625,167.88053943905462,163.4607903198708,163.71077623333997,193633300,NVDA,153.10536575317383,139.5148960876465,131.15437564849853,0.004996907154757091,0.016809755234384938,0.0,82.26649679290045,7.01244955809139,6.582039030304793,153.10536575317383,168.51836703114145,137.6923644752062,0.20133848610917304
2025-07-14,164.06076049804688,165.48067863727533,162.0108729824689,165.36067502496692,136975800,NVDA,154.05881271362304,140.61798538208006,131.3935460662842,-0.005153971450429062,0.016925410176770465,-0.0051539714504290875,79.9879964679262,6.953912106085738,6.656413645460983,154.05881271362304,169.7158120765552,138.40181335069087,0.2032600289090461
2025-07-15,170.69036865234375,172.39026971263084,169.19045325951484,171.1803465068554,230627400,NVDA,155.49523162841797,141.79987365722656,131.64282112121583,0.040409468627178535,0.01728221032414133,0.0,81.59649602880728,7.357660198947315,6.79666295615825,155.49523162841797,171.73963013710323,139.2508331197327,0.20893757755226847
2025-07-16,171.36033630371094,171.74031976856003,168.89047429804987,171.05035621730414,158831500,NVDA,156.82915649414062,142.9373684692383,131.88224983215332,0.0039250466013800445,0.01716466172931532,0.0,78.11474127711497,7.643583785783306,6.966047122083261,156.82915649414062,173.7040351688491,139.95427781943215,0.2152007834759851
2025-07-17,172.99024963378906,174.15018791751396,170.82037376702192,172.01030913929756,160841100,NVDA,158.27307586669923,144.12105987548827,132.12717887878418,0.009511613744672687,0.0169075833074768,0.0,78.7588410655995,7.910513200253234,7.154940337717257,158.27307586669923,175.50444605159655,141.04170568180191,0.21774227979760655
2025-07-18,172.40028381347656,174.24017641906912,171.2503394915346,173.63021019833226,146456400,NVDA,159.61950073242187,145.2985511779785,132.38235427856446,-0.0034103992656315807,0.017144841360969165,-0.003410399265631592,75.17174990488907,7.982434833328654,7.320439236839537,159.61950073242187,176.84749728117558,142.39150418366816,0.2158633057953722
2025-07-21,171.37034606933594,173.37023335124513,170.99036260323587,172.7402639749064,123126100,NVDA,160.99592361450195,146.38505264282227,132.63218006134034,-0.005974107010490393,0.016863386911342326,-0.00936413218596061,72.38386627402723,7.865655496936881,7.429482488859007,160.99592361450195,177.28978346051466,144.70206376848924,0.20241332178108656
2025-07-22,167.0205841064453,171.38033896465845,164.5707252526767,171.33033873133073,193114300,NVDA,162.13885955810548,147.3783595275879,132.88245067596435,-0.025382232472884958,0.018492159412515148,-0.03450868207879465,73.21611032785836,7.33753505689009,7.411093002465224,162.13885955810548,176.56005621851284,147.71766289769812,0.17788698773028258
2025-07-23,170.77037048339844,171.25033914956657,167.96053134785282,169.52044095634585,154082200,NVDA,163.28279571533204,148.46106048583985,133.14222290039064,0.022451043366986,0.018328831585340096,-0.01283239462969727,73.03372712998822,7.139275106218463,7.356729423215873,163.28279571533204,176.52713880574268,150.0384526249214,0.16222582461781074
2025-07-24,173.73020935058594,173.82020061413024,171.29034448608226,172.43027959809626,128984600,NVDA,164.2542411804199,149.47597412109374,133.39680004119873,0.017332274087179744,0.01647147316133446,0.0,73.80955504779745,7.138696477790205,7.3131228341307395,164.2542411804199,177.57472026880322,150.9337620920366,0.1621934263938043
2025-07-25,173.49021911621094,174.71015156060187,172.9502562716434,173.60021352539138,122316800,NVDA,165.17818908691407,150.34750549316405,133.6398302078247,-0.0013813961041784228,0.01655378325802752,-0.001381396104178416,75.97004994964523,7.037745949894372,7.258047457283467,165.17818908691407,178.3620231735842,151.99435500024396,0.15963165790288447
2025-07-28,176.7400360107422,176.9900219174052,173.96019394928393,174.0101941822023,140023500,NVDA,166.12813568115234,151.17584686279298,133.88511344909668,0.018731989106281377,0.016597815105396298,0.0,77.12990031547488,7.137696075466891,7.233977180920152,166.12813568115234,179.78507636310087,152.47119499920382,0.16441454213583812
2025-07-29,175.50009155273438,179.36988356772682,175.01012896550742,177.94996552058157,154077500,NVDA,167.00408554077148,151.98958801269532,134.09835441589357,-0.00701563995343113,0.016822782998680376,-0.00701563995343109,71.60448131307066,7.035750364373882,7.194331817610898,167.00408554077148,180.7080661242097,153.30010495733328,0.16411551297159843
2025-07-30,179.25990295410156,179.87986313645385,176.03007396904806,176.50004870661488,174312200,NVDA,168.30251235961913,152.86712677001952,134.3315941619873,0.021423415612506602,0.014994128030395192,0.0,73.87470382518805,7.175626852209234,7.190590824530566,168.30251235961913,181.44540159748183,155.15962312175643,0.15618173553796671
2025-07-31,177.85997009277344,183.2896719838085,175.92007699286586,182.88968537366165,221685400,NVDA,169.33345413208008,153.71326721191406,134.54703727722168,-0.0078095147785869345,0.014773728811006968,-0.007809514778586986,70.01542000770765,7.091767611835138,7.1708261819914805,169.33345413208008,182.0508512986922,156.61605696546795,0.15020537119254135
2025-08-01,173.710205078125,176.53003812303805,170.88036283204175,174.08017933113513,204529000,NVDA,170.0524139404297,154.50020965576172,134.74178146362306,-0.02333164124835896,0.016071934067466095,-0.030958947229808163,63.534326671603395,6.6142126774751375,7.059503481088212,170.0524139404297,181.9908250144523,158.11400286640708,0.14040860458710927
2025-08-04,179.98985290527344,180.189838579138,174.5101661001552,175.150129411279,148174600,NVDA,171.14035263061524,155.46433837890626,134.95157852172852,0.03615013766361175,0.017306850429844586,0.0,63.172790327217236,6.665624875484383,6.980727759967447,171.14035263061524,182.494307694394,159.78639756683648,0.13268589072367787
2025-08-05,178.24993896484375,180.249826146014,175.8900714807458,179.6098628583566,156407600,NVDA,172.0533004760742,156.3730712890625,135.18501678466797,-0.009666733498278846,0.01764226063010008,-0.009666733498278839,59.47206004829206,6.491146996904831,6.882811607354925,172.0533004760742,182.53538225313451,161.5712186990139,0.12184691311420606
2025-08-06,179.40988159179688,179.88985025482887,176.2400621628547,176.32005948301483,137192300,NVDA,172.88025360107423,157.3357992553711,135.403660736084,0.006507394244785081,0.017401434897282252,-0.0032222444994262794,58.941475762077516,6.3730056549039205,6.780850416864724,172.88025360107423,182.91205539369258,162.84845180845588,0.11605491759361947
2025-08-07,180.7598114013672,183.86963665167795,178.78992126086553,181.5597693442696,151878400,NVDA,173.71370620727538,158.24133666992188,135.62300605773925,0.007524277913753652,0.01740169400041023,0.0,61.402044605023264,6.31550463780448,6.687781261052676,173.71370620727538,183.43579532602044,163.99161708853032,0.11193232049455733
2025-08-08,182.689697265625,183.2896695438941,180.3898238761652,181.5397681998595,123396700,NVDA,174.60265579223633,159.19926971435547,135.8466523742676,0.01067652067844116,0.017448061501012826,0.0,65.0691740753937,6.352433429672459,6.620711694776633,174.60265579223633,184.18593396842238,165.0193776160503,0.1097724216473477
2025-08-11,182.0497283935547,183.82962677132744,180.23983292857787,182.0397344504628,138323200,NVDA,175.50210418701172,160.05681427001954,136.03855697631835,-0.003503037563961864,0.01739995988325495,-0.003503037563961903,72.20081919546458,6.257922192142644,6.548153794249835,175.50210418701172,184.2606607070956,166.74354766692784,0.09981141320962093
2025-08-12,183.1496734619141,184.46959107996432,179.4498851930147,182.9496877934736,145485700,NVDA,176.12506942749025,161.01754760742188,136.23656105041505,0.006042003347467517,0.015330136971549875,0.0,69.83968612168363,6.200304479392798,6.478583931278428,176.12506942749025,185.20893930350323,167.04119955147726,0.10315249164177351
2025-08-13,181.5797576904297,183.9596283806576,179.33989375414814,182.60969839497247,179871700,NVDA,176.63604049682618,161.90188842773438,136.44685989379883,-0.00857176396664916,0.015570700510594922,-0.008571763966649205,63.16666700793026,5.959268210089817,6.374720787040706,176.63604049682618,185.74108132475436,167.530999668898,0.10309380579771067
2025-08-14,182.00973510742188,183.0096786896392,179.44988197821397,179.73985890356855,129554000,NVDA,177.0870147705078,162.71803863525392,136.65505981445312,0.0023679810043872873,0.015495587904359754,-0.006224080736509015,64.19995167792061,5.736810434526035,6.247138716537772,177.0870147705078,186.32424660821783,167.84978293279778,0.1043242142816719
2025-08-15,180.4398193359375,181.8897345024837,178.02995160113952,181.869746616218,156602200,NVDA,177.48899154663087,163.48879211425782,136.84976181030274,-0.008625449460479717,0.015646225151018232,-0.014795844703158065,56.53245008704759,5.371907951278985,6.072092563486015,177.48899154663087,186.56579589886667,168.41218719439507,0.10228019521820417
2025-08-18,181.99972534179688,182.9296808044961,180.5798072904055,180.58981649127065,132008000,NVDA,178.0204605102539,164.32933868408202,137.0573617553711,0.008645020880647225,0.015575877409105082,-0.006278734208916552,61.347736899592384,5.149234314429975,5.887520913674807,178.0204605102539,186.82960054403077,169.21132047647706,0.09896772549096347
2025-08-19,175.63009643554688,182.4897102645763,175.48011099603517,182.4197068875184,185229200,NVDA,178.450936126709,165.0078973388672,137.22946472167968,-0.034998013839239506,0.016615927785830892,-0.04105700482141951,44.191989108774074,4.407975634184396,5.5916118577767255,178.450936126709,185.70010853716005,171.20176371625794,0.0812455520581162
2025-08-20,175.39010620117188,175.99007848098316,168.79048741289236,175.1601234390134,215142700,NVDA,178.68192291259766,165.66345825195313,137.4099150085449,-0.001366452784833938,0.01596255025309699,-0.04236735514767825,45.89564519752581,3.7578395482391898,5.224857395869218,178.68192291259766,185.1533234988186,172.21052232637672,0.07243486616591233
2025-08-21,174.97012329101562,176.89001313294924,173.80019113380274,174.8401410010552,140040900,NVDA,178.74391860961913,166.28402282714845,137.6211558532715,-0.0023945644326968107,0.015533652759142699,-0.04466046821863103,52.38996106363542,3.172146376409387,4.814315191977252,178.74391860961913,185.03688027955266,172.4509569396856,0.0704131555230979
2025-08-22,177.97996520996094,178.57992220965232,171.19033968434712,172.60026380920357,172789400,NVDA,178.96840591430663,166.98718322753905,137.8342497253418,0.017202033480534507,0.015966825234573975,-0.028226685607649703,45.64747307592669,2.9172214931376743,4.434896452209337,178.96840591430663,184.77368240134282,173.16312942727043,0.06487487506387993
2025-08-25,179.79986572265625,181.89975349617023,176.56005805348863,178.3399565343825,163012800,NVDA,179.12139739990235,167.68334411621095,138.0531940460205,0.010225311093573941,0.015589656666049853,-0.018290001155554514,53.344867510632994,2.8294265799844425,4.1138024777643585,179.12139739990235,184.84003602653252,173.40275877327218,0.06385209929847593
2025-08-26,181.7597503662109,182.379710508586,178.79991063056144,180.04984011627135,168688200,NVDA,179.43438034057618,168.47929931640624,138.26264335632325,0.01090036767089586,0.015621101560513577,-0.007589001221955309,54.90195828778886,2.8847412881964942,3.867990239850786,179.43438034057618,185.00169691401996,173.8670637671324,0.06205406748558116
2025-08-27,181.5897674560547,182.47971666734583,179.0899084065932,181.96973565618129,235518900,NVDA,179.55087356567384,169.2174578857422,138.44275093078613,-0.0009352065559824485,0.014932989148157228,-0.00851711049424167,51.82097942928003,2.881644587686992,3.670721109418028,179.55087356567384,185.19972353744086,173.90202359390682,0.06292199931515072
2025-08-28,180.1598358154297,184.45959632874283,176.40005338826177,180.80980830742465,281787800,NVDA,179.66586685180664,169.93841735839842,138.59936340332033,-0.007874516613228466,0.014934957520681828,-0.016324558979386547,44.324807611604434,2.732310522364031,3.483038992007229,179.66586685180664,185.26318509815184,174.06854860546144,0.062308087166740675
2025-08-29,174.170166015625,178.13994326196564,173.14022534545884,178.099952232122,243257900,NVDA,179.68886489868163,170.51238494873047,138.73227584838867,-0.03324642128304889,0.01590911048299946,-0.04902824709734673,35.74530106580026,2.106365039606743,3.207704201527132,179.68886489868163,185.1860336854154,174.19169611194786,0.06118541390790542
2025-09-02,170.77037048339844,172.37028638119727,167.2105736316213,169.99041567915194,231164900,NVDA,179.2278907775879,171.05095458984374,138.8600360107422,-0.019519964928560563,0.014060578661655804,-0.06759118236205824,29.325323974357204,1.3207389916893248,2.830311159559571,179.2278907775879,186.0139230766828,172.441858478493,0.07572518171868682
2025-09-03,170.61038208007812,172.40028977270214,168.8704898798795,171.0503597309562,164424900,NVDA,178.8459129333496,171.57992492675783,138.9718505859375,-0.0009368627758283843,0.013962547560059149,-0.06846472147515735,30.77463700172811,0.6774062440055104,2.3997301764487586,178.8459129333496,186.64774184395952,171.0440840227397,0.08724637630961593
2025-09-04,171.65032958984375,171.85031526705663,169.40045639085815,170.56039467979372,141670100,NVDA,178.45793533325195,172.05509857177734,139.09896186828612,0.0060954526746064275,0.013949488888907794,-0.06278659227018292,32.22377111161845,0.2486096619096827,1.9695060735409435,178.45793533325195,186.88812375353018,170.02774691297373,0.0944781570462049
2025-09-05,167.01058959960938,169.02047080600087,164.06075893837155,168.02052717453523,224441400,NVDA,177.77047424316407,172.30928436279297,139.20042526245118,-0.027030183986951672,0.014806381873060775,-0.08811964311615784,29.152461914841567,-0.46029694336255034,1.4835454701602449,177.77047424316407,187.54546274186785,167.9954857444603,0.10997313856892815
2025-09-08,168.30050659179688,170.95036631358883,167.34056927044318,167.5405549408978,163769100,NVDA,177.05101470947267,172.57506927490235,139.33223136901856,0.007723564088240931,0.014668057819706508,-0.08107667673895741,28.55355352964162,-0.9075631909271351,1.0053237379427689,177.05101470947267,187.40265828578566,166.69937113315967,0.11693402145476839
2025-09-09,170.7503662109375,170.97035502688004,166.7306038641957,169.08046220477644,157548400,NVDA,176.4860466003418,172.83525451660157,139.48543418884276,0.0145564601601742,0.01524417841306808,-0.06770040599365318,41.2919286184196,-1.0522124672251891,0.5938164969091773,176.4860466003418,186.9220243109989,166.05006888968472,0.11826405443020302
2025-09-10,177.32000732421875,179.2798883121013,175.46011154547278,176.63004377208136,226852000,NVDA,176.19456329345704,173.22203277587892,139.63719497680665,0.03847512165898026,0.017780525039576524,-0.031830065691641096,52.80932868243779,-0.6294767120718632,0.34915785511296915,176.19456329345704,186.16201625816254,166.22711032875154,0.11314143613051698
2025-09-11,177.1699981689453,180.27999877929688,176.47999572753906,179.67999267578125,151159300,NVDA,175.9740753173828,173.69960540771484,139.7938040924072,-0.0008459798617036496,0.017701759199490463,-0.032649117958772934,53.22769498460381,-0.3030665036166056,0.21871298336705425,175.9740753173828,185.63018239957856,166.31796823518707,0.1097446548848768
2025-09-12,177.82000732421875,178.60000610351562,176.4499969482422,177.77000427246094,124911000,NVDA,175.76458892822265,174.11118286132813,139.94976432800294,0.003668844397986648,0.01771747476983771,-0.02910005809430855,49.747845877858595,0.007974321703386522,0.1765652510343207,175.76458892822265,185.04379606139324,166.48538179505206,0.10558676454402265
2025-09-15,177.75,178.85000610351562,174.50999450683594,175.6699981689453,147061600,NVDA,175.63009796142578,174.47956268310546,140.12896781921387,-0.00039369767931174415,0.017626733648372393,-0.02948229914828077,46.579952831149356,0.245991770700698,0.19045055496759616,175.63009796142578,184.69959368467957,166.56060223817198,0.10327951562431809
2025-09-16,174.8800048828125,177.5,174.3800048828125,177.0,140737800,NVDA,175.27411193847655,174.81254119873046,140.32346282958986,-0.016146245385021074,0.01781290905202359,-0.04515251609673913,38.859972534817025,0.20072387357879506,0.19250521868983594,175.27411193847655,183.83560210504493,166.71262177190818,0.09769258074545051
2025-09-17,170.2899932861328,173.1999969482422,168.41000366210938,172.63999938964844,211843800,NVDA,175.00710678100586,175.01852142333985,140.49050903320312,-0.026246634655319623,0.01704657905449036,-0.07021404915829918,33.99398441376998,-0.20318465038096178,0.11336724487567641,175.00710678100586,183.85029826954772,166.163915292464,0.10106094148059644
2025-09-18,176.24000549316406,177.10000610351562,172.9600067138672,173.97999572753906,191763300,NVDA,175.04960174560546,175.2859051513672,140.69520309448242,0.03494046885675561,0.018884936125713306,-0.0377268920994658,45.07789076439174,-0.04267685462747295,0.08215842497504655,175.04960174560546,183.90869643414726,166.19050705706366,0.10121810732727594
2025-09-19,176.6699981689453,178.0800018310547,175.17999267578125,175.77000427246094,237182100,NVDA,175.13459548950195,175.5374899291992,140.88750122070311,0.0024398131092768782,0.01887807563033609,-0.03537912555610548,53.64843913195881,0.11786487235997356,0.08929971445203196,175.13459548950195,184.02304799635903,166.24614298264487,0.10150424571471804
2025-09-22,183.6100006103516,184.5500030517578,174.7100067138672,175.3000030517578,269637000,NVDA,175.41609725952148,175.91147583007813,141.11259994506835,0.03928229191902588,0.020474947618697666,0.0,66.98402715319371,0.795920666637727,0.23062390488917098,175.41609725952148,185.01240456496637,165.81978995407658,0.10941193488357595
2025-09-23,178.42999267578125,182.4199981689453,176.2100067138672,181.97000122070312,192559600,NVDA,175.34760360717775,176.1988604736328,141.30365089416503,-0.028212014146021924,0.021420321656995454,-0.028212014146021966,59.130973032532275,0.9048706341358752,0.3654732507385119,175.34760360717775,184.83105848574988,165.8641487286056,0.10816748770422241
2025-09-24,176.97000122070312,179.77999877929688,175.39999389648438,179.77000427246094,143564100,NVDA,175.10811614990234,176.324453125,141.46300888061523,-0.008182432970958109,0.02132627786885041,-0.03616360420225452,56.1514459418066,0.8634518244016078,0.4650689654711311,175.10811614990234,184.14098089539513,166.07525140440956,0.10316900146147595
2025-09-25,177.69000244140625,180.259994506836,173.1300048828125,174.47999572753906,191586700,NVDA,174.91312789916992,176.4510464477539,141.6263168334961,0.004068493053832389,0.021357879053623016,-0.03224224252092063,63.580315425094284,0.8785972779775477,0.5477746279724145,174.91312789916992,183.51495134090817,166.31130445743167,0.09835537841043969
2025-09-26,178.19000244140625,179.77000427246094,174.92999267578125,178.1699981689453,148573700,NVDA,174.81463623046875,176.55504150390624,141.80522193908692,0.0028138893192084513,0.0213070287583637,-0.029519079303569108,62.83365385224657,0.9203369093777667,0.622287084253485,174.81463623046875,183.20604714770928,166.42322531322822,0.0960035280590308
2025-09-29,181.8500061035156,184.0,180.32000732421875,180.42999267578125,193063500,NVDA,175.1986282348633,176.74403594970704,142.02057319641114,0.020539893439379897,0.020305210441695185,-0.009585504607513024,63.965435151552335,1.234516833983463,0.7447330341994806,175.1986282348633,184.150041317293,166.2472151524336,0.10218588093543562
2025-09-30,186.5800018310547,187.3500061035156,181.47999572753903,182.0800018310547,236981000,NVDA,175.9891098022461,177.0482290649414,142.27827026367189,0.026010423804146532,0.02027597527384922,0.0,62.21633880434829,1.8439222251564615,0.9645708723908768,175.9891098022461,186.02101687679286,165.95720272769935,0.11400599827818116
2025-10-01,187.2400054931641,188.13999938964844,183.8999938964844,185.2400054931641,173844900,NVDA,176.8205909729004,177.45261749267578,142.51807205200194,0.003537376222704891,0.020235952855731147,0.0,63.10856334715801,2.3530130975525196,1.2422593174232055,176.8205909729004,187.6965493076308,165.94463263817,0.12301687574833695
2025-10-02,188.88999938964844,191.0500030517578,188.0599975585937,189.6000061035156,136805800,NVDA,177.6825744628906,177.81501007080078,142.77597160339354,0.008812186755381202,0.020253829953637437,0.0,64.04464190647654,2.8566819483225174,1.5651438436030678,177.6825744628906,189.52308865060604,165.84206027517519,0.13327715701449772
2025-10-03,187.6199951171875,190.3600006103516,185.3800048828125,189.19000244140625,137596900,NVDA,178.71304473876953,178.0928057861328,143.04296775817872,-0.0067235125023275,0.01903654026804923,-0.006723512502327513,62.15216850566125,3.1174286336203636,1.875600801606527,178.71304473876953,190.2256293919952,167.20046008554385,0.12883877245842887
2025-10-06,185.5399932861328,187.22999572753903,183.3300018310547,185.5,157678100,NVDA,179.57501907348632,178.33380126953125,143.3108115386963,-0.011086248188821868,0.01940823039247489,-0.01773522216284793,63.38521139848522,3.1202650229448636,2.1245336458741946,179.57501907348632,190.36379888226506,168.78623926470758,0.12015902729058009
2025-10-07,185.0399932861328,189.0599975585937,184.0,186.22999572753903,140088000,NVDA,180.28950042724608,178.49980041503906,143.58420349121093,-0.002694836790410604,0.01934747403621108,-0.02038226542408795,70.64091164937506,3.0470426496470395,2.309035446628764,180.28950042724608,190.49446494946676,170.0845359050254,0.1132064207625755
2025-10-08,189.1100006103516,189.6000061035156,186.5399932861328,186.57000732421875,130168900,NVDA,180.87900009155274,178.7719985961914,143.88534385681152,0.02199528465138445,0.018123223666141865,0.0,69.0103290939301,3.279623509540585,2.503153059211128,180.87900009155274,191.70493694301078,170.0530632400947,0.11970363442940796
2025-10-09,192.57000732421875,195.3000030517578,191.0599975585937,192.22999572753903,182997200,NVDA,181.6490005493164,179.03820068359374,144.19493629455567,0.01829626515097038,0.018391833999867508,0.0,71.55639977178024,3.700482285668329,2.7426189045025686,181.6490005493164,193.50577083054844,169.79223026808438,0.130545945701617
2025-10-10,183.1600036621093,195.6199951171875,182.0500030517578,193.509994506836,268774400,NVDA,181.91600036621094,179.14420135498048,144.43738304138185,-0.04886536482426562,0.021907553981857387,-0.048865364824265664,49.42821257439853,3.237388643940136,2.8415728523900823,181.91600036621094,193.64958168676398,170.1824190456579,0.12899999227041534
2025-10-13,188.32000732421875,190.1100006103516,185.9600067138672,187.97000122070312,153482800,NVDA,182.4445007324219,179.43639739990235,144.68078521728515,0.028172109406748858,0.022680778599873296,-0.022069895821546736,62.57311257435401,3.2492968960428357,2.9231176611206333,182.4445007324219,194.33908077813916,170.5499206867046,0.1303912148403113
2025-10-14,180.02999877929688,184.8000030517578,179.6999969482422,184.7700042724609,205641400,NVDA,182.7020004272461,179.4372003173828,144.8799878692627,-0.04402085929536681,0.024695128768181737,-0.0651192193382898,53.314552960123535,2.56028647577574,2.8505514240516545,182.7020004272461,194.12051737463955,171.28348347985266,0.12499608018184145
2025-10-15,179.8300018310547,184.8699951171875,177.2899932861328,184.8000030517578,214450500,NVDA,183.1790008544922,179.46880157470704,145.07964027404785,-0.0011109090129327592,0.023819752440285502,-0.06615778682354448,52.34443250146686,1.9753322705696519,2.675507593355254,183.1790008544922,193.1151854508757,173.24281625810866,0.108486066088725
2025-10-16,181.8099975585937,183.27999877929688,179.77000427246094,182.22999572753903,179723300,NVDA,183.45750045776367,179.51680389404297,145.30378944396972,0.011010374839450554,0.022705901251595762,-0.05587583401556954,53.84124909570992,1.6524722844076791,2.4709005315657393,183.45750045776367,192.87339020137082,174.04161071415652,0.1026492753919856
2025-10-17,183.22000122070312,184.1000061035156,179.75,180.17999267578125,173135200,NVDA,183.78500061035157,179.5660076904297,145.53258918762208,0.007755369237354648,0.022744810489417722,-0.04855380250245082,51.52662618062563,1.4931666354244726,2.275353752337486,183.78500061035157,192.64616656631537,174.92383465438778,0.0964296969451891
2025-10-20,182.63999938964844,185.1999969482422,181.72999572753903,183.1300048828125,128544700,NVDA,183.73650054931642,179.56501373291016,145.77448539733888,-0.0031656032485013474,0.021003455778251325,-0.05156570367602336,45.162083287741886,1.3050704209469473,2.0812970860593785,183.73650054931642,192.6123056591035,174.86069543952934,0.09661450047487695
2025-10-21,181.1600036621093,182.7899932861328,179.8000030517578,182.7899932861328,124240200,NVDA,183.8730010986328,179.54721923828126,145.9888860321045,-0.008103349389427472,0.02004389681153213,-0.05925119815205236,42.68175451730047,1.0247666573110337,1.8699910003097096,183.8730010986328,192.4852477649429,175.26075443232273,0.09367603307557176
2025-10-22,180.27999877929688,183.44000244140625,176.75999450683594,181.13999938964844,162249600,NVDA,184.0385009765625,179.48982574462892,146.16809333801268,-0.004857611310572496,0.01997782061889032,-0.06382099017231646,39.44077353049608,0.7232773742686618,1.6406482751015001,184.0385009765625,192.2080428590565,175.8689590940685,0.08878079140119058
2025-10-23,182.1600036621093,183.02999877929688,179.7899932861328,180.4199981689453,111363700,NVDA,184.26200103759763,179.5014306640625,146.3319061279297,0.010428249919803623,0.02007760099461381,-0.05405828148815901,43.40262592546422,0.6287972443114711,1.4382780689434944,184.26200103759763,191.92940287806942,176.59459919712583,0.08322282182214343
2025-10-24,186.259994506836,187.47000122070312,183.5,183.83999633789065,131296700,NVDA,184.6655006408691,179.58643585205078,146.56265876770019,0.022507634839159518,0.020624166534242597,-0.032767370708767535,50.82949402727742,0.8746733666387456,1.325557128482545,184.6655006408691,191.81966121945177,177.51134006228645,0.0774823727632355
2025-10-27,191.4900054931641,192.0,188.42999267578125,189.9900054931641,153452700,NVDA,185.14750061035156,179.8074395751953,146.8197113800049,0.02807908912579804,0.021037506859661298,-0.00560835950551907,56.700610287707065,1.4745524201732962,1.3553561868206951,185.14750061035156,192.78556239401038,177.50943882669273,0.08250785734054662
2025-10-28,201.02999877929688,203.1499938964844,191.9100036621093,193.0500030517578,297986200,NVDA,185.87000045776367,180.18804504394532,147.1454592895508,0.049819797443545255,0.02300206792148476,0.0,61.119396845360434,2.688764220894143,1.6220377936353847,185.87000045776367,196.30149638773932,175.438504527788,0.11224507348453
2025-10-29,207.0399932861328,212.19000244140625,204.77999877929688,207.97999572753903,308829600,NVDA,186.8599998474121,180.81624298095704,147.51465431213379,0.029896008274039154,0.023718772641805715,0.0,62.88511451698939,4.088858336296084,2.1154019021675246,186.8599998474121,200.95416599087133,172.76583370395286,0.15085268281032196
2025-10-30,202.88999938964844,206.1600036621093,201.4100036621093,205.1499938964844,178864400,NVDA,187.55999984741212,181.36624084472658,147.87044784545898,-0.020044407027916655,0.02436326770300968,-0.02004440702791664,69.38494396165429,4.808147849939331,2.6539510917218863,187.55999984741212,203.36543664525192,171.7545630495723,0.16853739401469595
2025-10-31,202.4900054931641,207.97000122070312,202.07000732421875,206.4499969482422,179802200,NVDA,188.30350036621093,181.91663848876954,148.20184616088866,-0.0019714815796127994,0.02427759659206135,-0.021976371428299654,65.35877016712567,5.284991712476568,3.1801592158728225,188.30350036621093,205.4619066992786,171.14509403314327,0.18224203267276656
2025-11-03,206.8800048828125,211.33999633789065,205.5599975585937,208.0800018310547,180267300,NVDA,189.37050094604493,182.49463928222656,148.56854164123536,0.02168007936469052,0.024304275352468926,-0.0007727415403226265,81.79021847214037,5.9485588870007575,3.73383915009841,189.37050094604493,208.36153238283228,170.37946950925758,0.20057011352785342
2025-11-04,198.69000244140625,203.97000122070312,197.92999267578125,203.0,188919300,NVDA,190.0530014038086,182.87244201660155,148.87359161376952,-0.03958817792007252,0.026296608810311557,-0.04033032803081061,68.77738538662145,5.747324325994413,4.136536185277611,190.0530014038086,209.36710985736354,170.73889295025364,0.2032497073015749
2025-11-05,195.2100067138672,202.9199981689453,194.6499938964844,198.7700042724609,171350300,NVDA,190.35800170898438,183.1414471435547,149.14564498901368,-0.017514699706973502,0.02634934678061228,-0.05713865415324073,62.954382049853116,5.24655885034818,4.358540718291724,190.35800170898438,209.80163240734637,170.91437101062238,0.20428487926750824
2025-11-06,188.0800018310547,197.6199951171875,186.3800048828125,196.4199981689453,223029800,NVDA,190.13350143432618,183.27125183105468,149.3508550262451,-0.03652479195527836,0.027387126995411265,-0.09157646865296741,54.23050286806325,4.225656064243196,4.331963787482019,190.13350143432618,209.57327881621939,170.69372405243297,0.2044855560460804
2025-11-07,188.1499938964844,188.32000732421875,178.91000366210938,184.8999938964844,264942300,NVDA,190.38300094604492,183.43105499267577,149.55566528320313,0.000372139859359244,0.024945180527442448,-0.0912384080477732,54.83927339938781,3.383231242010112,4.142217278387638,190.38300094604492,209.57240656460678,171.19359532748305,0.2015873846215944
2025-11-10,199.0500030517578,199.94000244140625,193.7899932861328,195.1100006103516,198897100,NVDA,190.91950073242188,183.92865173339842,149.83797065734862,0.05793255120311258,0.02737991625129623,-0.03859153059057868,63.481538702480805,3.5541728524531777,4.024608393200746,190.91950073242188,210.4627723454679,171.37622911937586,0.204727872617228
2025-11-11,193.1600036621093,195.4199981689453,191.3000030517578,195.1600036621093,176483300,NVDA,191.57600097656248,184.37644439697266,150.211799659729,-0.029590551616906935,0.026238366306876867,-0.06704013752956967,59.02466895092376,3.1777405691252056,3.8552348283856386,191.57600097656248,210.44971541616178,172.7022865369632,0.19703631293471166
2025-11-12,193.8000030517578,195.88999938964844,191.1300048828125,195.72000122070312,154935300,NVDA,192.27450103759764,184.84023681640625,150.5359901046753,0.003313312163568005,0.026212973781638664,-0.06394895026912557,58.30005899399467,2.897655505645048,3.6637189638375203,192.27450103759764,210.33434805070317,174.21465402449212,0.18785483166667094
2025-11-13,186.8600006103516,191.44000244140625,183.8500061035156,191.0500030517578,207423100,NVDA,192.52700119018556,185.14443023681642,150.85192481994628,-0.035810125552747096,0.02761396139744689,-0.09746905588376892,50.41118844146591,2.091575497556704,3.349290270581357,192.52700119018556,210.10561683188354,174.94838554848758,0.1826093538363811
2025-11-14,190.1699981689453,191.009994506836,180.5800018310547,182.8600006103516,186591900,NVDA,192.87450103759767,185.60761840820314,151.17966053009033,0.01771378330184148,0.02781734672213512,-0.08148181831648767,49.07094050359173,1.7002411027592643,3.019480437016939,192.87450103759767,209.9459101882909,175.80309188690444,0.17702090280316984
2025-11-17,186.6000061035156,189.0,184.32000732421875,185.97000122070312,173628900,NVDA,193.072501373291,185.9736083984375,151.51244129180907,-0.018772635535591498,0.028193005895423492,-0.09872482537404648,38.91194266238879,1.0894784223821716,2.6334800340899855,193.072501373291,209.73097150834002,176.414031238242,0.17256180985443526
2025-11-18,181.3600006103516,184.8000030517578,179.64999389648438,183.3800048828125,212533500,NVDA,193.08250122070314,186.18580108642578,151.83606830596923,-0.02808148618310946,0.028894437313703593,-0.1240339717374847,30.03110610342189,0.18053880813201317,2.142891788898391,193.08250122070314,209.71107556131207,176.4539268800942,0.17224320417935365
2025-11-19,185.6434936523437,187.8540954589844,183.27999877929688,184.8000030517578,73141409,NVDA,193.35067596435547,186.35227081298828,152.17116497039794,0.02361873085342059,0.02931767370047765,-0.10334476587921249,36.616814829707764,-0.19194764194079994,1.675923902730553,193.35067596435547,209.2676742454566,177.43367768325436,0.16464383381866676
2025-11-20,180.63999938964844,196.0,179.85000610351562,195.9499969482422,343504800,NVDA,193.27467575073243,186.42167083740233,152.4503508758545,-0.026952166026703583,0.029928720794548943,-0.12751156661794869,34.17514512395873,-0.8807334611935573,1.1645924299457309,193.27467575073243,209.42939541041451,177.11995609105034,0.16716850872399788
2025-11-21,178.8800048828125,184.5599975585937,172.92999267578125,181.2400054931641,346068500,NVDA,192.90567626953126,186.44287078857423,152.7014910888672,-0.009743105141622355,0.02951844526079529,-0.13601231315923937,28.917879582210475,-1.5507420442167472,0.6215255351132353,192.90567626953126,210.0423324482648,175.7690200907977,0.17766876029909978
2025-11-24,181.6600036621093,183.3699951171875,176.47999572753906,179.5,173357224,NVDA,192.4141761779785,186.5210708618164,152.9607325744629,0.015541137653244164,0.028983055893969246,-0.12258496158733903,36.040293203398626,-1.8362389853398327,0.1299726310226217,192.4141761779785,210.27055207326228,174.55780028269473,0.18560353763921278
2025-11-25,177.82000732421875,178.16000366210938,169.5500030517578,174.91000366210938,320600300,NVDA,191.2536766052246,186.57987091064453,153.1821280670166,-0.02113836981437589,0.026513325575397675,-0.14113208515000067,35.828833518067555,-2.345317618754166,-0.36508541893273583,191.2536766052246,209.75750517525086,172.74984803519834,0.19350036975467771
2025-11-26,180.259994506836,182.91000366210932,178.24000549316406,181.6300048828125,183852000,NVDA,189.91467666625977,186.7792709350586,153.41957260131835,0.013721668440652035,0.025598648547359763,-0.12934698438811482,43.10002945828532,-2.5227982814340635,-0.7966279914330014,189.91467666625977,207.45953811706,172.36981521545954,0.18476572489057394
2025-11-28,177.0,179.2899932861328,176.5,179.00999450683594,121332800,NVDA,188.62017669677735,186.7944708251953,153.64901542663574,-0.018084958427713516,0.0255481526090285,-0.14509270798041918,40.686134803173005,-2.8931567865698185,-1.2159337504603651,188.62017669677735,205.95326368156242,171.28708971199228,0.18378825943578084
2025-12-01,179.9199981689453,180.3000030517578,173.67999267578125,174.6999969482422,181241297,NVDA,187.49167633056638,186.8594708251953,153.8723127746582,0.016497164796301256,0.026049081504924874,-0.13098916149841255,31.562135273521292,-2.917418931970303,-1.5562307867623528,187.49167633056638,203.93885647633132,171.04449618480143,0.17544437670680313
2025-12-02,181.4499053955078,185.6496685428864,179.98997995570696,181.74987648908228,182632200,NVDA,186.22017135620115,186.81626892089844,154.08546348571778,0.008503263906916692,0.025484084785882186,-0.12359973300066264,37.67795469908307,-2.7811369146298546,-1.8012120123358533,186.22017135620115,200.08555767218573,172.35478504021657,0.1489139035261967
2025-12-03,179.5800018310547,182.43984327721984,179.1000328161426,181.06992440272876,165138000,NVDA,185.26467132568357,186.8392691040039,154.28651527404784,-0.010305343286772684,0.024279363118585306,-0.13263133860871,35.41441551985989,-2.7918354826570635,-1.9993367064000953,185.26467132568357,198.1080026847758,172.42133996659132,0.13864846726783092
2025-12-04,183.3800048828125,184.5200042724609,179.9600067138672,181.6199951171875,167364900,NVDA,184.67317123413085,186.9674691772461,154.50741691589354,0.02116050235556166,0.024746150783193047,-0.11427738200619918,46.18478128131388,-2.4652676160690987,-2.092522888333896,184.67317123413085,196.64825797240496,172.69808449585673,0.1296895121066823
2025-12-05,182.41000366210935,184.66000366210935,180.91000366210935,183.88999938964844,143971100,NVDA,184.38967132568357,187.06186920166016,154.71906951904296,-0.0052895691726206895,0.023460030472035057,-0.11896247306183207,41.03238511587416,-2.2586943978461136,-2.1257571902363397,184.38967132568357,196.2934153199045,172.48592733146262,0.12911508446908196
2025-12-08,185.5500030517578,188.0,182.3999938964844,182.63999938964844,204378100,NVDA,184.25967178344723,187.2090692138672,154.9748159790039,0.01721396484079296,0.023821546565095185,-0.10379632404969925,48.77441402945342,-1.8206248949604458,-2.064730731181161,184.25967178344723,196.04672240680145,172.472621160093,0.1279395595277848
2025-12-09,184.97000122070312,185.72000122070312,183.32000732421875,185.55999755859372,144719700,NVDA,183.5556716918945,187.27146911621094,155.24840782165526,-0.0031258519079242486,0.019462272555897272,-0.10659772402005722,54.72800648133676,-1.5029281382542763,-1.9523702125957842,183.5556716918945,193.0898486380531,174.0214947457359,0.10388321818965192
2025-12-10,183.77999877929688,185.47999572753903,182.0399932861328,184.97000122070312,162785400,NVDA,183.0866714477539,187.2154690551758,155.53429569244383,-0.006433488855235314,0.018491812337088485,-0.11234541760581603,47.3441839790747,-1.3318220063800652,-1.8282605713526405,183.0866714477539,191.4869900276916,174.6863528678162,0.09176330000990642
2025-12-11,180.92999267578125,181.32000732421875,176.6199951171875,180.27999877929688,182136600,NVDA,182.44317092895508,187.08926879882813,155.78268856048584,-0.015507705530775517,0.018667963488547698,-0.12611090348262857,50.44032052461277,-1.4099379511308427,-1.744596047308281,182.44317092895508,189.198743351238,175.68759850667217,0.07405673106738084
2025-12-12,175.02000427246094,182.82000732421875,174.6199951171875,181.1100006103516,204274900,NVDA,181.85117111206054,186.81186889648438,156.057169380188,-0.032664503634346365,0.01839051132910765,-0.15465605705183588,44.79500720352288,-1.926524299549385,-1.7809816977565018,181.85117111206054,189.03836875328975,174.66397347083134,0.07904483207094994
2025-12-15,176.2899932861328,178.4199981689453,175.02999877929688,177.94000244140625,164775600,NVDA,181.15717086791992,186.58526885986328,156.31415538787843,0.007256250615185866,0.01790977785853876,-0.14852202954577465,42.451442472891706,-2.2079928358288043,-1.8663839253709624,181.15717086791992,187.60462953689742,174.7097121989424,0.07118082754425756
2025-12-16,177.72000122070312,178.49000549316406,174.89999389648438,176.25999450683594,148588100,NVDA,180.7131706237793,186.42886901855468,156.63257961273194,0.00811167955658898,0.017721286234313186,-0.1416151130999553,49.84920576487695,-2.289279599263466,-1.9509630601494632,180.7131706237793,186.79512219880922,174.63121904874936,0.0673105513453886
2025-12-17,170.94000244140625,176.1300048828125,170.30999755859375,176.10000610351562,222775500,NVDA,180.19217071533203,186.14686920166017,156.9074559402466,-0.038149891586355955,0.018613233323009938,-0.17436240347455845,37.57327817896168,-2.867731757006453,-2.134316799520861,180.19217071533203,187.6666289813861,172.71771244927794,0.08296096591080254
2025-12-18,174.13999938964844,176.14999389648438,171.82000732421875,174.52999877929688,176096000,NVDA,179.61699600219725,185.8474691772461,157.19178367614745,0.018720000599854014,0.01827663194469963,-0.15890646717234008,46.18053475325586,-3.03298389888829,-2.314050219394347,179.61699600219725,187.0956123566536,172.13837964774092,0.08327292540138963
2025-12-19,180.9900054931641,181.4499969482422,176.33999633789062,176.6699981689453,324925900,NVDA,179.63449630737304,185.615869140625,157.54400409698485,0.039336201490321354,0.01966836541327643,-0.125821042492825,51.293222366970966,-2.581451797815646,-2.3675305350786067,179.63449630737304,187.12482103028054,172.14417158446554,0.0833951704920951
2025-12-22,183.69000244140625,184.16000366210935,182.3500061035156,183.9199981689453,129064400,NVDA,179.87499618530273,185.62646911621093,157.8991268157959,0.014917933953784823,0.019779572825780144,-0.11278009854094458,52.6329363193377,-1.9828847051176126,-2.290601369086408,179.87499618530273,187.5694186358712,172.18057373473428,0.085552996400254
2025-12-23,189.2100067138672,189.3300018310547,182.8999938964844,182.97000122070312,174873600,NVDA,180.25249633789062,185.6442691040039,158.31039337158202,0.030050651636426062,0.02057138021306473,-0.08611856235729431,60.42433900607443,-1.050982685341694,-2.0426776323374654,180.25249633789062,188.98628664787486,171.51870602790638,0.09690617869294192
2025-12-24,188.6100006103516,188.91000366210935,186.58999633789065,187.94000244140625,65528500,NVDA,180.79199600219727,185.815869140625,158.70976181030272,-0.003171111898024326,0.019877336365124097,-0.08901658265758662,56.08280420942342,-0.3567467443693033,-1.705491454743833,180.79199600219727,190.2001153366759,171.38387666771862,0.10407672399793959
2025-12-26,190.52999877929688,192.69000244140625,188.0,189.9199981689453,139740300,NVDA,181.3054962158203,186.02986907958984,159.0837845993042,0.01017972622200336,0.019793679225485774,-0.07974302087625575,59.239866483866834,0.34439804046076006,-1.2955135557029143,181.3054962158203,191.66439671441435,170.94659571722627,0.11427012103663016
2025-12-29,188.22000122070312,188.75999450683597,185.91000366210935,187.7100067138672,120006100,NVDA,181.86649627685546,186.15806915283204,159.44705730438233,-0.012124062212741427,0.019502844813673027,-0.09090027374286154,53.096727129602726,0.7055299265741439,-0.8953048592475027,181.86649627685546,192.45632310554137,171.27666944816954,0.11645714901292227
2025-12-30,187.5399932861328,188.9900054931641,186.92999267578125,188.2400054931641,97687300,NVDA,182.24749603271485,186.24446899414062,159.7764838027954,-0.003612835671873982,0.019301761919565542,-0.09418470166317416,52.97383900267356,0.9261821396992787,-0.5310074594581464,182.24749603271485,193.08779657616233,171.40719548926737,0.11896240858641553
2025-12-31,186.5,190.55999755859372,186.4900054931641,189.57000732421875,120100500,NVDA,182.50000076293946,186.32166900634766,160.11140899658204,-0.005545448029029565,0.019317965584959965,-0.09920785332400098,53.15838524723776,1.0055405956505012,-0.2236978484364169,182.50000076293946,193.4962203696452,171.50378115623374,0.12050651573409461
2026-01-02,188.8500061035156,192.92999267578125,188.25999450683597,189.83999633789065,148240500,NVDA,182.9635009765625,186.47546905517578,160.47858165740968,0.012600568919654664,0.019256967013829777,-0.08785735979752637,59.30452758700305,1.2437217463696584,0.06978607052479815,182.9635009765625,194.21988669066727,171.70711526245773,0.12304515003292052
2026-01-05,188.1199951171875,193.6300048828125,186.1499938964844,191.75999450683597,183529700,NVDA,183.20050048828125,186.6322689819336,160.8316555786133,-0.0038655597709006395,0.018801726348579833,-0.09138330169281618,67.52271774480286,1.3579229482075732,0.3274134460613532,183.20050048828125,194.69097363904137,171.71002733752113,0.12544150392749753
2026-01-06,187.2400054931641,192.1699981689453,186.82000732421875,190.5200042724609,176862600,NVDA,183.44200057983397,186.73386901855469,161.17528018951415,-0.004677810157688089,0.018790688086467784,-0.09563363811360252,64.80130584470291,1.3617233164125082,0.5342754201315842,183.44200057983397,195.06478575562687,171.81921540404107,0.1267189099448865
2026-01-07,189.1100006103516,191.3699951171875,186.55999755859372,188.57000732421875,153543200,NVDA,183.62000045776367,186.790869140625,161.53240425109863,0.009987155855193386,0.01853992271978643,-0.08660159030724883,65.2150640864929,1.498355998099015,0.7270915357250705,183.62000045776367,195.48522840993726,171.75477250559007,0.12923677075039372
2026-01-08,185.0399932861328,189.5500030517578,183.7100067138672,189.1100006103516,172457000,NVDA,183.62350006103514,186.66186889648438,161.85063056945802,-0.021521904241356138,0.019205723555767492,-0.10625966341486315,70.30527671704151,1.2636561644615938,0.8344044614723751,183.62350006103514,195.49044571359786,171.75655440847243,0.12925301661953106
2026-01-09,184.8600006103516,186.33999633789065,183.6699981689453,185.0800018310547,131327500,NVDA,183.6775001525879,186.33846893310547,162.17155647277832,-0.0009727230993944458,0.019145261845869163,-0.10712902528512012,66.90851276442953,1.051015498279213,0.8777266688337427,183.6775001525879,195.55726638620905,171.79773391896674,0.12935461582123212
2026-01-12,184.94000244140625,187.1199951171875,183.0200042724609,183.22000122070312,137968500,NVDA,183.87800064086915,185.89646911621094,162.5275280380249,0.0004327698300903293,0.01877340566851964,-0.10674261766510008,57.922173467832614,0.8788212135962112,0.8779455777862365,183.87800064086915,195.69772655419501,172.05827472754328,0.1285605224347734
2026-01-13,185.80999755859372,188.1100006103516,183.3999938964844,185.0,159752700,NVDA,184.4175003051758,185.55486907958985,162.89949810028077,0.0047042019341547725,0.016994145403392325,-0.10254055455942213,54.58873280744468,0.8032974248185383,0.8630159471926969,184.4175003051758,195.49664560601082,173.33835500434077,0.12015286274351566
2026-01-14,183.13999938964844,184.4600067138672,180.8000030517578,184.32000732421875,159586100,NVDA,184.76000061035157,185.16786895751954,163.26691707611084,-0.01436950758316069,0.017401092511240963,-0.1154366048662597,35.01232759452144,0.5219806717028348,0.7948088920947245,184.76000061035157,195.18547494664602,174.3345262740571,0.11285423578538728
2026-01-15,187.0500030517578,189.6999969482422,186.3300018310547,186.5,206188600,NVDA,185.22650070190429,184.77126892089845,163.66033527374267,0.021349807115541353,0.01788868919912039,-0.09655134699868587,46.68930874310561,0.6075364345103651,0.7573544005778526,185.22650070190429,195.14840650320028,175.3045949006083,0.10713268094681429
2026-01-16,186.22999572753906,190.44000244140625,186.0800018310547,189.0800018310547,187967200,NVDA,185.99100036621093,184.5220687866211,164.0408045578003,-0.004383893669287153,0.015224035912714666,-0.10051196982910436,40.42742260378989,0.6022301209944487,0.7263295446611718,185.99100036621093,193.28661974327568,178.69538098914617,0.07845131606045334
2026-01-20,178.07000732421875,182.3800048828125,177.61000061035156,181.89999389648438,223345300,NVDA,186.18750076293946,184.17926879882813,164.37912406921387,-0.04381672442960616,0.018249896541502896,-0.13992458897483176,32.07348150511706,-0.059729514315591814,0.5691177328658191,186.18750076293946,192.2459433882139,180.12905813766503,0.06507894032036299
2026-01-21,183.32000732421875,185.3800048828125,178.39999389648438,179.0500030517578,200381000,NVDA,186.3040008544922,184.0840689086914,164.78678813934326,0.029482786455111043,0.01727529860192654,-0.11456716929628488,43.58274438318132,-0.15887476119021926,0.4235192340546115,186.3040008544922,192.0216479519562,180.58635375702818,0.06137975643292413
2026-01-22,184.83999633789062,186.1699981689453,183.92999267578125,184.75,139636600,NVDA,186.36150054931642,184.01786895751954,165.23949745178223,0.008291451848916997,0.017052021463148173,-0.10722564561505472,47.51198382640831,-0.1134894377228477,0.3161174996991197,186.36150054931642,191.99091141492727,180.73208968370557,0.060413882148594875
2026-01-23,187.6699981689453,189.60000610351562,186.82000732421875,187.5,142748100,NVDA,186.2845001220703,183.7902688598633,165.68970890045165,0.015310549053903832,0.01599088053603066,-0.09355678006817666,48.256488483530774,0.14911732288666713,0.2827174643366292,186.2845001220703,191.7906376379127,180.77836260622792,0.05911535862870268
2026-01-26,186.47000122070312,189.1199951171875,185.99000549316406,187.16000366210938,124799600,NVDA,186.1775001525879,183.65646881103515,166.14061946868895,-0.0063941863907406304,0.016037657624693294,-0.09935274696904384,47.59545980543801,0.2574377654088664,0.2776615245510767,186.1775001525879,191.57546940813512,180.77953089704067,0.05798734273607864
2026-01-27,188.52000427246094,190.0,185.6999969482422,187.24000549316406,143711600,NVDA,186.0770004272461,183.55086883544922,166.5116414260864,0.01099374182623336,0.016067052542820624,-0.08945126359271531,51.803832418149504,0.502903452249825,0.3227099100908264,186.0770004272461,191.20169645948368,180.95230439500853,0.055081455746501834
2026-01-28,191.52000427246094,192.35000610351562,189.83999633789062,191.27000427246094,148552700,NVDA,186.24200057983398,183.6440689086914,166.9314591217041,0.015913430575061005,0.016213366382135535,-0.07496130949068852,53.291456741878335,0.9288050194073207,0.4439289319541253,186.24200057983398,191.84719097914734,180.63681018052063,0.060192549283862015
2026-01-29,192.50999450683594,193.47999572753906,186.05999755859375,191.33999633789062,171764400,NVDA,186.49050064086913,183.6908688354492,167.33942890167236,0.005169121826911649,0.016200912236535466,-0.07017967180483901,61.139290622639315,1.3308774907838767,0.6213186437200757,186.49050064086913,192.741465609008,180.23953567273026,0.06703789143851956
2026-01-30,191.1300048828125,194.49000549316406,189.47000122070312,191.2100067138672,179489500,NVDA,186.72200088500978,183.78146881103515,167.74159858703612,-0.00716840508753136,0.016241726376465558,-0.07684500057596329,59.02679319509169,1.5206401978857969,0.80118295455322,186.72200088500978,193.3083861490256,180.13561562099395,0.07054750091363864
2026-02-02,185.61000061035156,190.3000030517578,184.8800048828125,187.1999969482422,165794100,NVDA,186.56000061035155,183.86646881103516,168.1087191772461,-0.028880888041861397,0.017341226598467624,-0.10350653675961356,50.833954080770226,1.211643229317616,0.8832750095060993,186.56000061035155,193.08510182980893,180.03489939089417,0.06995177099174311
2026-02-03,180.33999633789062,186.27000427246094,176.22999572753906,186.24000549316406,204019600,NVDA,186.1710006713867,183.7603988647461,168.4880348968506,-0.028392889688762968,0.01840969246899929,-0.12896057676809491,43.86358080863068,0.5353444860058687,0.8136889048060532,186.1710006713867,193.21176833852678,179.13023300424663,0.07563764111219277
2026-02-04,174.19000244140625,179.5800018310547,171.91000366210938,179.4600067138672,207014100,NVDA,185.51850051879882,183.63139892578124,168.851598777771,-0.03410221815110581,0.01976522488108866,-0.15866495319736276,40.68678245146162,-0.49121779734548454,0.5527075643757456,185.51850051879882,194.3366082364782,176.70039280111942,0.09506445656923415
2026-02-05,171.8800048828125,176.82000732421875,171.02999877929688,174.92999267578125,206312900,NVDA,184.65700073242186,183.49139892578125,169.22650974273682,-0.013261367048724715,0.01961842287464492,-0.16982220606396856,33.67060373273941,-1.4741798724818125,0.147330077004234,184.65700073242186,195.19636469345147,174.11763677139226,0.11415071098551768
2026-02-06,185.41000366210938,187.0,174.60000610351562,176.69000244140625,231346200,NVDA,184.6755012512207,183.56639892578124,169.6591719818115,0.07871770069195438,0.026618174025298987,-0.10447251895980514,49.3069703776553,-1.1481909418614862,-0.11177412676891003,184.6755012512207,195.21899413168086,174.13200837076056,0.1141839909357274
2026-02-09,190.0399932861328,193.66000366210938,183.9499969482422,184.25999450683594,196387400,NVDA,184.93450088500975,183.81079864501953,170.09588657379152,0.024971627919608386,0.027172573186241864,-0.08210973991148517,60.75857878936245,-0.5103578103494897,-0.19149086348502597,184.93450088500975,195.748108478608,174.1208932914115,0.11694527026433031
2026-02-10,188.5399932861328,192.47999572753906,188.1199951171875,191.3800048828125,136764800,NVDA,185.1145004272461,183.97639862060547,170.50650352478027,-0.007893075420927542,0.027257112391572025,-0.08935471696249857,55.030830837013475,-0.12447307414666398,-0.1780873056173536,185.1145004272461,196.04768089702776,174.18131995746444,0.1181234365168344
2026-02-11,190.0500030517578,193.25999450683594,188.77000427246094,192.4499969482422,144192700,NVDA,185.3265007019043,184.23739868164063,170.90177333831787,0.008008962657240382,0.027288757206540816,-0.08206139289665906,55.02217923362431,0.2997333879326902,-0.08252316690734482,185.3265007019043,196.47870279453457,174.17429860927405,0.120351941577621
2026-02-12,186.94000244140625,193.61000061035156,186.50999450683594,193.02999877929688,189932500,NVDA,185.5165008544922,184.37779876708984,171.29289176940918,-0.01636411765541823,0.027353288152636417,-0.09708264826374889,49.30009968689478,0.3805818962809724,0.01009784573031862,185.5165008544922,196.64130248168468,174.3916992272997,0.11993328438118933
2026-02-13,182.80999755859375,187.5,181.58999633789062,187.47999572753906,161888000,NVDA,185.30450057983398,184.40500061035155,171.66191036224365,-0.02209267587929442,0.027408647180231602,-0.11703050866144878,46.67755577853364,0.11012855010409339,0.030103986605073574,185.30450057983398,196.46779006092396,174.141211098744,0.12048589695510975
2026-02-17,184.97000122070312,187.14999389648438,179.17999267578125,181.75,162276900,NVDA,185.2415008544922,184.51280059814454,172.04222888946532,0.01181556638562431,0.027536058176296112,-0.10659772402005722,46.78383414004857,0.06928786104427331,0.037940761492913526,185.2415008544922,196.39701751127058,174.0859841977138,0.1204429526355553
2026-02-18,187.97999572753906,190.3699951171875,186.75999450683594,188.75,159887319,NVDA,185.73700027465821,184.60480041503905,172.42414909362793,0.016272879315410993,0.025720118710803572,-0.09205949660292206,46.793469457256855,0.2766140868442335,0.08567542656317752,185.73700027465821,196.42171648777642,175.05228406154,0.1150521026754842
