Date,Close,High,Low,Open,Volume,symbol,sma_20,sma_50,sma_200,daily_return,volatility,drawdown,rsi,macd,macd_signal,bb_middle,bb_upper,bb_lower,bb_width
2023-12-14,251.0500030517578,253.8800048828125,240.7899932861328,241.22000122070312,160829200,TSLA,239.37200012207032,233.5279995727539,225.74849960327148,0.04914543063053567,0.0215283004722613,-0.1441671569308267,65.13388001276601,3.3253060291591225,2.8031704570454465,239.37200012207032,248.4871451788963,230.25685506524434,0.07615882435855166
2023-12-15,253.5,254.1300048828125,248.3000030517578,251.2100067138672,135932800,TSLA,240.36750030517578,233.39699981689452,226.06149963378905,0.009758999874367902,0.019406443329050563,-0.13581508432283465,66.3230865533067,4.093528097431488,3.0612419851226553,240.36750030517578,251.0397099632443,229.69529064710727,0.08879910673879657
2023-12-18,252.0800018310547,258.739990234375,251.3600006103516,253.77999877929688,116416500,TSLA,241.25650024414062,233.22799987792968,226.33294967651366,-0.005601570686174839,0.019531181454877634,-0.1406558772139263,56.07159116953746,4.535485384196988,3.3560906649375224,241.25650024414062,252.73249836769637,229.78050212058488,0.09513524495250948
2023-12-19,257.2200012207031,258.3399963378906,253.009994506836,253.47999572753903,106737400,TSLA,242.3375,233.17899963378906,226.64999969482423,0.0203903496997484,0.019878279742572714,-0.12313355003789468,64.00428553084417,5.240090213923196,3.7328905747346575,242.3375,255.51670418848727,229.15829581151274,0.10876735287346995
2023-12-20,247.13999938964844,259.8399963378906,247.0,256.4100036621094,125097000,TSLA,242.6345001220703,232.84939971923828,226.94714965820313,-0.03918825045959673,0.021591470003781584,-0.1574964120986271,56.695748667605585,4.928312196970126,3.971974899181751,242.6345001220703,255.9725356847867,229.29646455935392,0.10994343801896243
2023-12-21,254.5,254.8000030517578,248.5500030517578,251.8999938964844,109594200,TSLA,243.64899978637695,232.67959991455078,227.3096496582031,0.029780693649462897,0.02122953640594557,-0.132406070848763,63.31803304540574,5.215001124719038,4.220580144289209,243.64899978637695,257.37008591788384,229.92791365487005,0.11262994014781157
2023-12-22,252.5399932861328,258.2200012207031,251.3699951171875,256.760009765625,93370100,TSLA,244.50349960327148,232.5529998779297,227.70774963378906,-0.007701401626197146,0.021398131705101905,-0.13908776014560714,64.7375642478723,5.223830932821045,4.4212303019955765,244.50349960327148,258.20326288294444,230.80373632359854,0.11206189933397294
2023-12-26,256.6099853515625,257.9700012207031,252.9100036621093,254.4900054931641,86892400,TSLA,245.52999877929688,232.6627996826172,228.12359954833985,0.01611622781987765,0.02157377118665066,-0.12521310235519262,65.29842975659533,5.495889768515639,4.6361621952995895,245.52999877929688,259.64258638494005,231.4174111736537,0.11495611677438045
2023-12-27,261.44000244140625,263.3399963378906,257.5199890136719,258.3500061035156,106494400,TSLA,246.26599884033203,232.8131997680664,228.55839958190919,0.018822405072142834,0.01968506528324152,-0.10874750901591888,67.61372603652563,6.0317105641212265,4.9152718690639166,246.26599884033203,262.0734757609071,230.45852191975695,0.12837725869598388
2023-12-28,253.17999267578125,265.1300048828125,252.7100067138672,263.6600036621094,113619900,TSLA,246.71799850463867,232.7797994995117,228.9079995727539,-0.03159428430420175,0.020975488945315493,-0.13690599360289799,57.79123937451626,5.723857581493178,5.076989011549769,246.71799850463867,262.78437342400366,230.65162358527368,0.13024080137439115
2023-12-29,248.47999572753903,255.19000244140625,247.42999267578125,255.1000061035156,100891600,TSLA,247.13799819946288,232.89579956054686,229.2481495666504,-0.018563856087400077,0.02107027835679583,-0.15292834652755138,53.26117334762116,5.042504547021764,5.070092118644169,247.13799819946288,262.9102159722133,231.3657804267125,0.1276389538448942
2024-01-02,248.4199981689453,251.25,244.4100036621093,250.0800018310547,104654200,TSLA,247.61749801635742,233.46199951171874,229.56959953308106,-0.00024145830499577858,0.021010917489129186,-0.1531328790132088,56.46794928354224,4.446430375203107,4.945359769955957,247.61749801635742,262.901792485647,232.33320354706788,0.1234508432702109
2024-01-03,238.4499969482422,245.67999267578125,236.32000732421875,244.97999572753903,121082600,TSLA,247.7609977722168,233.99119934082032,229.8611994934082,-0.04013364984377277,0.02281930785674631,-0.1871207475110966,50.96852429459424,3.133421392494739,4.582972094463713,247.7609977722168,262.6173328773274,232.9046626671062,0.11992472777147117
2024-01-04,237.92999267578125,242.6999969482422,237.72999572753903,239.25,102629300,TSLA,247.72149734497071,234.50819915771484,230.1345994567871,-0.0021807686270334248,0.022635830185557673,-0.18889344908249078,49.06310278023926,2.027520322854599,4.07188174014189,247.72149734497071,262.68287659094915,232.76011809899225,0.12079193292735195
2024-01-05,237.4900054931641,240.1199951171875,234.8999938964844,236.8600006103516,92488900,TSLA,247.62749786376952,234.92759918212892,230.33414947509766,-0.0018492295892124089,0.02263079828830355,-0.1903933713164515,38.93242295383808,1.102869278536275,3.4780792478207676,247.62749786376952,262.8314637278256,232.42353199971342,0.12279707217669707
2024-01-08,240.4499969482422,241.25,235.3000030517578,236.13999938964844,85166600,TSLA,247.51799774169922,235.48819915771483,230.58064949035645,0.012463646412957274,0.02259389504356086,-0.1803027205629533,39.43661797869104,0.6019839407599363,2.9028601864086014,247.51799774169922,262.903666523198,232.13232896020043,0.12431959632733226
2024-01-09,234.9600067138672,238.9600067138672,232.0399932861328,238.1100006103516,96705700,TSLA,247.07399826049806,236.07219940185547,230.79434951782227,-0.02283214932024613,0.023108170440196425,-0.1990181712444595,36.998787918116086,-0.2352557464595577,2.27523699983497,247.07399826049806,263.39090619673976,230.75709032425635,0.1320811420960474
2024-01-10,233.94000244140625,235.5,231.2899932861328,235.1000061035156,91628500,TSLA,246.78399810791015,236.60499938964844,231.01199951171876,-0.004341182513256769,0.02284272648303877,-0.2024953795528895,31.140636488283192,-0.9698996513838267,1.6262096695912107,246.78399810791015,263.83919917505546,229.72879704076487,0.13821966738449257
2024-01-11,227.22000122070312,230.92999267578125,225.3699951171875,230.57000732421875,105873600,TSLA,246.29449844360352,237.20219940185547,231.1890495300293,-0.028725319101363445,0.02357587385000918,-0.22540395426004442,32.93351785416874,-2.0704908463363267,0.8868695664057034,246.29449844360352,265.0118198653594,227.57717702184758,0.15199138868334744
2024-01-12,218.88999938964844,225.33999633789065,217.1499938964844,220.0800018310547,123043800,TSLA,245.2744987487793,237.56319946289062,231.3375495147705,-0.036660513098772496,0.0246388699519163,-0.25380104274115145,19.989887484115584,-3.5736836283765854,-0.005241072550754344,245.2744987487793,267.4946487509905,223.0543487465681,0.18118597828606742
2024-01-16,219.9100036621093,223.4900054931641,212.17999267578125,215.1000061035156,115355000,TSLA,243.71749877929688,237.84819946289062,231.46769950866698,0.004659894354721583,0.02136409066874027,-0.25032383443272177,22.058580266222478,-4.629305169455392,-0.930053891931682,243.71749877929688,268.45510172245014,218.9798958361436,0.20300227162231696
2024-01-17,215.5500030517578,215.6699981689453,212.009994506836,214.8600006103516,103164400,TSLA,241.81999893188475,237.78899963378908,231.5690495300293,-0.01982629501953259,0.021211430284009153,-0.2651871352603706,15.013653077903669,-5.751409785434561,-1.8943250706322579,241.81999893188475,269.09041135048085,214.54958651328866,0.2255430695480034
2024-01-18,211.8800048828125,217.4499969482422,208.7400054931641,216.8800048828125,108595400,TSLA,239.80999908447265,237.62739959716797,231.591149520874,-0.017026203279914,0.021301044846570947,-0.2776982084681235,6.919326299928471,-6.857771833819157,-2.8870144232696378,239.80999908447265,269.6967738940667,209.9232242748786,0.24925378360946904
2024-01-19,212.19000244140625,213.19000244140625,207.5599975585937,209.9900054931641,102260300,TSLA,237.55849914550782,237.48579956054687,231.67824951171875,0.0014630807600990448,0.02035247923374991,-0.27664142261394803,8.6544185866111,-7.6216993105424535,-3.833951400724201,237.55849914550782,268.6818960516546,206.43510223936107,0.2620272229206436
2024-01-22,208.8000030517578,217.8000030517578,206.2700042724609,212.259994506836,117952500,TSLA,235.6414993286133,237.2181997680664,231.75934951782227,-0.015976244642273096,0.01919181230050408,-0.28819797621035426,8.889339268222642,-8.403788318425313,-4.7479187842644235,235.6414993286133,268.9278515210648,202.3551471361618,0.2825168935632351
2024-01-23,209.13999938964844,215.6499938964844,207.75,211.3000030517578,106605900,TSLA,233.3734992980957,236.95879974365235,231.8774494934082,0.0016283349277841364,0.01718574540775484,-0.28703892411335014,9.53850786956508,-8.893644234189281,-5.577063874249395,233.3734992980957,267.42213593361373,199.32486266257771,0.29179522728950946
2024-01-24,207.8300018310547,212.72999572753903,206.7700042724609,211.8800048828125,123369900,TSLA,231.13799972534179,236.91579986572265,231.9912995147705,-0.006263735117226887,0.01719721739607417,-0.29150472344159717,11.609810933227607,-9.280583640283169,-6.317767827456151,231.13799972534179,265.7543556823104,196.52164376837314,0.2995297700776401
2024-01-25,182.6300048828125,193.0,180.05999755859375,189.6999969482422,198076800,TSLA,227.4390007019043,236.2754000854492,231.98189956665038,-0.12125293136804816,0.029463246240914433,-0.3774118525847195,7.171610885553676,-11.488235824515272,-7.351861426867975,227.4390007019043,266.1618733393507,188.7161280644579,0.3405121594620352
2024-01-26,183.25,186.77999877929688,182.1000061035156,185.5,107343200,TSLA,223.52950057983398,235.4661999511719,231.96419960021973,0.0033948152034783963,0.028683597890933568,-0.37529828087636863,8.109340084222552,-13.037499482875745,-8.48898903806953,223.52950057983398,263.56462975885535,183.49437140081264,0.3582089082216934
2024-01-29,190.92999267578125,191.47999572753903,183.6699981689453,185.6300048828125,125013100,TSLA,220.417000579834,234.5365997314453,232.01614959716798,0.04190991910385411,0.031328335323375096,-0.3491170823638587,14.353569505609272,-13.490085560356476,-9.489208342526918,220.417000579834,260.4253630185041,180.40863814116392,0.3630242888109643
2024-01-30,191.58999633789065,196.3600006103516,190.6100006103516,195.3300018310547,109982300,TSLA,217.57250061035157,233.5115997314453,232.044599609375,0.0034567835721344142,0.031527974979861796,-0.3468671209867911,16.447456801187784,-13.638292758438297,-10.319025225709195,217.57250061035157,257.2682353255206,177.87676589518253,0.364896617024775
2024-01-31,187.2899932861328,193.97000122070312,185.8500061035156,187.0,103221400,TSLA,214.51600036621093,232.58559967041015,232.05604957580567,-0.02244377647032414,0.03146753656330373,-0.3615258893287828,15.65305763401318,-13.942007555839922,-11.043621691735341,214.51600036621093,253.62027985635686,175.411720876065,0.36458147106406114
2024-02-01,188.8600006103516,189.8800048828125,184.27999877929688,188.5,91843300,TSLA,212.0365005493164,231.67679962158203,232.06514961242675,0.008382761388752824,0.031177185731454143,-0.35617371320612984,19.439130044718752,-13.895834718187388,-11.61406429702575,212.0365005493164,251.03953132993445,173.03346976869835,0.36788978010459616
2024-02-02,187.9100036621093,188.69000244140625,182.0,185.0399932861328,110612700,TSLA,209.5355010986328,230.7229995727539,232.08314964294433,-0.00503016491142716,0.031140767072499763,-0.3594122656030148,22.0296121957919,-13.777085559565108,-12.046668549533623,209.5355010986328,247.95804903011765,171.11295316714796,0.36674022044024446
2024-02-05,181.0599975585937,184.67999267578125,175.00999450683594,184.259994506836,134294400,TSLA,206.7140007019043,229.52019958496095,232.08549964904785,-0.03645365318513294,0.03154998662472587,-0.3827640287073726,18.264979964890642,-14.073483878764677,-12.452031615379834,206.7140007019043,244.77923721555157,168.64876418825702,0.3682889052932602
2024-02-06,185.1000061035156,186.4900054931641,177.11000061035156,177.2100067138672,122676000,TSLA,203.94650115966797,228.5379995727539,232.19604965209962,0.02231309289405292,0.03204099265265416,-0.3689915851423692,24.99589649082938,-13.823043317531102,-12.726233955810088,203.94650115966797,239.660089438848,168.23291288048796,0.35022506467242753
2024-02-07,187.5800018310547,189.7899932861328,182.67999267578125,188.17999267578125,111535200,TSLA,201.57750091552734,227.58059967041015,232.3085496520996,0.013398139631352501,0.03244659053238646,-0.36053724629154826,29.64823760977326,-13.271467226418707,-12.835280609931813,201.57750091552734,234.83002237847683,168.32497945257785,0.32992294588357085
2024-02-08,189.5599975585937,191.6199951171875,185.5800018310547,189.0,83034000,TSLA,199.3585006713867,226.65019958496094,232.44359962463378,0.010555473441792085,0.032768891414426536,-0.3537874141777635,31.562647316819934,-12.53013054740822,-12.774250597427095,199.3585006713867,229.27356645000333,169.44343489277009,0.3001132700925277
2024-02-09,193.57000732421875,194.1199951171875,189.47999572753903,190.17999267578125,84476300,TSLA,197.6760009765625,225.58719970703126,232.60809967041016,0.02115430374167171,0.03315851853422343,-0.3401172368555887,37.715765141189976,-11.486630882579107,-12.516726654457496,197.6760009765625,224.6319312896886,170.72007066343642,0.27272840587585667
2024-02-12,188.1300048828125,194.72999572753903,187.27999877929688,192.1100006103516,95498600,TSLA,196.13800125122071,224.46699981689454,232.77999969482423,-0.028103539988478476,0.03281493997304073,-0.35866227847732535,34.34193555283595,-10.972132697396944,-12.207807863045387,196.13800125122071,221.45801122925758,170.81799127318385,0.25818566332391724
2024-02-13,184.0200042724609,187.259994506836,182.1100006103516,183.9900054931641,86759500,TSLA,194.34350128173827,223.34579986572265,232.8991497039795,-0.021846598116614824,0.0328543557652937,-0.37267332593645663,32.9660948861126,-10.771860575958641,-11.920618405628039,194.34350128173827,217.5704001592396,171.11660240423694,0.2390293343931215
2024-02-14,188.7100067138672,188.88999938964844,183.3500061035156,185.3000030517578,81203000,TSLA,193.00150146484376,222.3433999633789,233.02114974975586,0.025486372853585237,0.03357421744329563,-0.3566850444202737,56.156337941559876,-10.118064723939455,-11.560107669290321,193.00150146484376,214.0706768690634,171.93232606062412,0.2183317253421212
2024-02-15,200.4499969482422,200.8800048828125,188.8600006103516,189.1600036621093,120831800,TSLA,192.43000106811525,221.64079986572267,233.2142497253418,0.06221180550417671,0.036738484219067204,-0.31666325952581964,64.21486992579179,-8.554002488145898,-10.958886633061438,192.43000106811525,211.9026440245144,172.9573581117161,0.2023867676382367
2024-02-16,199.9499969482422,203.1699981689453,197.3999938964844,202.0599975585937,111346700,TSLA,191.81800079345703,220.86539978027344,233.41244972229003,-0.0024943876658132247,0.03672893518281963,-0.31836776626285546,58.458365015148566,-7.271002132602263,-10.221309732969603,191.81800079345703,209.34827511593417,174.2877264709799,0.18278028391457518
2024-02-20,193.759994506836,198.6000061035156,189.1300048828125,196.1300048828125,104545800,TSLA,191.06600036621094,219.9531997680664,233.57819969177245,-0.03095775211743812,0.03717265819679505,-0.3394695679901456,51.843668123403,-6.676731369224655,-9.512394060220615,191.06600036621094,206.71879769940338,175.4132030330185,0.16384701938797225
2024-02-21,194.7700042724609,199.44000244140625,191.9499969482422,193.3600006103516,103500300,TSLA,190.34750061035157,218.99579986572266,233.74604972839356,0.005212684735028006,0.037205015486807574,-0.3360264310901863,56.73146796836847,-6.054475930924838,-8.820810434361459,190.34750061035157,203.6498405069054,177.04516071379774,0.1397689998965021
2024-02-22,197.4100036621093,198.32000732421875,191.3600006103516,194.0,92739500,TSLA,189.8265007019043,218.06720001220702,233.88279975891112,0.013554445406056104,0.03737336416920183,-0.32702663759933404,57.54900230511899,-5.287358745265863,-8.11412009654234,189.8265007019043,200.8702934740173,178.78270792979131,0.11635670184381379
2024-02-23,191.97000122070312,197.57000732421875,191.5,195.3099975585937,78841900,TSLA,190.29350051879882,217.1117999267578,233.98369979858398,-0.02755687321052569,0.02565828925074362,-0.3455716792210704,53.32133168828753,-5.060046515414285,-7.50330538031673,190.29350051879882,200.8344354627393,179.75256557485835,0.1107860743031436
2024-02-26,199.3999938964844,201.77999877929688,192.0,192.2899932861328,111747100,TSLA,191.10100021362305,216.35959991455078,234.134949798584,0.03870392576202164,0.026886214258427583,-0.32024273407707826,64.86223072075887,-4.2315825718452516,-6.848960818622435,191.10100021362305,201.84250777247865,180.35949265476745,0.11241707313774563
2024-02-27,199.72999572753903,205.6000061035156,198.259994506836,204.0399932861328,108645400,TSLA,191.54100036621094,215.5683999633789,234.29089981079102,0.001654974128163511,0.025410233965012276,-0.3191177533885447,62.61423369389756,-3.507953038972346,-6.180759262692417,191.54100036621094,202.95302767207195,180.12897306034992,0.11916015144582247
2024-02-28,202.0399932861328,205.3000030517578,198.44000244140625,200.4199981689453,99806200,TSLA,192.06350021362306,214.5881997680664,234.4406997680664,0.01156560160219966,0.025489864253511654,-0.31124294058622587,62.5043147902036,-2.7167568414322716,-5.4879587784403885,192.06350021362306,204.4041013612903,179.72289906595583,0.12850542798544615
2024-02-29,201.8800048828125,205.27999877929688,198.4499969482422,204.17999267578125,85907000,TSLA,192.79300079345703,213.55579986572266,234.61019981384277,-0.0007918650199801869,0.024804481198677942,-0.31178834320884,61.000006539481106,-2.0786761964286598,-4.806102262038043,192.79300079345703,205.6592237935734,179.92677779334065,0.13347188899144963
2024-03-01,202.63999938964844,204.5200042724609,198.5,200.5200042724609,82243100,TSLA,193.48200073242188,212.56699981689454,234.79164978027345,0.003764585340074067,0.024783490551629102,-0.3091975116948159,58.597151364049395,-1.4944405031149017,-4.143769910253415,193.48200073242188,206.9243847664873,180.03961669835647,0.13895229513008509
2024-03-04,188.13999938964844,199.75,186.72000122070312,198.72999572753903,134334900,TSLA,193.49350051879884,211.18539978027343,234.89974975585938,-0.07155546804023882,0.029957572002705105,-0.35862820706885495,50.008084864664305,-2.1763704812524054,-3.750290024453213,193.49350051879884,206.91619302898704,180.07080800861064,0.13874050006019834
2024-03-05,180.7400054931641,184.58999633789065,177.57000732421875,183.0500030517578,119660800,TSLA,193.47750091552734,209.85739990234376,234.93414978027343,-0.03933237971984116,0.030150713305138844,-0.3838548859700181,47.48079876392046,-3.2761570657662844,-3.6554634327158277,193.47750091552734,206.96321048506337,179.99179134599132,0.13940338805000294
2024-03-06,176.5399932861328,181.5800018310547,173.6999969482422,179.99000549316406,107920900,TSLA,193.04950027465821,208.2981997680664,234.93239974975586,-0.02323786698783814,0.030124497117023932,-0.3981727841750532,40.58194073136397,-4.435521807290854,-3.8114751076308333,193.04950027465821,208.106506174831,177.99249437448543,0.15599114091205268
2024-03-07,178.64999389648438,180.0399932861328,173.6999969482422,174.35000610351562,102129000,TSLA,192.60299987792968,206.82039978027345,234.92494972229005,0.011951969472048907,0.03008747926401131,-0.3909797636640653,30.17460463275512,-5.124989612419768,-4.07417800858862,192.60299987792968,208.82729546944853,176.37870428641082,0.16847396563710523
2024-03-08,175.33999633789062,182.72999572753903,174.6999969482422,181.5,85544600,TSLA,191.89199981689453,205.195,234.85729972839354,-0.018527834714126334,0.030151314027926916,-0.40226358994045563,28.707385819806746,-5.870811890486408,-4.433504784968178,191.89199981689453,209.83326599128594,173.9507336425031,0.18699337326737092
2024-03-11,177.77000427246094,182.8699951171875,174.8000030517578,175.4499969482422,85391500,TSLA,191.10199966430665,203.5216000366211,234.81729972839355,0.013858834181150304,0.02988080779860895,-0.39397966014940444,35.202673888915456,-6.194394958117215,-4.7856828195979855,191.10199966430665,210.09288914685538,172.1111101817579,0.19875134238164427
2024-03-12,177.5399932861328,179.42999267578125,172.41000366210938,177.77000427246094,87391700,TSLA,190.57249908447267,202.00880004882814,234.7904997253418,-0.0012938683737420131,0.029330466881115104,-0.3947637707009815,33.82158592833038,-6.395671514764473,-5.107680558631284,190.57249908447267,210.48067668272458,170.66432148622076,0.20893022544063364
2024-03-13,169.47999572753906,176.0500030517578,169.14999389648438,173.0500030517578,106524500,TSLA,189.84549865722656,200.42880004882812,234.71554969787599,-0.04539820808488959,0.03059442077737596,-0.4222404109792123,26.19736764424006,-7.123444445418528,-5.510833335988733,189.84549865722656,211.72546647098767,167.96553084346544,0.2305028875429514
2024-03-14,162.5,171.1699981689453,160.50999450683594,167.77000427246094,126325700,TSLA,188.5349983215332,198.7104000854492,234.56219970703125,-0.04118477639544138,0.030882479617606092,-0.44603531046335554,25.52731655618129,-8.169266834362361,-6.0425200356634585,188.5349983215332,213.6080303512919,163.46196629177453,0.26597748166627805
2024-03-15,163.57000732421875,165.17999267578125,160.75999450683594,163.16000366210938,97146800,TSLA,186.69099884033204,197.21280029296875,234.3742497253418,0.006584660456730784,0.026518309632703768,-0.4423876410777385,16.731678262589384,-8.810189582350887,-6.5960539450009446,186.69099884033204,213.44286977745503,159.93912790320906,0.2865898313608852
2024-03-18,173.8000030517578,174.72000122070312,165.89999389648438,170.02000427246094,108214400,TSLA,185.3834991455078,195.93020050048827,234.2235997772217,0.06254200201423088,0.031057092041866,-0.4075134478028623,29.662750842524545,-8.395867978351902,-6.956016751671136,185.3834991455078,211.9624103587213,158.8045879322943,0.2867451670264533
2024-03-19,171.32000732421875,172.82000732421875,167.4199981689453,172.36000061035156,77271400,TSLA,184.26149978637696,194.60680053710936,234.04259979248047,-0.014269250195585559,0.03058664165883666,-0.4159677866536831,25.969972745682156,-8.173412044898782,-7.199495810316666,184.26149978637696,211.2430586056531,157.27994096710083,0.29286159996045974
2024-03-20,175.66000366210938,176.25,170.82000732421875,173.0,83846700,TSLA,183.30599975585938,193.31100067138672,233.8510498046875,0.025332688257929448,0.031286887373020676,-0.4011726806603923,30.748899507551187,-7.559768377263055,-7.271550323705944,183.30599975585938,210.07329683107542,156.53870268064333,0.29205041963565553
2024-03-21,172.82000732421875,178.17999267578125,171.8000030517578,176.38999938964844,73178000,TSLA,182.07649993896484,192.06820068359374,233.62709983825684,-0.016167575308454918,0.031080297890363297,-0.4108542664425756,28.754639004008638,-7.219394631827328,-7.261119185330221,182.07649993896484,208.37086047293792,155.78213940499177,0.28882761413787494
2024-03-22,170.8300018310547,171.1999969482422,166.3000030517578,166.69000244140625,75580600,TSLA,181.0194999694824,190.80600067138673,233.37469985961914,-0.01151490226146512,0.030703974021112183,-0.41763822198224854,34.99220259391416,-7.029194618398435,-7.214734271943865,181.0194999694824,207.33889847424717,154.70010146471765,0.29079075468888027
2024-03-25,172.6300048828125,175.24000549316406,168.72999572753906,168.75999450683594,74228600,TSLA,179.68100051879884,189.7142007446289,233.11499984741212,0.010536808713131895,0.029184560458567016,-0.411501987325436,42.21240916746006,-6.656482744849285,-7.10308396652495,179.68100051879884,204.75808361564458,154.6039174219531,0.2791289343273897
2024-03-26,177.6699981689453,184.25,177.3800048828125,178.5800018310547,113186200,TSLA,178.57800064086913,188.88980072021485,232.82904983520507,0.029195349264770964,0.030234052634325093,-0.3943205823037786,51.067855608203004,-5.886563918019817,-6.859779956823924,178.57800064086913,201.8151542215412,155.34084706019706,0.26024654209678777
2024-03-27,179.8300018310547,181.9100036621093,176.0,181.4100036621093,81804000,TSLA,177.46750106811524,188.08820068359375,232.50619987487792,0.012157391142962881,0.030251811784167887,-0.38695710071560363,51.1140556882344,-5.043959828021997,-6.4966159310635385,177.46750106811524,197.94225280157752,156.99274933465296,0.23074367543614313
2024-03-28,175.7899932861328,179.57000732421875,175.3000030517578,177.4499969482422,77654800,TSLA,176.16300048828126,187.29300048828125,232.13599983215332,-0.022465709302040393,0.03046671643344941,-0.4007295442806069,50.4190694727975,-4.6485987886952955,-6.12701250258989,176.16300048828126,193.10924790830478,159.21675306825773,0.19239281089732377
2024-04-01,175.22000122070312,176.75,170.2100067138672,176.1699981689453,81562100,TSLA,174.792000579834,186.55980041503906,231.71854988098144,-0.003242460249155976,0.030383231625100843,-0.4026726549117707,47.54003187182029,-4.331336956394438,-5.767877393350799,174.792000579834,186.2751474483128,163.3088537113552,0.13139213271071887
2024-04-02,166.6300048828125,167.69000244140625,163.42999267578125,164.75,116650600,TSLA,173.71650085449218,185.64860046386718,231.2677498626709,-0.049024062767074494,0.028194774690725267,-0.431956068169866,40.93704043313777,-4.718651901558616,-5.558032294992363,173.71650085449218,183.8903864431393,163.54261526584506,0.11713205756048402
2024-04-03,168.3800048828125,168.82000732421875,163.27999877929688,164.02000427246094,82950100,TSLA,173.0985008239746,184.8402005004883,230.83014991760254,0.01050231020055925,0.027249981540080997,-0.42599029459024057,48.97922136548063,-4.828728831227892,-5.412171602239469,173.0985008239746,182.97321967623992,163.2237819717093,0.11409363807612645
2024-04-04,171.11000061035156,177.19000244140625,168.00999450683594,170.07000732421875,123162000,TSLA,172.82700119018554,184.07960052490233,230.38299987792968,0.016213301154368365,0.027149571302868873,-0.41668370237090185,58.67419142697532,-4.642165754199539,-5.258170432631483,172.82700119018554,182.6013916346409,163.0526107457302,0.11311184452826593
2024-04-05,164.89999389648438,170.86000061035156,160.50999450683594,169.0800018310547,143157600,TSLA,172.13950119018554,183.22100036621094,229.83524978637695,-0.036292482565110196,0.02804694155223663,-0.43785369893255055,51.21415632558702,-4.938481078383859,-5.194232561781959,172.13950119018554,182.12144215996653,162.15756022040455,0.11597501910677209
2024-04-08,172.97999572753906,174.5,167.7899932861328,169.33999633789062,104423300,TSLA,172.02150115966796,183.02800018310546,229.40284980773924,0.04899940648952894,0.030144336878895537,-0.41030886381996146,49.220821550446225,-4.4697994218813335,-5.049345933801835,172.02150115966796,181.89939485132754,162.14360746800838,0.11484487258939866
2024-04-09,176.8800048828125,179.22000122070312,171.9199981689453,172.91000366210938,102951700,TSLA,171.97700119018555,182.90060028076172,228.9641999053955,0.02254601255405486,0.030419613796051986,-0.3970136800606315,55.14433445543582,-3.7405489672563306,-4.787586540492734,171.97700119018555,181.75335169231215,162.20065068805894,0.11369369665092782
2024-04-10,171.75999450683594,174.92999267578125,170.00999450683594,173.0399932861328,84532400,TSLA,171.6880012512207,182.51720031738282,228.5399998474121,-0.028946236061948905,0.03111106671088216,-0.4144678644197223,46.4428971646554,-3.53500543345703,-4.537070319085593,171.6880012512207,181.10713832158146,162.26886418085994,0.10972388287726999
2024-04-11,174.60000610351562,175.8800048828125,168.50999450683594,172.5500030517578,94516000,TSLA,171.94400177001953,182.1774005126953,228.2077498626709,0.01653476762638495,0.029521340113465064,-0.4047862266201215,51.62349284073253,-3.1071284584266152,-4.251081946953798,171.94400177001953,181.38873785357796,162.4992656864611,0.10985827928084481
2024-04-12,171.0500030517578,173.80999755859375,170.36000061035156,172.33999633789062,64722700,TSLA,172.37150192260742,181.8526007080078,227.81194984436036,-0.020332204625772565,0.02826084769565139,-0.41688823485655935,50.195105607100786,-3.0196794654982853,-4.004801450662696,172.37150192260742,180.72764526854985,164.015358576665,0.09695504480426502
2024-04-15,161.47999572753906,170.69000244140625,161.3800048828125,170.24000549316406,100245300,TSLA,172.26700134277343,181.30500061035156,227.33814987182618,-0.05594859487563397,0.031148590431960034,-0.44951251877178555,41.309429259798144,-3.680172383335389,-3.9398756371972348,172.26700134277343,181.12386983764333,163.41013284790353,0.10282722083548294
2024-04-16,157.11000061035156,158.19000244140625,153.75,156.74000549316406,97000000,TSLA,171.43250122070313,180.6890005493164,226.83619987487793,-0.027062145360474688,0.02792963416356346,-0.4644098910079051,33.80593563621993,-4.504316902290157,-4.052763890215819,171.43250122070313,182.54026366231332,160.32473877909294,0.12958759118039115
2024-04-17,155.4499969482422,158.3300018310547,153.77999877929688,157.63999938964844,82439700,TSLA,170.6390007019043,180.1768005371094,226.30459991455078,-0.010565868854054306,0.027874812527427115,-0.4700688658590442,30.644657973669027,-5.231104872781486,-4.288432086728953,170.6390007019043,183.84905478488233,157.4289466189263,0.15483042011075954
2024-04-18,149.92999267578125,152.1999969482422,148.6999969482422,151.25,96098800,TSLA,169.35250015258788,179.47340026855468,225.6551498413086,-0.03550983840996058,0.02777011039259438,-0.4888866348007967,29.941059824786777,-6.18125413780399,-4.666996496943961,169.35250015258788,185.24325967594828,153.46174062922748,0.18766489433628328
2024-04-19,147.0500030517578,150.94000244140625,146.22000122070312,148.97000122070312,87074500,TSLA,168.06399993896486,178.66280029296874,224.97799980163575,-0.0192088959161848,0.027828225802857952,-0.49870455823427917,28.905209307193743,-7.08497419707075,-5.150592036969319,168.06399993896486,186.7109991135244,149.41700076440532,0.22190355080602028
2024-04-22,142.0500030517578,144.44000244140625,138.8000030517578,140.55999755859375,107097600,TSLA,166.625,177.71260040283204,224.30554977416992,-0.03400203941675628,0.02843926052899872,-0.5157496256046374,30.547652048620392,-8.111136930717663,-5.742701015718988,166.625,188.53048163850107,144.71951836149893,0.2629315125401479
2024-04-23,144.67999267578125,147.25999450683594,141.11000061035156,143.3300018310547,124545100,TSLA,165.22749938964844,176.73480010986327,223.6567997741699,0.018514534090260826,0.02877861138109173,-0.5067839555396729,31.501715719785295,-8.61287623145094,-6.316736058865379,165.22749938964844,189.00608861484767,141.44891016444922,0.28782847060008176
2024-04-24,162.1300048828125,167.97000122070312,157.50999450683594,162.83999633789062,181178000,TSLA,164.45049972534179,176.2148001098633,223.11939987182618,0.12061109407252757,0.04009724988250627,-0.44729662880318843,44.300589839604605,-7.515800621704443,-6.556548971433193,164.45049972534179,187.5222656929255,141.37873375775808,0.2805922269146908
2024-04-25,170.17999267578125,170.8800048828125,158.36000061035156,158.9600067138672,126427500,TSLA,163.96799926757814,175.93799987792968,222.62134979248046,0.04965143743002587,0.04172723666482779,-0.4198541119508456,53.27461988366077,-5.928454030906067,-6.430929983327768,163.96799926757814,186.0687122768607,141.86728625829556,0.2695734912666292
2024-04-26,168.2899932861328,172.1199951171875,166.3699951171875,168.85000610351562,109815700,TSLA,163.59299926757814,175.529599609375,222.10284980773926,-0.011105884774887609,0.041510048478601465,-0.4262971453361444,46.84938802906037,-4.768014869415964,-6.098346960545408,163.59299926757814,185.09553174234722,142.09046679280905,0.26287839419826065
2024-04-29,194.0500030517578,198.8699951171875,184.5399932861328,188.4199981689453,243869700,TSLA,164.53449935913085,175.40159973144532,221.68359985351563,0.1530691710339953,0.053982975054461264,-0.3384809249529112,58.915772107371524,-1.7495729824503314,-5.228592164926393,164.53449935913085,189.54362714576556,139.52537157249614,0.3039985885519009
2024-04-30,183.27999877929688,190.9499969482422,182.83999633789065,186.97999572753903,127031800,TSLA,165.36699905395508,175.0681997680664,221.19309982299805,-0.05550118063944742,0.0543513516423179,-0.3751960146335399,55.65038369246765,-0.22390434650603197,-4.227654601242321,165.36699905395508,191.74106819832923,138.99292990958094,0.3189762080131714
2024-05-01,179.99000549316406,185.8600006103516,179.00999450683594,182.0,92829700,TSLA,165.94749908447267,174.79279998779296,220.6411498260498,-0.017950640048260635,0.0546020858094762,-0.38641164607557194,52.63209269546756,0.7115220929782708,-3.2398192623982025,165.94749908447267,193.1003771633523,138.79462100559303,0.3272466078570782
2024-05-02,180.00999450683594,184.6000061035156,176.02000427246094,182.8600006103516,89148000,TSLA,166.3924987792969,174.49759979248046,220.07449981689453,0.0001110562423569661,0.05454184531669061,-0.3863435032586311,54.531657284398186,1.4378921068502848,-2.304276988548505,166.3924987792969,194.18578120801678,138.599216350577,0.33406893498949036
2024-05-03,181.19000244140625,184.77999877929688,178.4199981689453,182.1000061035156,75491500,TSLA,167.20699920654297,174.1731997680664,219.52414978027343,0.006555235656792835,0.05371608010018349,-0.38232084031016944,60.89311914017799,2.084730874814312,-1.4264754158759416,167.20699920654297,195.7604999732295,138.65349843985643,0.3415347551500011
2024-05-06,184.759994506836,187.5599975585937,182.1999969482422,183.8000030517578,84390300,TSLA,167.7959991455078,174.02899963378906,219.1334497833252,0.019703030064168292,0.05287531679903871,-0.37015068925679057,65.41764200188818,2.852541460349613,-0.5706720406308307,167.7959991455078,197.32039820896296,138.27160008205266,0.35190826019460036
2024-05-07,177.80999755859375,183.259994506836,177.39999389648438,182.3999938964844,75045900,TSLA,167.84249877929688,173.59719970703125,218.7223998260498,-0.0376163517800121,0.0535056967739371,-0.3938433224981053,61.77338153714983,2.867179154452259,0.11689819838578724,167.84249877929688,197.42999942947102,138.25499812912273,0.35256268067219365
2024-05-08,174.72000122070312,176.05999755859375,170.14999389648438,171.58999633789062,79969500,TSLA,167.99049911499023,173.09699981689454,218.25069984436035,-0.017378079862311324,0.053220441425093024,-0.4043771616488065,63.3956646752563,2.5994775926273803,0.6134140772341059,167.99049911499023,197.6899093873853,138.29108884259514,0.3535844042235473
2024-05-09,171.97000122070312,175.6199951171875,171.3699951171875,175.00999450683594,65950300,TSLA,167.8589988708496,172.49559997558595,217.78414985656738,-0.01573946875450305,0.053249922290472006,-0.41375194870250354,63.48485061163151,2.1407430060965,0.9188798630065848,167.8589988708496,197.4583093823856,138.2596883593136,0.3526687363876113
2024-05-10,168.47000122070312,173.05999755859375,167.75,173.0500030517578,72627200,TSLA,167.72999877929686,171.82739990234376,217.30474983215333,-0.02035238689978358,0.05325033833273436,-0.42568349586175436,64.53245565339944,1.477737355611083,1.0306513615274844,167.72999877929686,197.2932195774746,138.16677798111914,0.3525096406526267
2024-05-13,171.88999938964844,175.39999389648438,169.0,170.0,67018900,TSLA,168.25049896240233,171.21239990234375,216.88564979553223,0.020300339194899042,0.051702181606106325,-0.41402467602251936,64.83804696126388,1.2142685391567625,1.06737479705334,168.25049896240233,197.7168000427086,138.78419788209607,0.35026702758118866
2024-05-14,177.5500030517578,179.49000549316406,174.07000732421875,174.5,86407400,TSLA,169.27249908447266,171.00059997558594,216.441199798584,0.03292805679333921,0.05152521004852368,-0.3947296472750936,59.64956338653539,1.4455195472977493,1.143003747102222,169.27249908447266,198.52900231015474,140.01599585879057,0.3456734364284668
2024-05-15,173.99000549316406,180.0,173.11000061035156,179.89999389648438,79663000,TSLA,170.19949951171876,170.86559997558595,215.9739998626709,-0.02005067585133169,0.05174174591440489,-0.4068657269200019,52.52619904740301,1.3262375456138784,1.1796505068045533,170.19949951171876,198.77897637809892,141.6200226453386,0.33583502828587786
2024-05-16,174.83999633789062,175.7899932861328,171.42999267578125,174.10000610351562,59812200,TSLA,171.44499969482422,170.8316000366211,215.54284980773926,0.004885285464054867,0.050780620967529486,-0.4039680966774915,54.40366063311373,1.285474705177478,1.2008153464791382,171.44499969482422,198.43190394422513,144.4580954454233,0.3148170468364569
2024-05-17,177.4600067138672,179.6300048828125,172.75,173.5500030517578,77445800,TSLA,172.9654998779297,170.80780029296875,215.15959983825684,0.014985188920464187,0.05035933321608397,-0.39503644600357984,33.80831284133478,1.4478923991564727,1.2502307570146052,172.9654998779297,197.4785159120697,148.45248384378968,0.2834439937610686
2024-05-20,174.9499969482422,177.75,173.52000427246094,177.55999755859375,61727400,TSLA,174.6104995727539,170.8000003051758,214.73774978637695,-0.014144086952910362,0.04962446156703703,-0.4035931031146469,40.30718576631853,1.3584138316638814,1.2718673719444604,174.6104995727539,194.3363447157243,154.8846544297835,0.22594111111573048
2024-05-21,186.6000061035156,186.8800048828125,174.7100067138672,175.50999450683594,115266500,TSLA,176.7065002441406,170.97660034179688,214.40144981384276,0.0665905079079252,0.05112021821523972,-0.3638780649312617,56.438730152501634,2.202174501067134,1.4579287977689952,176.7065002441406,191.27623266825236,162.13676782002887,0.16490318583619692
2024-05-22,180.11000061035156,183.8000030517578,178.1199951171875,182.8500061035156,88313500,TSLA,177.6055000305176,171.02800048828124,214.04474983215331,-0.03478030697149992,0.04556750866534659,-0.38600258110425695,50.08651044276344,2.320423310961786,1.6304277004075534,177.6055000305176,190.51214315256405,164.69885690847113,0.14534057920310733
2024-05-23,173.74000549316406,181.8999938964844,173.25999450683594,181.8000030517578,71975500,TSLA,177.78350067138672,171.11320068359376,213.66494987487792,-0.03536724832380789,0.04526606800345665,-0.4077179802885198,44.08636585287273,1.8784770608077679,1.6800375724875964,177.78350067138672,190.3527365331787,165.21426480959474,0.14139935161952777
2024-05-24,179.24000549316406,180.0800018310547,173.72999572753906,174.83999633789062,65584500,TSLA,178.33100128173828,171.44800079345703,213.3501998901367,0.03165649721483632,0.045625076654674544,-0.3889684061811257,45.74862301914301,1.949562168968498,1.733942491783777,178.33100128173828,190.08668625508525,166.5753163083913,0.13184118172223594
2024-05-28,176.75,178.25,173.16000366210938,176.39999389648438,59736600,TSLA,177.46600112915038,171.71160064697267,213.00724990844728,-0.01389201861667555,0.029278874959561312,-0.3974568684578344,49.123389701153975,1.7844054802498022,1.744035089476982,177.46600112915038,186.6067676154056,168.32523464289517,0.10301428361597047
2024-05-29,176.19000244140625,178.14999389648438,173.92999267578125,174.19000244140625,54782600,TSLA,177.11150131225585,171.75940063476563,212.67494995117187,-0.0031683030189180172,0.026681007928727605,-0.39936590768052777,51.26877320227937,1.5900019390552984,1.7132284593926455,177.11150131225585,185.84367844916036,168.37932417535134,0.09860655092646158
2024-05-30,178.7899932861328,182.6699981689453,175.3800048828125,178.5800018310547,77618400,TSLA,177.0515007019043,171.90880035400392,212.37009994506835,0.014756744473008343,0.02663073781118512,-0.39050250385839197,55.90168778856152,1.6269784691624807,1.6959784613466127,177.0515007019043,185.71663235135318,168.38636905245542,0.09788261172705984
2024-05-31,178.0800018310547,180.32000732421875,173.82000732421875,178.5,67314600,TSLA,176.95500106811522,171.9572003173828,212.09569992065428,-0.003971091681523098,0.026645474422196915,-0.39292287429522904,58.73795203707173,1.5807701248908472,1.6729367940554596,176.95500106811522,185.5238588962993,168.38614323993116,0.09684787405229263
2024-06-03,176.2899932861328,182.63999938964844,174.49000549316406,178.1300048828125,68568900,TSLA,176.71000061035156,172.0266000366211,211.84914985656738,-0.0100517100545634,0.026682453979256827,-0.3990250375435711,54.122931585398014,1.3837598273635479,1.6151014007170772,176.71000061035156,185.04605780672165,168.37394341398146,0.09434731670621443
2024-06-04,174.77000427246094,177.75999450683594,174.0,174.77999877929688,60056300,TSLA,176.21050109863282,172.10540008544922,211.62689987182617,-0.008622094682395387,0.02627233778273938,-0.4042067005716194,47.17594604799853,1.092385002542244,1.5105581210821106,176.21050109863282,183.66630737468972,168.7546948225759,0.08462385873227339
2024-06-05,175.0,176.14999389648438,172.1300048828125,175.35000610351562,57953800,TSLA,176.07000122070312,172.15279998779297,211.42444984436034,0.0013159908560766986,0.02493815975331641,-0.4034226420374598,51.10045164553191,0.86999828896694,1.3824461546590765,176.07000122070312,183.50477151049438,168.63523093091186,0.08445243639740539
2024-06-06,177.94000244140625,179.72999572753906,172.72999572753906,174.60000610351562,69887000,TSLA,176.2310012817383,172.1582000732422,211.1577498626709,0.01680001395089281,0.024892057612302555,-0.39340013410090235,53.230518334394475,0.9203792831843032,1.2900327803641218,176.2310012817383,183.68212028165246,168.77988228182411,0.08456082012496952
2024-06-07,177.47999572753906,179.35000610351562,175.5800018310547,176.1300048828125,56244900,TSLA,176.5065010070801,172.11119995117187,210.87919982910157,-0.0025851787543875737,0.024592791086664106,-0.394968303186639,50.0218125387131,0.912667227026958,1.2145596696966892,176.5065010070801,183.6971666200583,169.31583539410187,0.08147762911791886
2024-06-10,173.7899932861328,178.57000732421875,173.1699981689453,176.05999755859375,50774600,TSLA,176.77250061035156,172.07119995117188,210.56384979248048,-0.020791089307163446,0.024613833998383676,-0.40754757122875024,48.76595355094747,0.6018650825518534,1.092020752267722,176.77250061035156,183.0466063155772,170.4983949051259,0.07098508742663844
2024-06-11,170.66000366210938,174.75,167.41000366210938,173.9199981689453,64761900,TSLA,176.71100082397462,171.98,210.26694984436034,-0.018010183238054034,0.02459227163597612,-0.4182177480307506,29.287928102833533,0.10181448559026762,0.8939794989322313,176.71100082397462,183.20681433729555,170.21518731065368,0.07351906200555731
2024-06-12,177.2899932861328,180.5500030517578,169.8000030517578,171.1199951171875,90389400,TSLA,176.69800033569337,172.1931997680664,209.96044982910155,0.03884911216309472,0.02504202547975684,-0.3956160240694994,46.349029118158136,0.23776473449581204,0.7627365460449476,176.69800033569337,183.18778169570126,170.20821897568547,0.07345619472408876
2024-06-13,182.47000122070312,191.0800018310547,181.22999572753903,188.38999938964844,118984100,TSLA,177.12200012207032,172.47499969482422,209.67869979858398,0.029217711832219218,0.025364220217316154,-0.3779573072247511,61.66176996352645,0.7547888988235059,0.7611470166006592,177.12200012207032,183.96527168118186,170.27872856295878,0.07727184149225103
2024-06-14,178.00999450683594,186.0,176.9199981689453,185.8000030517578,82038200,TSLA,177.28050003051757,172.6129995727539,209.28284980773927,-0.024442410719736185,0.02606823246628743,-0.3931615302067744,48.30995943567195,0.7954792167908522,0.7680134566386978,177.28050003051757,184.04764644128466,170.5133536197505,0.07634394543790396
2024-06-17,187.44000244140625,188.8099975585937,177.0,177.9199981689453,109786100,TSLA,177.77949981689454,173.06379974365234,208.93554985046387,0.052974598199923895,0.028403674108365688,-0.3610145060972216,62.33557091412606,1.570545150528261,0.9285197954166104,177.77949981689454,185.93232994790137,169.62666968588772,0.09171845054580419
2024-06-18,184.8600006103516,187.1999969482422,182.3699951171875,186.5599975585937,68982300,TSLA,178.275,173.30139984130858,208.5694499206543,-0.013764414198944364,0.028391654946860106,-0.3698097671024165,59.55898557800207,1.9540804778961842,1.1336319319125252,178.275,186.89496498115108,169.65503501884893,0.09670413665574053
2024-06-20,181.57000732421875,185.2100067138672,179.66000366210938,184.67999267578125,55893100,TSLA,178.02350006103515,173.39519989013672,208.2522499847412,-0.017797215597047944,0.024463995851482616,-0.3810253985444486,53.01912949987688,1.9698527887305772,1.3008761032761358,178.02350006103515,185.88050276488417,170.16649735718613,0.0882692756984921
2024-06-21,183.009994506836,183.9499969482422,180.69000244140625,182.3000030517578,61937300,TSLA,178.1684997558594,173.62019989013672,207.8848500061035,0.007930754665036455,0.023199178870462276,-0.376116462836416,55.27046593312237,2.0746323198924586,1.4556273465994005,178.1684997558594,186.29021176950857,170.0467877422102,0.09116888815675275
2024-06-24,182.5800018310547,188.8000030517578,182.5500030517578,184.97000122070312,61992100,TSLA,178.6104995727539,173.7797998046875,207.53815002441405,-0.00234955843225948,0.021590131434352212,-0.37758231366190653,56.92580077607838,2.098780601567853,1.584257997593091,178.6104995727539,186.6794522996492,170.5415468458586,0.09035250163004618
2024-06-25,187.3500061035156,187.97000122070312,182.009994506836,184.3999938964844,62905700,TSLA,179.0159996032715,174.10579986572264,207.21745002746582,0.026125557150967094,0.021232201490714694,-0.36132130482570796,62.92643323995967,2.4742956291557903,1.762265523905631,179.0159996032715,187.9832744016356,170.04872480490738,0.10018405972915329
2024-06-26,196.3699951171875,197.759994506836,186.3600006103516,186.5399932861328,95737100,TSLA,179.99699935913085,174.80359985351564,206.95680000305177,0.0481451226037759,0.023166240144186362,-0.3305720407421221,68.59878322738494,3.459848741557181,2.101782167435941,179.99699935913085,191.7733027545951,168.2206959636666,0.1308499968043147
2024-06-27,197.4199981689453,198.72000122070312,194.0500030517578,195.1699981689453,72746500,TSLA,181.05849914550782,175.6097998046875,206.57600006103516,0.0053470646120412635,0.023076073775173712,-0.32699256619086337,67.53059929215232,4.276338189971312,2.5366933719430156,181.05849914550782,195.01533715236064,167.101661138655,0.15416937699937958
2024-06-28,197.8800048828125,203.1999969482422,195.259994506836,199.5500030517578,95438100,TSLA,182.01299972534179,176.4583999633789,206.2280000305176,0.002330091774560339,0.022993727890642256,-0.32542439710512666,68.35854540521075,4.9040003937955134,3.0101547763135152,182.01299972534179,197.80682805534306,166.2191713953405,0.17354615718475289
2024-07-01,209.8600006103516,213.22999572753903,200.8500061035156,201.0200042724609,135691400,TSLA,183.60199966430665,177.65700012207031,205.9208000946045,0.06054171938510833,0.02595433029581222,-0.284584430250625,78.24590533763873,6.295541661167505,3.6672321532843135,183.60199966430665,203.57225324302,163.6317460855933,0.21753851935410787
2024-07-02,231.259994506836,231.3000030517578,218.0599975585937,218.88999938964844,205047900,TSLA,186.3504997253418,179.3411999511719,205.69690002441405,0.10197271435359379,0.0328884785753336,-0.21163156271245845,86.8972270507254,9.021158501578327,4.738017422943116,186.3504997253418,215.22805016241438,157.4729492882692,0.30992726587408803
2024-07-03,246.38999938964844,248.3500061035156,234.25,234.5599975585937,166561500,TSLA,189.93149948120117,181.4279998779297,205.5568999481201,0.06542422054051023,0.034325323360149325,-0.16005317220418086,88.1262468697759,12.260760022448409,6.242565942844175,189.93149948120117,228.79766343255375,151.0653355298486,0.40926506722176886
2024-07-05,251.5200042724609,252.3699951171875,242.4600067138672,249.8099975585937,154501200,TSLA,193.75749969482422,183.56480010986328,205.48809997558592,0.02082067005771493,0.034106876005400306,-0.14256491643661973,88.11969145468983,15.068416759964691,8.007736106268279,193.75749969482422,240.66766584553983,146.8473335441086,0.48421523011600576
2024-07-08,252.94000244140625,259.44000244140625,244.57000732421875,247.7100067138672,157219600,TSLA,197.50749969482422,185.38100006103517,205.42029998779296,0.005645666924397386,0.03423290278582638,-0.137724123545528,92.80248031636754,17.20970418021426,9.848129721057475,197.50749969482422,250.66823497023137,144.34676441941707,0.5383161181985259
2024-07-09,262.3299865722656,265.6099853515625,250.3000030517578,251.0,160210900,TSLA,201.74999923706054,187.22399993896485,205.41899993896484,0.03712336538398886,0.034110408263237434,-0.10571354112210933,92.79918768580792,19.440287597626877,11.766561296371357,201.74999923706054,261.33572831949147,142.1642701546296,0.5906887663718544
2024-07-10,263.260009765625,267.5899963378906,257.8599853515625,262.79998779296875,128519400,TSLA,206.22350006103517,189.1234002685547,205.45680000305177,0.003545241645880992,0.032984230609352364,-0.10254307952474806,95.66637140974417,21.040543833558587,13.621357803808804,206.22350006103517,270.2402019012322,142.20679822083815,0.6208477871944782
2024-07-11,241.02999877929688,271.0,239.6499938964844,263.29998779296875,221707300,TSLA,209.74199981689452,190.06300018310546,205.43754997253419,-0.08444127539962887,0.03980916026346453,-0.17832548650590163,78.3737316987002,20.2811933547261,14.953324913992263,209.74199981689452,273.2620576687301,146.22194196505893,0.6056970745705563
2024-07-12,248.22999572753903,251.83999633789065,233.08999633789065,235.8000030517578,155955800,TSLA,213.28899993896485,191.3620001220703,205.44374992370606,0.029871787680814554,0.03961373461560559,-0.1537805998960693,79.50063152663796,20.029494663708846,15.96855886393558,213.28899993896485,277.1009905860845,149.47700929184518,0.598361759541094
2024-07-15,252.63999938964844,265.6000061035156,251.72999572753903,255.97000122070312,146912900,TSLA,216.7974998474121,192.815,205.48634994506835,0.01776579679334911,0.03952131624622832,-0.138746837991233,80.58853720308522,19.955833649049254,16.766013820958317,216.7974998474121,281.18834139588637,152.40665829893783,0.5940183036593528
2024-07-16,256.5599975585937,258.6199951171875,245.8000030517578,255.3099975585937,126332500,TSLA,220.725,194.34600006103517,205.56664993286134,0.015516142251486453,0.03829977458891893,-0.12538351141496237,80.44338140202575,19.983411526835226,17.409493362133702,220.725,284.73558754939376,156.71441245060623,0.5800030585515349
2024-07-17,248.5,258.4700012207031,246.17999267578125,252.72999572753903,115584800,TSLA,223.7779998779297,195.69220001220702,205.57724990844727,-0.03141564404151875,0.0390175279188353,-0.15286015169319295,73.1257185343551,19.13432417254228,17.75445952421542,223.7779998779297,286.9229145123932,160.63308524346616,0.5643531952998858
2024-07-18,249.22999572753903,257.1400146484375,247.1999969482422,251.08999633789065,110869000,TSLA,226.99649963378906,196.9816000366211,205.57229988098143,0.002937608561525362,0.03854725076854,-0.15037158642199763,73.0491995755399,18.309263093483537,17.865420238069042,226.99649963378906,288.32495061200103,165.66804865557705,0.5403471073532191
2024-07-19,239.1999969482422,249.44000244140625,236.8300018310547,247.7899932861328,87403900,TSLA,229.87799911499025,198.20940002441407,205.51029983520507,-0.0402439471622098,0.03987924097784867,-0.18456398740554286,66.93997613593586,16.654081284550728,17.62315244736538,229.87799911499025,287.5246507820982,172.23134744788226,0.5015412687516199
2024-07-22,251.509994506836,253.2100067138672,243.75,244.2100067138672,101225400,TSLA,233.30299911499023,199.74519989013672,205.53519981384278,0.051463201152370575,0.04067444854402678,-0.14259903986250738,67.02918921670727,16.149490427131695,17.328420043318644,233.30299911499023,287.2456958036647,179.36030242631574,0.4624260887626845
2024-07-23,246.3800048828125,255.759994506836,245.6300048828125,253.6000061035156,111928200,TSLA,236.4929992675781,201.2333999633789,205.46129981994628,-0.020396762498772425,0.0413169008183886,-0.16008724361265125,57.130734656980195,15.160885991315666,16.89491323291805,236.4929992675781,285.0864417656969,187.89955676945928,0.4109503676524323
2024-07-24,215.9900054931641,225.9900054931641,214.7100067138672,225.4199981689453,167942900,TSLA,237.92499923706055,202.18380004882812,205.24099990844726,-0.12334604589403686,0.051607640106930655,-0.26368716100899214,37.46702085980157,11.78929127130192,15.873788840594825,237.92499923706055,281.8881634926388,193.9618349814823,0.36955481262206347
2024-07-25,220.25,226.0,216.22999572753903,216.8000030517578,100636500,TSLA,239.11899948120117,203.15100006103515,205.0395999145508,0.01972310939623889,0.05084211567412448,-0.2491647823357173,37.01519504855353,9.353206180425616,14.569672308560985,239.11899948120117,279.47969845522607,198.7583005071763,0.33757835271636727
2024-07-26,219.8000030517578,222.27999877929688,215.3300018310547,221.19000244140625,94604100,TSLA,240.2379997253418,203.99600006103515,204.8402498626709,-0.0020431189477511102,0.050881671489634316,-0.25069882799556603,36.126924419801206,7.302106068563859,13.11615906056156,240.2379997253418,276.7923782077441,203.68362124293952,0.3043180389796286
2024-07-29,232.1000061035156,234.2700042724609,224.6999969482422,224.8999938964844,129201800,TSLA,241.94899978637696,205.1582000732422,204.68264991760253,0.055959976710561854,0.052042518657104804,-0.20876795186100122,37.646105859948364,6.593100742105094,11.811547396870267,241.94899978637696,272.93468093971245,210.96331863304147,0.25613398840824764
2024-07-30,222.6199951171875,232.4100036621093,220.0,232.25,100560300,TSLA,242.58699951171874,206.11380004882812,204.4807999420166,-0.04084450985365362,0.05172760334499131,-0.24108543704774107,34.4766934517294,5.206236994635702,10.490485316423355,242.58699951171874,271.22741906884363,213.94657995459383,0.23612493344468244
2024-07-31,232.07000732421875,234.67999267578125,226.7899932861328,227.8999938964844,67497000,TSLA,242.62750015258788,207.20600006103516,204.34680000305175,0.04244907202543402,0.047335125701323935,-0.20887021810382989,46.20725032785987,4.814179625018198,9.355224178142324,242.62750015258788,271.202693775146,214.05230653002977,0.2355478550830984
2024-08-01,216.8600006103516,231.8699951171875,214.3300018310547,227.69000244140625,83861900,TSLA,241.15100021362304,208.04420013427733,204.17550003051758,-0.06554059651757438,0.0470517471448661,-0.26072133593212343,37.5644200813544,3.2388158554080064,8.13194251359546,241.15100021362304,271.8782540890613,210.42374633818483,0.25483828678478265
2024-08-02,207.6699981689453,216.1300048828125,205.77999877929688,214.8800048828125,82880100,TSLA,238.95849990844727,208.46559997558595,203.94425003051757,-0.04237758192170549,0.047328472710076265,-0.29205017808162886,32.82407762481817,1.2345413014940334,6.752462271175175,238.95849990844727,272.6821437208305,205.23485609606402,0.28225523532583147
2024-08-05,198.8800048828125,203.8800048828125,182.0,185.22000122070312,100308800,TSLA,236.25550003051757,208.84100006103515,203.66440002441405,-0.04232673647438423,0.04779080856918004,-0.32201538363105503,28.75976093889315,-1.051024167292411,5.191764983481659,236.25550003051757,273.7192478565378,198.79175220449736,0.31714603741441744
2024-08-06,200.63999938964844,202.8999938964844,192.6699981689453,200.75,73783900,TSLA,233.1710006713867,209.37899993896485,203.4542000579834,0.008849529684359148,0.04670342898333169,-0.3160155386429592,31.518380371643673,-2.6893334580493615,3.615545295175455,233.1710006713867,271.7376380590772,194.60436328369622,0.33080131986089767
2024-08-07,191.759994506836,203.4900054931641,191.47999572753903,200.7700042724609,71159800,TSLA,229.59599990844725,209.62939971923828,203.31245002746581,-0.044258397676563144,0.04707456955872277,-0.3462875949382889,29.121558097147158,-4.650637896353373,1.9623086568696895,229.59599990844725,269.6459465443446,189.54605327254993,0.34887320904429947
2024-08-08,198.83999633789065,200.6999969482422,192.0399932861328,195.6999969482422,65033900,TSLA,227.48649978637695,210.0711996459961,203.24669998168946,0.0369211620456229,0.04539472904060704,-0.32215177329977157,35.01633567249303,-5.5694872344692214,0.4559494786019074,227.48649978637695,269.4016702129214,185.57132935983253,0.36850688252626157
2024-08-09,200.0,200.8800048828125,195.1100006103516,197.0500030517578,58648300,TSLA,225.075,210.54739959716798,203.1862999725342,0.005833854775063152,0.044635311665348336,-0.31819730518566836,29.15081816029145,-6.133377594882091,-0.8619159360948925,225.075,267.5115671604134,182.63843283958659,0.37708823423670695
2024-08-12,197.4900054931641,199.259994506836,194.6699981689453,199.0200042724609,64044900,TSLA,222.31750030517577,210.92139984130858,203.0911499786377,-0.012549972534179554,0.04416330038219773,-0.3267539102793178,29.782486254661308,-6.705503477860532,-2.0306334444480205,222.31750030517577,264.3779136048521,180.25708700549947,0.3783814881144299
2024-08-13,207.8300018310547,208.4900054931641,197.0599975585937,198.47000122070312,76247400,TSLA,219.88100051879883,211.51639984130858,203.06819999694824,0.052357061371637315,0.046067259118439625,-0.29150472344159717,45.95478763720576,-6.252491245514932,-2.875005004661403,219.88100051879883,259.14188399190004,180.6201170456976,0.3571102858406776
2024-08-14,201.3800048828125,208.44000244140625,198.75,207.38999938964844,70250000,TSLA,217.52500076293944,212.01820007324218,203.04630004882813,-0.0310349655555765,0.046057780134172895,-0.3134928499458759,40.84425435989648,-6.340843341451318,-3.5681726720193865,217.52500076293944,255.17702419048658,179.8729773353923,0.3461857101067718
2024-08-15,214.13999938964844,215.8800048828125,204.82000732421875,205.0200042724609,89848500,TSLA,215.77050094604493,212.80559997558595,203.08050003051758,0.06336276788880446,0.048810878411404045,-0.2699938567429918,47.546808736343344,-5.319913446366712,-3.9185208268888516,215.77050094604493,250.3465552104081,181.19444668168177,0.32048916893425733
2024-08-16,216.1199951171875,219.8000030517578,210.8000030517578,211.1499938964844,88765100,TSLA,214.6165008544922,213.62799987792968,203.17430000305177,0.009246267550119258,0.04825626566824237,-0.2632440246292068,42.393369341980744,-4.30146542555525,-3.9951097466221315,214.6165008544922,247.39386242381954,181.83913928516483,0.30545052629993324
2024-08-19,222.72000122070312,222.97999572753903,214.08999633789065,217.07000732421875,76435200,TSLA,213.17700119018554,214.52359985351563,203.2837000274658,0.030538618603692225,0.047207583233117585,-0.2407445148933669,50.04894582024801,-2.9280203021255886,-3.7816918577228233,213.17700119018554,241.3355072735003,185.01849510687077,0.26417958716093576
2024-08-20,221.1000061035156,228.22000122070312,219.5599975585937,224.8800048828125,74001200,TSLA,211.9130012512207,215.39600006103515,203.36090003967286,-0.007273684933138069,0.04707294171005347,-0.24626710007578947,44.18530542655218,-1.9478219349734047,-3.41491787317294,211.9130012512207,235.73100679651455,188.09499570592683,0.2247904130908689
2024-08-21,223.2700042724609,224.6600036621093,218.8600006103516,222.6699981689453,70146000,TSLA,212.27700119018556,216.3856002807617,203.38470008850098,0.009814554993405888,0.037868723200920454,-0.23886954707914407,53.94267769389308,-0.9845575833004148,-2.928845815198435,212.27700119018556,236.5750289579463,187.97897342242481,0.22892755815776186
2024-08-22,210.6600036621093,224.8000030517578,210.32000732421875,223.82000732421875,79514500,TSLA,211.79750137329103,217.18560028076172,203.33820007324218,-0.05647870456867721,0.03981136063919433,-0.2818572090678846,51.764848502752244,-1.2245692358547728,-2.5879904993297025,211.79750137329103,235.80986572413988,187.78513702244217,0.22674832512331955
2024-08-23,220.32000732421875,221.47999572753903,214.2100067138672,214.4600067138672,81525200,TSLA,211.82350158691406,218.04620056152345,203.343450088501,0.04585589810206092,0.04119186087175438,-0.24892612642417186,62.52629458132822,-0.6280587656837326,-2.1960041526005085,211.82350158691406,235.8734467778251,187.77355639600302,0.2270753246050276
2024-08-26,213.2100067138672,219.08999633789065,211.009994506836,218.75,59301200,TSLA,210.87900161743164,218.66100067138672,203.2986001586914,-0.0322712435275504,0.03968464838760276,-0.27316421430551807,56.911914844774145,-0.7207294287323691,-1.9009492078268808,210.87900161743164,232.98088774659516,188.77711548826812,0.20961675614587635
2024-08-27,209.2100067138672,215.6600036621093,206.94000244140625,213.25,62821400,TSLA,210.20850219726563,219.28500091552735,203.234100189209,-0.018760845523390857,0.03888975651157387,-0.2868002682018047,60.139462337295676,-1.1042095273746781,-1.7416012717364402,210.20850219726563,231.6133060648379,188.80369832969336,0.20365307438883126
2024-08-28,205.75,211.83999633789065,202.58999633789065,209.72000122070312,64116400,TSLA,208.8925018310547,219.6512008666992,203.21295021057128,-0.01653843794670573,0.03752362779482169,-0.2985954777097563,54.19143775087315,-1.6680852453388013,-1.7268980664569127,208.8925018310547,227.71914830015186,190.06585536195752,0.18025200812926773
2024-08-29,206.27999877929688,214.88999938964844,205.97000122070312,209.8000030517578,62308800,TSLA,208.36350173950194,220.07960083007814,203.17110023498535,0.002575935743848623,0.03476071530717175,-0.2967887047298918,53.83863063353457,-2.0485795918871474,-1.7912343715429597,208.36350173950194,226.83880386225826,189.88819961674562,0.17733722046824035
2024-08-30,214.1100006103516,214.57000732421875,207.02999877929688,208.6300048828125,63370600,TSLA,208.68550186157228,220.73040069580077,203.12310020446776,0.03795812428442069,0.03448074980770355,-0.2700961229858205,59.53856522537188,-1.6987265311000215,-1.7727328034543723,208.68550186157228,227.33358552776832,190.03741819537623,0.17871949416558808
2024-09-03,210.6000061035156,219.8999938964844,209.63999938964844,215.259994506836,76714200,TSLA,209.27150192260743,221.28220092773438,202.9890502166748,-0.01639341692041585,0.03318578445010569,-0.2820617415535419,51.72499969117529,-1.685265985090183,-1.7552394397815345,209.27150192260743,227.3500847738166,191.19291907139825,0.17277634732984312
2024-09-04,219.4100036621093,222.22000122070312,210.57000732421875,210.58999633789065,80651800,TSLA,210.21000213623046,222.01880096435548,202.8719002532959,0.041832845694521614,0.034273230185700665,-0.2520283411697576,60.90744108334633,-0.9527228348517554,-1.5947361187955789,210.21000213623046,228.350609266958,192.0693950055029,0.17259509011346844
2024-09-05,230.1699981689453,235.0,222.25,223.4900054931641,119355000,TSLA,212.13050231933593,222.87520080566406,202.85480026245116,0.04904058305111003,0.03355239421420336,-0.21534737491501654,59.93800371508496,0.49041136414078323,-1.1777066222083064,212.13050231933593,230.17938313971567,194.0816214989562,0.17016770924540975
2024-09-06,210.72999572753903,233.6000061035156,210.509994506836,232.6000061035156,112177000,TSLA,212.72500228881836,223.1624008178711,202.73695022583007,-0.08445932396079381,0.03891844871384138,-0.2816186051737565,47.2530836020198,0.06471390233738816,-0.9292225172991675,212.72500228881836,229.68082870441856,195.76917587321816,0.15941545406664653
2024-09-09,216.2700042724609,219.8699951171875,213.6699981689453,216.1999969482422,67443500,TSLA,213.53850250244142,223.5394009399414,202.6403002166748,0.026289605928169646,0.03924674431764215,-0.2627326413976457,46.67697231044787,0.17239077314232532,-0.708899859210869,213.53850250244142,229.4529510100622,197.62405399482063,0.14905460440267757
2024-09-10,226.1699981689453,226.3999938964844,218.63999938964844,220.07000732421875,78891100,TSLA,214.97250213623047,224.10520080566405,202.56515022277833,0.04577608406578748,0.0400595608068637,-0.22898342881130318,52.406717923332884,1.0445315294966235,-0.35821358146937055,214.97250213623047,229.9384583541562,200.00654591830474,0.13923600524909593
2024-09-11,228.1300048828125,228.47000122070312,216.8000030517578,224.5500030517578,83548600,TSLA,215.98750228881835,224.4706008911133,202.53475021362306,0.008666077418469476,0.03865545516452622,-0.22230173951445903,52.3116438977551,1.8722830106012225,0.08788573694474805,215.98750228881835,231.65109956286648,200.32390501477022,0.14504170017302925
2024-09-12,229.8099975585937,231.4499969482422,223.8300018310547,224.6600036621093,71894900,TSLA,217.40900192260742,224.44160095214843,202.5065502166748,0.007364189890953554,0.03769282992756532,-0.21657462184637924,60.16561917407168,2.633486202006452,0.5970058299570888,217.40900192260742,232.64520188237222,202.1728019628426,0.14016162923362796
2024-09-13,230.2899932861328,232.6699981689453,226.32000732421875,228.0,59515100,TSLA,218.21650161743165,224.11960083007813,202.4776001739502,0.0020886633855723424,0.03531179271224775,-0.21493830994370156,55.86400812031126,3.238149487475141,1.1252345614606993,218.21650161743165,234.40529530201874,202.02770793284455,0.14837368910778925
2024-09-16,226.77999877929688,229.9600067138672,223.52999877929688,229.3000030517578,54323000,TSLA,218.7495018005371,223.62480072021484,202.37790016174316,-0.015241628421408637,0.0355529223516294,-0.22690392851142277,58.33435327259929,3.39498697853665,1.5791850448758895,218.7495018005371,235.34450615220877,202.15449744886544,0.15172609962607847
2024-09-17,227.8699951171875,234.57000732421875,226.5500030517578,229.4499969482422,66761600,TSLA,219.00700149536132,223.12340057373046,202.29655014038087,0.004806404196833203,0.03496536899747237,-0.22318811630886487,61.88534524231834,3.566127319245197,1.976573499749751,219.00700149536132,236.0160685240706,201.99793446665205,0.15532897955382974
2024-09-18,227.1999969482422,235.67999267578125,226.8800048828125,230.08999633789065,78010200,TSLA,219.31200103759767,222.42080078125,202.2321501159668,-0.0029402649901351108,0.034920019340603334,-0.22547214909440277,64.16589862122657,3.606124856816166,2.3024837711630344,219.31200103759767,236.69377447642978,201.93022759876555,0.15851183115010906
2024-09-19,243.9199981689453,244.2400054931641,232.1300048828125,234.0,102694600,TSLA,220.34450073242186,222.0340005493164,202.25760009765625,0.07359155565707187,0.03841335312462702,-0.16847343964653125,70.47878571225766,4.930155790105147,2.828018174951457,220.34450073242186,240.88286200686434,199.80613945797938,0.18642045711305044
2024-09-20,238.25,243.9900054931641,235.9199981689453,241.5200042724609,99879100,TSLA,221.7240005493164,221.97840057373048,202.27095008850097,-0.02324531900421767,0.036266479305465775,-0.18780253980242745,63.44996998061106,5.4590103051010885,3.3542166009813834,221.7240005493164,243.20800867216676,200.23999242646605,0.193790551042054
2024-09-23,250.0,250.0,241.9199981689453,242.6100006103516,86927200,TSLA,223.20800018310547,222.01380065917968,202.32735008239746,0.04931794333683115,0.03647039715672427,-0.14774663148208547,70.1061450043107,6.748466004256329,4.033066481636372,223.20800018310547,248.11176537530946,198.30423499090148,0.22314401967469397
2024-09-24,254.2700042724609,257.19000244140625,249.0500030517578,254.0800018310547,88491000,TSLA,225.26100006103516,222.04640075683594,202.40185012817383,0.017080017089843746,0.03532703116141548,-0.13319012938292268,68.65368439221953,8.022444844369062,4.83094215418291,225.26100006103516,253.27051076991168,197.25148935215864,0.24868495390935186
2024-09-25,257.0199890136719,257.04998779296875,252.27999877929688,252.5399932861328,65034300,TSLA,227.6514991760254,222.0556005859375,202.47375007629395,0.010815214909361659,0.03469781112240022,-0.12381539434664303,65.71461895258915,9.148524543535501,5.694458632053429,227.6514991760254,257.9595302454619,197.34346810658886,0.26626691393762053
2024-09-26,254.22000122070312,261.75,251.52999877929688,260.6000061035156,67142200,TSLA,230.07499923706055,222.17000061035156,202.52565010070802,-0.01089404681602335,0.034485028218065365,-0.13336059046010967,81.61072033102208,9.703163178559748,6.496199541354693,230.07499923706055,260.75838110490224,199.39161736921886,0.2667250415698291
2024-09-27,260.4599914550781,260.70001220703125,254.1199951171875,257.3800048828125,70988100,TSLA,232.78399887084962,222.39460052490233,202.62925003051757,0.024545630573566513,0.03454566771529763,-0.11208837967304973,81.79595805355754,10.52490875827462,7.301941384738679,232.78399887084962,264.1804594776514,201.3875382640478,0.2697475836749485
2024-09-30,261.6300048828125,264.8599853515625,255.7700042724609,259.0400085449219,80705700,TSLA,235.15999908447264,222.84320068359375,202.75235008239747,0.004492104223754234,0.03404430675043315,-0.10809978813305847,79.18040464946327,11.142118944499884,8.069976896690921,235.15999908447264,267.77488290030146,202.54511526864383,0.2773846227488129
2024-10-01,258.0199890136719,263.9800109863281,248.52999877929688,262.6700134277344,87397600,TSLA,237.53099822998047,222.97340057373046,202.84600006103517,-0.013798172234708361,0.03394068572427022,-0.12040638087257137,73.9464805261485,11.210733990363138,8.698128315425365,237.53099822998047,269.5167638647405,205.54523259522045,0.26931866470574084
2024-10-02,249.0200042724609,251.1600036621093,241.5,247.5500030517578,93983900,TSLA,239.01149826049806,223.02620056152344,202.83585006713867,-0.03488095932262858,0.03457273549629008,-0.1510874501217989,63.774570700003046,10.418787064143856,9.042260065169064,239.01149826049806,270.19672730215075,207.82626921884534,0.2609517054084486
2024-10-03,240.6600036621093,249.7899932861328,237.8099975585937,244.47999572753903,80729200,TSLA,239.53599853515624,223.51960052490233,202.7716500854492,-0.033571602549667734,0.034208734708574454,-0.17958680484573483,56.68084935709958,9.012688573953795,9.036345766926011,239.53599853515624,270.4467575536922,208.6252395166203,0.25808863141712063
2024-10-04,250.0800018310547,250.9600067138672,244.5800018310547,246.69000244140625,86573200,TSLA,241.50349884033204,224.11620056152344,202.76165008544922,0.03914235030998858,0.02826534642398467,-0.14747390416206962,63.94876099945827,8.559788601396491,8.941034333820108,241.50349884033204,269.57286936734727,213.43412831331682,0.2324551872896305
2024-10-07,240.8300018310547,249.8300018310547,240.6999969482422,249.0,68113300,TSLA,242.73149871826172,224.53680053710937,202.67970008850097,-0.03698816351676526,0.02972830562114013,-0.17900727879723247,57.068068229838545,7.369513254220294,8.626730117900145,242.73149871826172,268.1792370918877,217.28376034463568,0.2096780888183218
2024-10-08,244.5,246.2100067138672,240.5599975585937,243.5599975585937,56303200,TSLA,243.64799880981445,224.78480041503906,202.66650009155273,0.015238957526229946,0.028318151860097236,-0.16649620558947958,59.13604096860133,6.645741673707846,8.230532429061686,243.64799880981445,267.8753645573655,219.4206330622634,0.19887186322808537
2024-10-09,241.0500030517578,247.42999267578125,239.509994506836,243.82000732421875,66289500,TSLA,244.29399871826172,225.15340057373047,202.59925010681152,-0.014110416966225725,0.028589143074240365,-0.1782572916715433,48.23731970031961,5.727735787991207,7.729973100847591,244.29399871826172,267.44421786633336,221.14377957019005,0.18952753051269375
2024-10-10,238.7700042724609,242.7899932861328,232.33999633789065,241.8099975585937,83087100,TSLA,244.74199905395508,225.2874005126953,202.53040016174316,-0.009458613360014523,0.02870557880145257,-0.1860298382310334,50.333250735314664,4.7613468206283756,7.136247844803748,244.74199905395508,267.0432579770984,222.44074013081175,0.18224300699796814
2024-10-11,217.8000030517578,223.33999633789065,214.3800048828125,220.1300048828125,142628900,TSLA,244.11749954223632,225.30620056152344,202.33635025024415,-0.08782510719719294,0.03507463304739595,-0.25751685494370935,31.54515922473999,2.2771234944546848,6.164422974733935,244.11749954223632,268.7050654861187,219.52993359835392,0.20144042102666504
2024-10-14,219.1600036621093,221.9100036621093,213.7400054931641,220.1300048828125,86291900,TSLA,243.73649978637695,225.53600067138672,202.12495025634766,0.006244263504570746,0.03498296132562339,-0.2528805945382755,29.182964215748086,0.41333462953798517,5.014205305694746,243.73649978637695,269.6553583832607,217.81764118949317,0.21267933706769704
2024-10-15,219.57000732421875,224.259994506836,217.1199951171875,220.009994506836,62988800,TSLA,243.3215003967285,225.94980072021485,201.95690032958984,0.0018707960177879457,0.03496293116865979,-0.2514828865297256,27.161857452111377,-1.0189023329439806,3.807583777967001,243.3215003967285,270.54307947124386,216.0999213222132,0.22374988671474863
2024-10-16,221.3300018310547,222.82000732421875,218.92999267578125,221.3999938964844,49632800,TSLA,243.02800064086915,226.36360076904296,201.82115036010742,0.008015641700267029,0.03502114222770647,-0.2454830415416298,29.684990346153086,-1.9890154644521374,2.6482639294831736,243.02800064086915,271.0949076885636,214.96109359317472,0.23097673497441856
2024-10-17,220.88999938964844,222.0800018310547,217.8999938964844,221.58999633789065,50791800,TSLA,241.8765007019043,226.94620086669923,201.68350036621095,-0.001987992760882462,0.030346056073803848,-0.24698301579300813,23.672663177145537,-2.761508677176664,1.5663094081512061,241.8765007019043,271.6284398193674,212.1245615844412,0.24600933973433198
2024-10-18,220.6999969482422,222.27999877929688,219.22999572753903,220.7100067138672,49611900,TSLA,240.9990005493164,227.38340087890626,201.59475036621095,-0.0008601676940163117,0.030029441918550337,-0.24763073667586855,22.407975633665686,-3.3504251078031757,0.5829625049603299,240.9990005493164,272.2011853900441,209.7968157085887,0.2589403671351964
2024-10-21,218.8500061035156,220.47999572753903,215.72999572753903,218.8999938964844,47329000,TSLA,239.44150085449215,227.76040100097657,201.4993504333496,-0.008382378207102748,0.027352468715603897,-0.25393738039245073,22.952632621495127,-3.921223004223208,-0.31787459687637776,239.44150085449215,271.83880895360596,207.04419275537833,0.27060729224881996
2024-10-22,217.97000122070312,218.22000122070312,215.259994506836,217.3099975585937,43268700,TSLA,237.62650070190426,228.17000091552734,201.4017504119873,-0.004021041161845984,0.026806076947996568,-0.25693732889520726,25.85160499740236,-4.393942850996325,-1.1330882477003672,237.62650070190426,270.58832148438086,204.66467991942767,0.2774254612605373
2024-10-23,213.6499938964844,218.72000122070312,212.1100006103516,217.1300048828125,80938900,TSLA,235.45800094604493,228.28640075683595,201.2677503967285,-0.019819274670942244,0.026589600001828875,-0.2716642920715571,27.585054136410903,-5.058849949391629,-1.9182405880386197,235.45800094604493,268.75255686273283,202.163445029357,0.28280674925391336
2024-10-24,260.4800109863281,262.1199951171875,242.6499938964844,244.67999267578125,204491900,TSLA,235.77100143432617,229.46840087890624,201.39535041809083,0.21919035070290405,0.05748478997718444,-0.11202013282127388,55.32459919124996,-1.7864099885526343,-1.8918744681414228,235.77100143432617,269.91507497744914,201.6269278912032,0.2896376003444493
2024-10-25,269.19000244140625,269.489990234375,255.32000732421875,256.010009765625,161611900,TSLA,236.20750198364257,230.5694009399414,201.5716004180908,0.03343823359841336,0.05769704501717847,-0.08232765459186354,64.60049298829496,1.4926395553993075,-1.2149716634332768,236.20750198364257,271.86997554232227,200.54502842496285,0.3019588561683307
2024-10-28,262.510009765625,273.5400085449219,262.239990234375,270.0,107653600,TSLA,236.2515022277832,231.49720123291016,201.74805046081542,-0.024815158866218545,0.05803093312282032,-0.10509983963030181,58.99331313660829,3.511808419910153,-0.2696156467645908,236.2515022277832,272.04796379378604,200.45504066178032,0.3030369011705966
2024-10-29,259.5199890136719,264.9800109863281,255.509994506836,264.510009765625,80521800,TSLA,236.3265022277832,232.23320098876954,201.95120040893553,-0.01139012091242797,0.057999725366591454,-0.11529286066146388,59.26556669307522,4.815237545283793,0.7473549916450859,236.3265022277832,272.3207403585779,200.3322640969885,0.30461448708872835
2024-10-30,257.54998779296875,263.3500061035156,255.82000732421875,258.0400085449219,53993600,TSLA,236.75300140380858,232.96220062255858,202.13940032958985,-0.007590942139718337,0.057410572430272436,-0.12200862136677845,59.45047183828271,5.624417104021489,1.7227674141203666,236.75300140380858,273.57319870126474,199.93280410635242,0.31104313000581746
2024-10-31,249.8500061035156,259.75,249.25,257.989990234375,66575300,TSLA,237.21250152587885,233.4938006591797,202.31090034484862,-0.029897037679701866,0.057292742355372996,-0.1482579626962293,68.61424017568253,5.580050217788113,2.4942239748539157,237.21250152587885,274.4648330560945,199.9601699956632,0.31408404945429563
2024-11-01,248.97999572753903,254.0,246.6300048828125,252.0399932861328,57544800,TSLA,237.15750122070307,234.26020050048828,202.49640029907226,-0.003482130697311736,0.05667876437588905,-0.15122383979051554,67.41821531750307,5.412296983848876,3.0778385766529075,237.15750122070307,274.3330104936448,199.98199194776134,0.313509031606346
2024-11-04,242.83999633789065,248.8999938964844,238.8800048828125,244.5599975585937,68802400,TSLA,237.2580009460449,234.71060028076172,202.6496502685547,-0.024660613282231014,0.0563077906001342,-0.17215518044061864,62.73950764225776,4.7293872682396625,3.4081483149702585,237.2580009460449,274.4861434197878,200.02985847230195,0.31381991187061403
2024-11-05,251.44000244140625,255.27999877929688,246.2100067138672,247.33999633789065,69282500,TSLA,237.6050010681152,235.4752001953125,202.86285026550294,0.03541429020427689,0.05674056930708374,-0.14283764375663546,65.33563808283017,4.826488265484528,3.6918163050731123,237.6050010681152,275.24446453159305,199.96553760463735,0.316823831941884
2024-11-06,288.5299987792969,289.5899963378906,275.6199951171875,284.6700134277344,165228700,TSLA,239.9790008544922,237.0616000366211,203.25980026245117,0.14751032444224466,0.06509970646931633,-0.016397346487497872,75.08529448880748,7.806307976713384,4.514714639401166,239.9790008544922,283.9843440710656,195.97365763791876,0.366743282202891
2024-11-07,296.9100036621094,299.75,285.5199890136719,288.8900146484375,117309200,TSLA,242.8860008239746,238.88480010986328,203.70520027160646,0.02904379065700735,0.06503602926354869,0.0,76.64498754575317,10.720454202923747,5.7558625521056825,242.8860008239746,293.7084948733291,192.06350677462012,0.41848845859327044
2024-11-08,321.2200012207031,328.7099914550781,297.6600036621094,299.1400146484375,204782800,TSLA,248.05700073242187,241.1836001586914,204.3981502532959,0.08187665372925301,0.06222638084655823,0.0,80.93309224691001,14.820705846903223,7.568831211065191,248.05700073242187,308.30389899632115,187.8101024685226,0.4857504370851229
2024-11-11,350.0,358.6400146484375,336.0,346.29998779296875,210521600,TSLA,254.5990005493164,243.90140014648438,205.2319002532959,0.08959591143118995,0.06393381855611374,0.0,84.13921013504782,20.16009714185202,10.087084397222558,254.5990005493164,328.50136144373306,180.69663965489974,0.5805392851893902
2024-11-12,328.489990234375,345.8399963378906,323.3099975585937,342.739990234375,155726000,TSLA,260.04499969482424,246.25919982910156,205.91970024108886,-0.06145717075892854,0.0666727266130979,-0.06145717075892857,77.27013227229108,22.397738008250997,12.549215119428247,260.04499969482424,338.96144431399017,181.1285550756583,0.6069445266148421
2024-11-13,330.239990234375,344.6000061035156,322.5,335.8500061035156,125405600,TSLA,265.49049911499026,248.47579956054688,206.61295021057128,0.005327407385385952,0.06670571139740328,-0.056457170758928574,71.07806823079387,24.03523170120451,14.8464184357835,265.49049911499026,348.1024534014358,182.87854482854473,0.6223345435097045
2024-11-14,311.17999267578125,329.9800109863281,310.3699951171875,327.69000244140625,120726100,TSLA,270.0049987792969,250.0959994506836,207.23240020751953,-0.05771559508909463,0.06889510048979501,-0.110914306640625,61.94050678301402,23.52380693515545,16.581896135657892,270.0049987792969,352.2219163738794,187.78808118471437,0.6090029293256674
2024-11-15,320.7200012207031,324.67999267578125,309.2200012207031,310.57000732421875,114440300,TSLA,275.0059989929199,252.29579956054687,207.8917002105713,0.030657525449785616,0.06876846784688515,-0.08365713936941964,66.28797938283424,23.61606676664752,17.98873026185582,275.0059989929199,356.761772023809,193.2502259620308,0.5945744698681567
2024-11-18,338.739990234375,348.54998779296875,330.010009765625,340.7300109863281,126085600,TSLA,281.00049819946287,254.74519927978517,208.64585014343263,0.056186046847983784,0.06883497445107603,-0.03217145647321429,70.44703714678606,24.856713145498077,19.362326838584274,281.00049819946287,363.0003392787028,199.0006571202229,0.5836277273859772
2024-11-19,346.0,347.3800048828125,332.75,335.760009765625,88852500,TSLA,287.40199813842776,257.14179931640626,209.47055015563964,0.021432396454288627,0.06852091805378506,-0.011428571428571429,72.22250335829823,26.124608231080458,20.714783117083513,287.40199813842776,368.6700845223605,206.13391175449502,0.5655359872953272
2024-11-20,342.0299987792969,346.6000061035156,334.29998779296875,345.0,66340700,TSLA,293.82099838256835,259.41979919433595,210.25520011901855,-0.011473991967350106,0.06825568386607427,-0.022771432059151785,73.60200195782551,26.503561739431234,21.87253884155306,293.82099838256835,370.7244551497656,216.91754161537108,0.5234714822326311
2024-11-21,339.6400146484375,347.989990234375,335.2799987792969,343.8099975585937,58011700,TSLA,297.7789985656738,261.6163995361328,211.01550018310547,-0.006987644766217049,0.05112534949487247,-0.02959995814732143,73.0335410353259,26.307773739928905,22.759585821228228,297.7789985656738,375.6001408695914,219.95785626175618,0.5226771711824031
2024-11-22,352.5599975585937,361.5299987792969,337.70001220703125,341.0899963378906,89140700,TSLA,301.9474983215332,264.06179962158205,211.83050018310547,0.038040225983177356,0.051225089806284894,0.0,76.9476393696871,26.885228801642597,23.584714417311105,301.9474983215332,382.21378900715735,221.68120763590906,0.531657265794939
2024-11-25,338.5899963378906,361.9299926757813,338.20001220703125,360.1400146484375,95890900,TSLA,305.75149765014646,266.2979995727539,212.55560012817384,-0.03962446482142756,0.051929765866880244,-0.03962446482142752,70.85427172374894,25.916850432938986,24.05114162043668,305.75149765014646,385.35666369049295,226.14633160979997,0.5207180776032307
2024-11-26,338.2300109863281,346.9599914550781,335.6600036621094,341.0,62295900,TSLA,309.6869987487793,268.50519989013674,213.3061001586914,-0.001063189566898104,0.05171449408319683,-0.040645526070733524,64.42922444015068,24.834083928753785,24.207730082100106,309.6869987487793,387.42935968168473,231.94463781587382,0.5020705502459322
2024-11-27,332.8900146484375,342.54998779296875,326.5899963378906,341.79998779296875,57896400,TSLA,313.45400009155276,270.61900024414064,214.05045021057128,-0.015788061864523528,0.051931287668337274,-0.05579187385513622,60.63365026429153,23.276770476255535,24.021538160931193,313.45400009155276,387.7857044548282,239.12229572827732,0.4742750409410302
2024-11-29,345.1600036621094,345.45001220703125,334.6499938964844,336.0799865722656,37167600,TSLA,318.2194999694824,272.64380035400393,214.8327001953125,0.03685898787510977,0.051089956009838955,-0.02098931798198256,57.617414251095624,22.77019329973342,23.77126918869164,318.2194999694824,387.4260004685639,249.01299947040087,0.4349607771096272
2024-12-02,357.0899963378906,360.0,351.1499938964844,352.3800048828125,77986500,TSLA,323.625,275.0206002807617,215.61590019226074,0.034563659025395044,0.05097636697366739,0.0,52.526908186845354,23.065493294546513,23.630114009862616,323.625,386.67507459818177,260.57492540181823,0.3896489739555459
2024-12-03,351.4200134277344,355.69000244140625,348.20001220703125,351.79998779296875,58267200,TSLA,329.0540008544922,277.0490005493164,216.3732502746582,-0.01587830229999254,0.050613502334585045,-0.01587830229999252,59.21255034667943,22.58169273588851,23.420429755067797,329.0540008544922,380.43410453321354,277.67389717577083,0.3122897976945836
2024-12-04,357.92999267578125,358.1000061035156,348.6000061035156,353.0,50810900,TSLA,334.3785003662109,279.1222003173828,217.19410026550293,0.018524782309774723,0.05048044922515728,0.0,60.71512417482493,22.464620070278272,23.229267818109896,334.3785003662109,372.1659412195519,296.59105951286995,0.22601597179218286
2024-12-05,369.489990234375,375.4299926757813,359.5,359.8699951171875,81403600,TSLA,338.42649993896487,281.37160034179686,218.0677001953125,0.03229681165351517,0.040659796700028374,0.0,73.95450066320814,23.039054452946914,23.1912251450773,338.42649993896487,372.717779701546,304.1352201763837,0.20265126855471174
2024-12-06,389.2200012207031,389.489990234375,370.7999877929688,377.4200134277344,81455800,TSLA,343.04199981689453,284.07160034179685,219.02675018310546,0.053397958017247005,0.04151432444423196,0.0,75.96666062021762,24.800460564169896,23.513072228895822,343.04199981689453,378.6296673991152,307.45433223467387,0.20748285983183565
2024-12-09,389.7900085449219,404.7999877929688,378.010009765625,397.6099853515625,96359200,TSLA,346.47050018310546,286.65820068359375,220.01585021972656,0.0014644862094215227,0.038417688994770736,0.0,72.30233888267458,25.943323935701983,23.999122570257054,346.47050018310546,386.1796382029059,306.761362163305,0.22922088892886774
2024-12-10,400.989990234375,409.7300109863281,390.8500061035156,392.6799926757813,97563600,TSLA,349.0199996948242,289.445400390625,221.023800201416,0.02873337295448497,0.03396867209805103,0.0,73.22410682064239,27.436525128674134,24.686603081940472,349.0199996948242,395.63102791798605,302.40897147166237,0.26709660342626523
2024-12-11,424.7699890136719,424.8800048828125,402.3800048828125,409.7000122070313,104287600,TSLA,353.83399963378906,292.780400390625,222.14900016784668,0.05930322291934931,0.03174994360687028,0.0,79.93489725372496,30.19072510979362,25.787427487511103,353.83399963378906,410.35205535557014,297.315943912008,0.31946085328304297
2024-12-12,418.1000061035156,429.2999877929688,415.0,424.8399963378906,87752200,TSLA,358.2270004272461,296.1620004272461,223.2293002319336,-0.015702575706076027,0.03237391510774823,-0.015702575706075993,77.53370740670854,31.472441841657826,26.92443035834045,358.2270004272461,420.398839789165,296.0551610653272,0.3471086170934547
2024-12-13,436.2300109863281,436.2999877929688,415.7099914550781,420.0,89000200,TSLA,364.47950134277346,300.07340057373045,224.40105026245118,0.04336284290396253,0.028518528285659747,0.0,78.32624548429872,33.56424375224117,28.252393037120598,364.47950134277346,431.67838449412955,297.2806181914174,0.3687388887648808
2024-12-16,463.0199890136719,463.1900024414063,436.1499938964844,441.0899963378906,114083800,TSLA,371.59450073242186,304.3322003173828,225.7029502105713,0.06141250567967771,0.030057780033127725,0.0,88.76084970914071,36.95771365300209,29.993457160296895,371.59450073242186,448.6896525261176,294.49934893872614,0.41494237208429774
2024-12-17,479.8599853515625,483.989990234375,457.510009765625,475.8999938964844,131223000,TSLA,378.65050048828124,309.112799987793,227.16155014038085,0.036369912179738284,0.029076438205214942,0.0,90.01075073216194,40.53860614746981,32.10248695773148,378.65050048828124,467.95029148420457,289.3507094923579,0.47167396256320043
2024-12-18,440.1300048828125,488.5400085449219,427.010009765625,466.5,149340800,TSLA,383.35700073242185,313.02540008544923,228.4585001373291,-0.0827949436951747,0.036749599078745046,-0.08279494369517476,75.36665003488056,39.7128271111842,33.62455498842202,383.35700073242185,475.2943954255946,291.4196060392491,0.4796437499120765
2024-12-19,436.1700134277344,456.3599853515625,420.0199890136719,451.8800048828125,118566100,TSLA,388.0640014648437,316.92780029296875,229.7566502380371,-0.008997322180141931,0.03666775529934157,-0.09104733309200452,72.40854414524134,38.297384649174376,34.55912092057249,388.0640014648437,480.72919129612524,295.3988116335622,0.47757684032269826
2024-12-20,421.05999755859375,447.0799865722656,417.6400146484375,425.510009765625,132216200,TSLA,392.13500061035154,320.5736001586914,230.96870025634766,-0.034642491239586515,0.037955020254588585,-0.12253571789256357,65.50788596763405,35.54662493411644,34.75662172328128,392.13500061035154,482.9788461092585,301.2911551114446,0.4633294419396893
2024-12-23,430.6000061035156,434.510009765625,415.4100036621094,431.0,72698100,TSLA,396.03700103759763,324.82960021972656,232.24500030517578,0.022657123925894362,0.03754232938087825,-0.10265490091230937,68.84161848367734,33.74740789104061,34.55477895683315,396.03700103759763,486.4264902882808,305.6475117869145,0.4564699208097581
2024-12-24,462.2799987792969,462.7799987792969,435.1400146484375,435.8999938964844,59551800,TSLA,402.221501159668,329.69200012207034,233.66755027770995,0.07357174228224572,0.03808135052550679,-0.03663565854399362,72.17476930228491,34.480357966573024,34.539894758781124,402.221501159668,492.98637897028584,311.4566233490501,0.45131788106269016
2024-12-26,454.1300048828125,465.3299865722656,451.0199890136719,465.1600036621094,76366400,TSLA,408.01650085449216,334.38320007324216,235.05050033569336,-0.017629994630971146,0.038656633881491105,-0.05361976671153212,68.25082696760646,34.011526085671505,34.4342210241592,408.01650085449216,496.3456591489662,319.6873425600181,0.4329685594062491
2024-12-27,431.6600036621094,450.0,426.5,449.5199890136719,82666800,TSLA,412.95500030517576,338.5898001098633,236.3614003753662,-0.04947922616674816,0.040770619565120333,-0.1004459283141521,59.04441530244565,31.46413319173905,33.84020345767517,412.95500030517576,494.3726263971583,331.53737421319323,0.39431718241365044
2024-12-30,417.4100036621094,427.0,415.75,419.3999938964844,64941000,TSLA,416.56750030517577,342.5202001953125,237.63595039367675,-0.03301209257078741,0.0416804331103436,-0.13014209060107407,55.56182103592152,27.97299479117379,32.666761724374894,416.56750030517577,491.4704186556475,341.66458195470403,0.35961959728302445
2024-12-31,403.8399963378906,427.9299926757813,402.5400085449219,423.7900085449219,76825100,TSLA,418.9050003051758,346.1830001831055,238.8373003387451,-0.03251001941775111,0.04232527262124807,-0.15842118812631756,50.56847780843158,23.836484123372486,30.900706204174412,418.9050003051758,488.7390318925445,349.0709687178071,0.33341226071063385
2025-01-02,379.2799987792969,392.7300109863281,373.0400085449219,390.1000061035156,109710700,TSLA,420.2979995727539,349.39160003662107,239.8647003173828,-0.06081615932376483,0.04472948034853819,-0.20960277923273213,40.95446429351641,18.364785257903918,28.393522014920315,420.2979995727539,485.41630518836666,355.1796939571411,0.30986731167794074
2025-01-03,410.4400024414063,411.8800048828125,379.4500122070313,381.4800109863281,95423300,TSLA,422.92350006103516,353.24100006103515,241.06030029296875,0.08215567328200035,0.047908908180635965,-0.1446671634003753,48.612016300374236,16.35425469808513,25.98566855155328,422.92350006103516,481.3437866718768,364.5032134501935,0.2762688126926528
2025-01-06,411.0499877929688,426.4299926757813,401.7000122070313,423.2000122070313,85516500,TSLA,425.00149993896486,357.18899993896486,242.23725021362304,0.0014861742226248698,0.04757929066991599,-0.14339598978685636,45.128080676389274,14.641339219740985,23.716802685190824,425.00149993896486,478.13667139693376,371.86632848099595,0.2500469832017051
2025-01-07,394.3599853515625,414.3299865722656,390.0,405.8299865722656,75699500,TSLA,425.2584991455078,359.86659942626954,243.34495010375977,-0.040603340073111616,0.047336303335550334,-0.17817697372153182,36.175094620846224,11.801062348564471,21.333654617865555,425.2584991455078,477.7103044161582,372.80669387485744,0.2466819846095694
2025-01-08,394.9400024414063,402.5,387.3999938964844,392.9500122070313,73038800,TSLA,425.51599884033203,362.38159942626953,244.46550010681153,0.0014707807875760093,0.04733630159308959,-0.17696825220369394,31.703011332508012,9.487558330182196,18.964435360328885,425.51599884033203,477.28071494120655,373.7512827394575,0.243303265879309
2025-01-10,394.739990234375,399.2799987792969,377.2900085449219,391.3999938964844,62287300,TSLA,425.20349884033203,365.02619903564454,245.57605003356935,-0.0005064369418009695,0.04690756890229767,-0.17738506588505304,38.21222465549842,7.550908244219954,16.6817299371071,425.20349884033203,477.66243955509054,372.7445581255735,0.2467474555493126
2025-01-13,403.30999755859375,403.7900085449219,380.0700073242188,383.2099914550781,67580500,TSLA,424.1304992675781,367.901999206543,246.70425003051758,0.021710512074366584,0.045136663109868025,-0.1595256744253962,41.665819128359104,6.6311868723158796,14.671621324148857,424.1304992675781,477.49681644923976,370.76418208591645,0.2516504579313151
2025-01-14,396.3599853515625,422.6400146484375,394.5400085449219,414.3399963378906,84565000,TSLA,423.04349822998046,370.67819915771486,247.78689994812012,-0.017232432245921525,0.04516306476794982,-0.17400909129529718,43.464915127949986,5.2806214405216565,12.793421347423418,423.04349822998046,477.79466984066636,368.29232661929456,0.2588441701137851
2025-01-15,428.2200012207031,429.7999877929688,405.6600036621094,409.8999938964844,81375500,TSLA,422.6429977416992,374.24559906005857,249.04904998779296,0.08038151439752794,0.04778936388862553,-0.10761469117502283,49.436818662368495,6.703847836049988,11.575506645148733,422.6429977416992,477.10444778182165,368.1815477015768,0.2577184542563124
2025-01-16,413.8200073242188,424.0,409.1300048828125,423.489990234375,68335200,TSLA,420.18299865722656,377.5423992919922,250.24205001831055,-0.03362756026209668,0.04607131772089717,-0.13762343192454451,37.511602166146666,6.593796663185344,10.579164648756056,420.18299865722656,471.3077112788632,369.0582860355899,0.2433449843759279
2025-01-17,426.5,439.739990234375,419.75,421.5,94991400,TSLA,417.51499938964844,381.21559936523437,251.54139999389648,0.030641323404759113,0.0458203060687261,-0.11119907260545818,43.04205537951531,7.443940639627954,9.952119846930437,417.51499938964844,460.4382957418899,374.591703037407,0.2056131943282977
2025-01-21,424.0700073242188,433.2000122070313,406.30999755859375,432.6400146484375,87320900,TSLA,416.7119995117188,384.66819946289064,252.8198500061035,-0.0056975209279747085,0.04200539047157401,-0.11626303449009187,47.8740701851142,7.831331055700161,9.527962088684383,416.7119995117188,458.43811902497345,374.9858799984641,0.20026358522023435
2025-01-22,415.1099853515625,428.0,414.5899963378906,416.80999755859375,60963300,TSLA,415.6589981079102,387.1997991943359,254.03984992980958,-0.02112863871036752,0.04221350844455619,-0.13493519354934722,49.33609932920196,7.330836539924235,9.088536978932353,415.6589981079102,456.36811745467514,374.9498787611452,0.1958774838609238
2025-01-23,412.3800048828125,420.7300109863281,408.9500122070313,416.05999755859375,50690600,TSLA,415.2249984741211,389.50919921875,255.27724998474122,-0.006576523247056931,0.04151947962503784,-0.1406243123591807,52.629636249266795,6.6373926905708345,8.59830812126005,415.2249984741211,455.87670984693926,374.5732871013029,0.1958057030391044
2025-01-24,406.5799865722656,418.8800048828125,405.7799987792969,414.4500122070313,56427100,TSLA,414.0239974975586,391.2163989257813,256.4452499389648,-0.014064741844588391,0.04126493261620394,-0.15271120955336448,59.504239353593654,5.555776901312129,7.989801877270467,414.0239974975586,454.17939323534085,373.8686017597763,0.19397617519993662
2025-01-27,397.1499938964844,406.6900024414063,389.0,394.7999877929688,58125500,TSLA,410.76749725341796,392.1593988037109,257.5465998840332,-0.023193450212053546,0.037422764297097844,-0.17236275992981961,44.548361793278204,3.8927932985393454,7.170400161524243,410.76749725341796,444.4944489736176,377.04054553321834,0.16421431561997318
2025-01-28,398.0899963378906,400.5899963378906,386.5,396.9100036621094,48910700,TSLA,407.96549682617194,393.55139892578126,258.6782498931885,0.0023668700890153715,0.037388441132215226,-0.17040385010174222,44.69809161610992,2.6205095503988787,6.26042203929917,407.96549682617194,435.213084366964,380.7179092853799,0.1335779018214466
2025-01-29,389.1000061035156,398.5899963378906,384.4800109863281,395.2099914550781,68033600,TSLA,405.83749694824223,394.72859924316407,259.75074989318847,-0.02258280870425211,0.036203841189575814,-0.18913846125667863,47.70346797534398,0.8766924691944951,5.183676125278235,405.83749694824223,431.9161504235972,379.7588434728873,0.128517712983435
2025-01-30,400.2799987792969,412.5,384.4100036621094,410.7799987792969,98092900,TSLA,404.9809967041016,396.5105993652344,260.8968998718262,0.028732954254456988,0.03628308174949767,-0.16584001375726817,52.1339495060041,0.3923144854734346,4.2254037973172744,404.9809967041016,430.5801242161966,379.38186919200655,0.12642137641238005
2025-01-31,404.6000061035156,419.989990234375,401.3399963378906,401.5299987792969,83283600,TSLA,405.01899719238287,398.1881994628906,262.1124999237061,0.010792463618949588,0.035619884814444856,-0.15683737245336,53.81461400724498,0.35296121371544587,3.450915280596909,405.01899719238287,430.6132490380702,379.42474534669554,0.12638543882192335
2025-02-03,383.6799926757813,389.1700134277344,374.3599853515625,386.6799926757813,93732100,TSLA,405.23899688720707,399.0869995117188,263.2453498840332,-0.05170542044525328,0.03484171205814109,-0.2004334506143835,43.06801286828971,-1.35072645171158,2.4905869341352114,405.23899688720707,429.96252619987627,380.51546757453787,0.12201949714899067
2025-02-04,392.2099914550781,394.0,381.3999938964844,382.6300048828125,57072200,TSLA,404.32749633789064,400.0111993408203,264.4291498565674,0.02223206563315605,0.029706337502394816,-0.18265743461036635,48.55067629138028,-1.9896758430656973,1.59453437869503,404.32749633789064,429.5821536121899,379.07283906359135,0.12492178990070138
2025-02-05,378.1700134277344,388.3900146484375,375.5299987792969,387.510009765625,57223300,TSLA,402.6834976196289,400.73399963378904,265.5703499603271,-0.035797094243459227,0.030640743226520648,-0.21191592345280974,30.035900462279898,-3.587601096671733,0.5581072836216774,402.6834976196289,430.26879701057874,375.09819822867905,0.13700734971268508
2025-02-06,374.3200073242188,375.3999938964844,363.1799926757813,373.0299987792969,77918200,TSLA,401.6814987182617,401.4275994873047,266.70669998168944,-0.010180622383618165,0.029445124218625975,-0.21993910984267911,32.79616541805096,-5.105775487707092,-0.5746692706440766,401.6814987182617,431.8725856431838,371.4904117933396,0.15032351264003846
2025-02-07,361.6199951171875,380.5499877929688,360.3399963378906,370.1900024414063,70298300,TSLA,400.01549835205077,401.6087994384766,267.8045499420166,-0.03392822173149601,0.030265463332259147,-0.24640518868800484,21.747082065754427,-7.250149269418728,-1.909765270399007,400.01549835205077,435.06012665260096,364.9708700515006,0.17521635259095716
2025-02-10,350.7300109863281,362.7000122070313,350.510009765625,356.2099914550781,77514900,TSLA,397.81499938964845,401.85159973144533,268.8348000335693,-0.030114441341470455,0.030806508425329667,-0.26909927542849643,20.254705927930658,-9.716308097216597,-3.471073835762525,397.81499938964845,439.20653866175763,356.42346011753926,0.2080944124058397
2025-02-11,328.5,349.3699951171875,325.1000061035156,345.79998779296875,118543400,TSLA,394.0744995117187,401.65699951171877,269.66665000915526,-0.06338211812502892,0.03267738439483825,-0.31542531149095665,18.28634452795525,-13.311090868933775,-5.439077242396776,394.0744995117187,445.64464608697466,342.5043529364628,0.2617279049476906
2025-02-12,336.510009765625,346.3999938964844,329.1199951171875,329.94000244140625,105382700,TSLA,391.0820007324219,401.7293994140625,270.4983000946045,0.0243835913717656,0.03348766039888611,-0.2987329220228984,23.253195383482577,-15.336847636195955,-7.418631321156612,391.0820007324219,448.6865987576722,333.47740270717156,0.2945908935587314
2025-02-13,355.94000244140625,358.69000244140625,342.8500061035156,345.0,89441500,TSLA,387.468000793457,401.94499938964844,271.43655014038086,0.05773971683431944,0.030615552067632258,-0.25824195951526996,33.71285638932625,-15.19922919041369,-8.974750895008029,387.468000793457,444.3268013293035,330.6092002576105,0.2934890128702812
2025-02-14,355.8399963378906,362.0,347.5,360.6199951171875,68277300,TSLA,384.5690002441406,401.9199993896484,272.2455001068115,-0.0002809633725618932,0.030093241984681624,-0.2584503663559495,35.865326702848634,-14.926175576586502,-10.165035831323724,384.5690002441406,441.682375074113,327.45562541416825,0.2970253701869594
2025-02-18,354.1099853515625,359.1000061035156,350.0199890136719,355.010009765625,51631700,TSLA,380.9494995117187,401.973798828125,273.09965003967284,-0.004861766535893763,0.028768541066398836,-0.2620556075495044,35.03266847033041,-14.680152390000671,-11.068059143059115,380.9494995117187,436.0125842187168,325.88641480472063,0.28908338127534017
2025-02-19,360.55999755859375,367.3399963378906,353.6700134277344,354.0,67094400,TSLA,377.7739990234375,402.0263989257812,274.0025,0.018214714280444966,0.029397019966230144,-0.24861416128616212,40.116359070776106,-13.805573108895317,-11.615561936226355,377.7739990234375,429.5963843343898,325.9516137124852,0.2743565488620999
2025-02-20,354.3999938964844,362.2999877929688,348.0,361.510009765625,45965400,TSLA,374.7384994506836,401.72459899902344,274.8744499969482,-0.01708454543992588,0.029313339280065707,-0.2614512467905855,33.539039318522725,-13.454429256472224,-11.983335400275529,374.7384994506836,424.4206285668789,325.0563703344883,0.2651562579720133
2025-02-21,337.79998779296875,354.9800109863281,334.4200134277344,353.44000244140625,74058600,TSLA,371.0094985961914,400.6961987304687,275.65749992370604,-0.046839747148427646,0.03060334448990446,-0.296044683647701,27.974149823875933,-14.35020673355541,-12.456709666931506,371.0094985961914,419.98629878404836,322.03269840833445,0.26401911742515005
2025-02-24,330.5299987792969,342.3999938964844,324.70001220703125,338.1400146484375,76052300,TSLA,367.20699920654295,399.51099853515626,276.38634994506833,-0.021521578674915554,0.030707416684524973,-0.311194913372202,30.741363177259984,-15.468433718303231,-13.059054477205851,367.20699920654295,416.3643262343205,318.0496721787654,0.2677363292856411
2025-02-25,302.79998779296875,328.8900146484375,297.25,327.0199890136719,134228800,TSLA,362.4894989013672,397.5471984863281,277.01129989624025,-0.0838955952220366,0.03482011305722386,-0.3689826261068076,21.559900466005004,-18.380339682832073,-14.123311518331096,362.4894989013672,417.3283773652533,307.6506204374811,0.3025680944142752
2025-02-26,290.79998779296875,309.0,288.0400085449219,303.7099914550781,100118300,TSLA,357.12499847412107,394.86779846191405,277.5916998291016,-0.039630120487999076,0.03511695277066267,-0.39398992066421556,21.84337908444151,-21.409549886575974,-15.580559191980072,357.12499847412107,417.9632146434179,296.2867823048242,0.34071104755611487
2025-02-27,281.95001220703125,297.2300109863281,280.8800048828125,291.1600036621094,101748200,TSLA,351.7674987792969,392.14479858398437,278.1415998840332,-0.030433204805490277,0.035249963402071566,-0.41243274952283293,21.16141709776828,-24.244860208198475,-17.313419395223754,351.7674987792969,419.2577584810555,284.2772390775383,0.38372083797373663
2025-02-28,292.9800109863281,293.8800048828125,273.6000061035156,279.5,115697000,TSLA,346.4024993896484,389.27979858398436,278.7641499328613,0.03912040539724382,0.03600259008010658,-0.38944688048602233,28.344277078331075,-25.310076538093313,-18.912750823797666,346.4024993896484,414.7095209600493,278.09547781924755,0.3943794960530363
2025-03-03,284.6499938964844,303.94000244140625,277.29998779296875,300.3399963378906,115551400,TSLA,340.4049987792969,385.71239868164065,279.3279499053955,-0.02843203214376444,0.0355978077423684,-0.4068061464055194,28.809646464369692,-26.52071660386065,-20.434343979810265,340.4049987792969,408.25903027832936,272.5509672802644,0.3986664810584991
2025-03-04,272.0400085449219,284.3500061035156,261.8399963378906,270.92999267578125,126706600,TSLA,334.82299957275393,381.5559991455078,279.80039993286135,-0.04429996705409467,0.03525268646750666,-0.4330846145764463,30.704038144673333,-28.172918146636505,-21.982058813175517,334.82299957275393,405.9754349652695,263.67056418023833,0.4250152198821983
2025-03-05,279.1000061035156,279.54998779296875,267.7099914550781,272.9200134277344,94042900,TSLA,329.1675003051758,378.33539916992186,280.32594993591306,0.025952056083059283,0.03547662184246048,-0.4183719946995851,30.25111756059266,-28.583128460129956,-23.302272742566405,329.1675003051758,399.08439799983864,259.25060261051294,0.42481045443333204
2025-03-06,263.45001220703125,272.6499938964844,260.0199890136719,272.0599975585937,98451600,TSLA,323.43150024414064,374.8809991455078,280.76900001525877,-0.056073068986891905,0.03634332260331824,-0.45098566196550355,17.334186109577004,-29.82721721076166,-24.607261636205457,323.43150024414064,395.2196062609272,251.64339422735407,0.4439153636092816
2025-03-07,262.6700134277344,266.25,250.72999572753903,259.32000732421875,102369600,TSLA,317.84900054931643,371.7131994628906,281.19505004882814,-0.0029607088371812473,0.03645321553986146,-0.45261113356786153,17.25132410890818,-30.524241436975274,-25.79065759635942,317.84900054931643,390.3361099027289,245.36189119590398,0.4561103494309436
2025-03-10,222.1499938964844,253.3699951171875,220.0,252.5399932861328,189076900,TSLA,310.87550048828126,367.54419921875,281.43105003356936,-0.1542620682219511,0.04762701863276671,-0.5370524722253526,13.555019546319073,-33.95485466585234,-27.423497010258004,310.87550048828126,391.9578052659998,229.7931957105627,0.5216384350028574
2025-03-11,230.5800018310547,237.0599975585937,217.0200042724609,225.3099975585937,174896400,TSLA,304.8680000305176,362.91019927978516,281.65095001220703,0.037947369642955975,0.04948235240595509,-0.5194848312635955,14.490221644285782,-35.58322787699143,-29.05544318360469,304.8680000305176,391.15430383591894,218.58169622511622,0.5660568101392341
2025-03-12,248.08999633789065,251.83999633789065,241.1000061035156,247.22000122070312,142215700,TSLA,300.8474998474121,358.7893991088867,281.9908499908447,0.07593891216839133,0.05268693192146861,-0.48299503206934186,22.65267267859464,-35.056703305378505,-30.255695207959455,300.8474998474121,389.945058928167,211.74994076665723,0.5923104504836808
2025-03-13,240.67999267578125,248.2899932861328,232.6000061035156,248.1300048828125,114813500,TSLA,296.0559989929199,354.96979888916013,282.3255499267578,-0.02986820819658209,0.052077623705269006,-0.498437044090162,23.77686603346288,-34.835788866985354,-31.171713939764636,296.0559989929199,387.3581879434656,204.75381004237417,0.6167899941978827
2025-03-14,249.97999572753903,251.5800018310547,240.72999572753903,247.3099975585937,100242300,TSLA,290.75799865722655,351.62119873046873,282.6792498779297,0.038640532386444715,0.050828368414465065,-0.479056384448487,28.486726092886983,-33.52383812204158,-31.642138776220026,290.75799865722655,379.6955334079165,201.8204639065366,0.6117632887928773
2025-03-17,238.009994506836,245.3999938964844,232.8000030517578,245.0599975585937,111900600,TSLA,284.86649856567385,348.30459869384765,282.9855498504639,-0.04788383640805205,0.051155639066579384,-0.5040011633133749,31.105280128499572,-33.06879033523802,-31.927469088023628,284.86649856567385,371.22492450259364,198.50807262875406,0.6063080521699922
2025-03-18,225.3099975585937,230.1000061035156,222.27999877929688,228.1600036621093,111477600,TSLA,278.4264991760254,345.2251986694336,283.23114982604983,-0.053359090968247314,0.051616917473657806,-0.5304672103602813,30.978799722248354,-33.34852427210089,-32.21168012483908,278.4264991760254,362.21481481176374,194.6381835402871,0.6018702665421664
2025-03-19,235.8600006103516,241.4100036621093,229.1999969482422,231.6100006103516,111993800,TSLA,272.1914993286133,341.7335986328125,283.5164998626709,0.04682438935722,0.0531360386202299,-0.5084816242022094,36.74431810950781,-32.34605318976378,-32.23855473782402,272.1914993286133,348.4677003596993,195.91529829752733,0.5604598322815268
2025-03-20,236.259994506836,238.0,230.0500030517578,233.3500061035156,99028300,TSLA,266.28449935913085,338.2377987670898,283.8073998260498,0.0016958954271573123,0.05334846289626865,-0.5076480604363302,32.62467505429437,-31.16011703733264,-32.022867197725745,266.28449935913085,333.51663922125636,199.0523594970053,0.5049647277549665
2025-03-21,248.7100067138672,249.5200042724609,234.5500030517578,234.9900054931641,132728700,TSLA,261.83000030517576,335.3247991943359,284.16949989318846,0.052696235065183394,0.05519284140567703,-0.481702966894284,39.261388582534835,-28.88270036535323,-31.394833831251244,261.83000030517576,320.3527074842856,203.3072931260659,0.4470282787373391
2025-03-24,278.3900146484375,278.6400146484375,256.3299865722656,258.0799865722656,169079900,TSLA,259.22300109863284,332.9937994384766,284.68759994506837,0.11933580126800525,0.06262725449626541,-0.4198515751537835,51.72170840154182,-24.401616010869702,-29.99619026717494,259.22300109863284,308.8254731325583,209.62052906470737,0.38270116327410314
2025-03-25,288.1400146484375,288.20001220703125,271.2799987792969,283.6000061035156,150361500,TSLA,258.49000244140626,330.86179992675784,285.25330001831054,0.03502280788451673,0.06051677026250292,-0.39953314832588954,52.41582222755767,-19.83493606350089,-27.96393942644013,258.49000244140626,305.7594852285158,211.22051965429668,0.3657354817645179
2025-03-26,272.0599975585937,284.8999938964844,266.510009765625,282.6600036621094,153629800,TSLA,257.5530029296875,328.23679992675784,285.7238999938965,-0.05580626179068948,0.0611690184193293,-0.43304295864704606,52.29562806093097,-17.313750162461588,-25.833901573644425,257.5530029296875,302.8266022225649,212.27940363681017,0.35156724074568163
2025-03-27,273.1300048828125,291.8500061035156,271.82000732421875,272.4800109863281,162572100,TSLA,257.11200256347655,325.77220031738284,286.20215003967286,0.003932982922226103,0.06079532699777288,-0.43081312628576907,52.78457769354657,-15.05579765957333,-23.678280790830208,257.11200256347655,301.5490865744358,212.67491855251725,0.3456632406726211
2025-03-28,263.54998779296875,276.1000061035156,260.57000732421875,275.5799865722656,123809400,TSLA,255.6405014038086,322.47880004882813,286.65095001220703,-0.03507493471452938,0.060559167496265776,-0.4507773187216628,63.194791082677135,-13.879388399126185,-21.718502312489406,255.6405014038086,296.9129871552051,214.3680156524121,0.32289473322697526
2025-03-31,259.1600036621094,260.5599975585937,243.3600006103516,249.3099975585937,134008900,TSLA,254.36600189208986,319.38559997558593,287.09345001220703,-0.016657121359109794,0.0603609549928681,-0.45992578757689173,59.34964471211321,-13.149728728028208,-20.004747595597166,254.36600189208986,293.3790500246731,215.35295375950662,0.30674734706986373
2025-04-01,268.4599914550781,277.45001220703125,259.25,263.79998779296875,146486900,TSLA,254.18700103759767,316.2247998046875,287.54930000305177,0.035885119854736525,0.06012984623754682,-0.4405451597336361,57.04210403488999,-11.68632421900486,-18.341062920278706,254.18700103759767,292.8902290992045,215.48377297599083,0.3045256280110256
2025-04-02,282.760009765625,284.989990234375,251.2700042724609,254.6000061035156,212787800,TSLA,254.37000122070313,313.39859985351563,288.05075004577634,0.05326685079977622,0.0610276125726442,-0.410744762227955,63.88595670219327,-9.265862539367447,-16.526022844096453,254.37000122070313,293.60023545632595,215.1397669850803,0.30845016352053917
2025-04-03,267.2799987792969,276.29998779296875,261.510009765625,265.2900085449219,136174300,TSLA,254.5615005493164,310.44200012207034,288.49710006713866,-0.05474611137253549,0.06096131037182565,-0.4430041951018732,55.48509723870204,-8.498768224721914,-14.920571920221546,254.5615005493164,294.0151150697619,215.10788602887087,0.3099731454702212
2025-04-04,239.42999267578125,261.0,236.0,255.3800048828125,181229400,TSLA,253.39949951171874,306.9829998779297,288.75705001831057,-0.10419786826814681,0.06547690207466692,-0.5010419706065586,50.409032623187755,-10.022569254556743,-13.940971387088585,253.39949951171874,293.21486599821725,213.58413302522024,0.3142497642120023
2025-04-07,233.2899932861328,252.0,214.25,223.77999877929688,183453800,TSLA,253.95649948120118,303.517200012207,288.99919998168946,-0.025644236634809525,0.05531853779668715,-0.5138373683831623,52.38893324369188,-11.592013667937124,-13.471179843258293,253.95649948120118,292.21230564603854,215.7006933163638,0.30127841770530633
2025-04-08,221.8600006103516,250.44000244140625,217.8000030517578,245.0,171603500,TSLA,253.520499420166,300.0114001464844,289.20064994812014,-0.048994783337158454,0.05591484044175378,-0.5376568011858521,45.83085306145373,-13.601326926996194,-13.497209260005874,253.520499420166,293.0748045996274,213.96619424070462,0.3120402907845887
2025-04-09,272.20001220703125,274.69000244140625,223.8800048828125,224.69000244140625,219433400,TSLA,254.72600021362305,297.4936004638672,289.64660003662107,0.22689989839624514,0.07402562176998004,-0.4327511763507269,58.24917501770582,-11.00484690940712,-12.998736789886125,254.72600021362305,295.0456407653831,214.406359661863,0.3165726350505754
2025-04-10,252.3999938964844,262.489990234375,239.3300018310547,260.0,181722600,TSLA,255.3120002746582,294.75960021972656,289.99569999694825,-0.07274069589492616,0.07575303007678415,-0.47401325052855325,50.81930500742747,-10.42464497271385,-12.483918426451671,255.3120002746582,295.1093838801786,215.5146166691378,0.31175490037841835
2025-04-11,252.3099975585937,257.739990234375,241.3600006103516,251.83999633789065,128948100,TSLA,255.42850036621093,291.8002001953125,290.32049995422364,-0.0003565623615966462,0.07534110201978969,-0.47420079760611333,43.333331253062866,-9.858450627925947,-11.958824866746527,255.42850036621093,295.17377105780554,215.6832296746163,0.31120466693897775
2025-04-14,252.3500061035156,261.79998779296875,245.92999267578125,258.3599853515625,100135200,TSLA,256.14550094604493,288.7552001953125,290.6004000091553,0.00015856900364252802,0.07439311781724403,-0.47411742215047376,40.37334069252826,-9.299312489503734,-11.426922391297968,256.14550094604493,295.07675495825777,217.21424693383207,0.3039776522985927
2025-04-15,254.1100006103516,258.75,247.5399932861328,249.9100036621093,79594300,TSLA,257.5855010986328,286.1638003540039,290.8838500213623,0.006974418324816822,0.07309668255092114,-0.4704496970628181,44.7689015000425,-8.614867805129023,-10.86451147406418,257.5855010986328,293.7463844243201,221.42461777294545,0.2807680026356831
2025-04-16,241.5500030517578,251.97000122070312,233.88999938964844,247.6100006103516,112378700,TSLA,257.8700012207031,283.1506005859375,291.10220001220705,-0.049427403598542696,0.07360216517113767,-0.49662399361182474,41.374414302614916,-8.982383965291604,-10.488085972309666,257.8700012207031,293.39513261718514,222.3448698242211,0.27552744583172467
2025-04-17,241.3699951171875,244.33999633789065,237.67999267578125,243.47000122070312,83404800,TSLA,258.1255012512207,280.41460021972654,291.25974998474123,-0.0007452201709629014,0.0736075322771457,-0.49699911956536397,43.613961675018615,-9.182320234099336,-10.2269328246676,258.1255012512207,293.06490223253786,223.18610026990356,0.2707163826274752
2025-04-21,227.5,232.2100067138672,222.7899932861328,230.259994506836,97768000,TSLA,257.0650009155273,277.4782000732422,291.240950012207,-0.05746362595919796,0.07385278193032235,-0.5259033740158071,41.35634054436055,-10.340761989845703,-10.24969865770322,257.0650009155273,294.41228952196184,219.7177123090928,0.29056688754535664
2025-04-22,237.97000122070312,242.7899932861328,229.8500061035156,230.9600067138672,120858500,TSLA,255.04400024414062,275.0052001953125,291.1988500213623,0.04602198338770602,0.06918421213890187,-0.5040845069705951,41.7286146868468,-10.29531583796873,-10.258822093756322,255.04400024414062,291.90381652737386,218.1841839609074,0.2890467232944057
2025-04-23,250.7400054931641,259.45001220703125,244.42999267578125,254.8600006103516,150381900,TSLA,253.17399978637695,273.0054000854492,291.19495002746584,0.05366224400956132,0.06988344911646518,-0.4774725687755293,41.240836944125626,-9.123694542393366,-10.031796583483732,253.17399978637695,286.59888473342573,219.74911483932817,0.26404674236100084
2025-04-24,259.510009765625,259.5400085449219,249.1999969482422,250.5,94464200,TSLA,252.5465003967285,271.6256002807617,291.2278000640869,0.0349764859229853,0.0693390177082052,-0.45919639543293295,47.793494819188545,-7.402182422502477,-9.505873751287481,252.5465003967285,284.9336256363443,220.15937515711272,0.2564844508931103
2025-04-25,284.95001220703125,286.8500061035156,259.6300048828125,261.69000244140625,167560700,TSLA,253.13750076293945,270.59440032958986,291.34090019226073,0.09803091011549903,0.07274401334211132,-0.4061809258834809,63.10607237476126,-3.939662106207976,-8.392631422271581,253.13750076293945,287.4785740017417,218.7964275241372,0.2713234754653149
2025-04-28,285.8800048828125,294.8599853515625,272.4200134277344,288.9800109863281,151731800,TSLA,254.25400161743164,269.19320037841794,291.4540001678467,0.0032637046356942534,0.0721492087772667,-0.40424287581852314,65.60997418280343,-1.1077774044196644,-6.935660618701198,254.25400161743164,291.3610712655769,217.14693196928636,0.291889759154935
2025-04-29,292.0299987792969,293.32000732421875,279.4700012207031,285.5,108906600,TSLA,255.89750137329102,267.9170004272461,291.7090001678467,0.021512501019458785,0.07201167058871162,-0.3914266500772193,71.50211001793515,1.6141577286602455,-5.22569694922891,255.89750137329102,296.6518998093504,215.14310293723162,0.31852126900300476
2025-04-30,282.1600036621094,284.45001220703125,270.7799987792969,279.8999938964844,128961100,TSLA,256.5825019836426,266.47800079345706,291.8786502075195,-0.03379788089732105,0.07229281926043334,-0.41199513967519313,54.05867582077851,2.9409829919111417,-3.5923609610008995,256.5825019836426,298.66485999278484,214.50014397450036,0.3280220411275359
2025-05-01,280.5199890136719,290.8699951171875,279.8099975585937,280.010009765625,99659000,TSLA,256.4705009460449,264.8772006225586,292.0180501556396,-0.005812356915055328,0.07141122954156436,-0.41541283379118815,63.449393925151625,3.8161755995182602,-2.1106536488970677,256.4705009460449,298.2704847061382,214.67051718595164,0.32596328705176864
2025-05-02,287.2099914550781,294.7799987792969,279.8099975585937,284.8999938964844,114454700,TSLA,257.467000579834,263.5334005737305,292.17130012512206,0.023848576584252656,0.07028481927653943,-0.4014712619876861,65.70091294610741,4.992054041265476,-0.690112110864559,257.467000579834,301.25499305573237,213.67900810393564,0.34014450300259597
2025-05-05,280.260009765625,284.8500061035156,274.3999938964844,284.57000732421875,94618900,TSLA,259.50850143432615,262.3826010131836,292.3301001739502,-0.024198258752220814,0.06582999595055937,-0.4159546152607483,61.82126495051266,5.302022326196322,0.5083147765476174,259.50850143432615,303.56212295440736,215.45487991424494,0.33951582531279706
2025-05-06,275.3500061035156,277.7300109863281,271.3500061035156,273.1099853515625,76715800,TSLA,261.6115020751953,261.279001159668,292.46070022583007,-0.017519458684867262,0.06562445010032607,-0.42618677424877505,58.762378724413026,5.092771860418964,1.4252061933218867,261.6115020751953,304.3925070083277,218.83049714206288,0.32705752303532754
2025-05-07,276.2200012207031,277.9200134277344,271.0,276.8800048828125,71592600,TSLA,264.3295021057129,260.74740142822264,292.64580024719237,0.003159597232260225,0.06416787732907084,-0.4243737555688572,65.8296045603313,4.940193221532354,2.1282035989639803,264.3295021057129,303.20580855505034,225.45319565637544,0.2941503399328442
2025-05-08,284.82000732421875,289.79998779296875,279.4100036621094,279.6300048828125,97539400,TSLA,264.96050186157225,260.6278018188477,292.8123503112793,0.031134624811778533,0.04027717260605095,-0.40645184841668036,68.42195154140563,5.450393427567917,2.792641564684768,264.96050186157225,304.7730808733291,225.14792284981544,0.30051708637355146
2025-05-09,298.260009765625,307.0400085449219,290.0,290.2099914550781,132387800,TSLA,267.2535026550293,260.95400177001954,293.07175033569337,0.04718770485146129,0.03721300018466111,-0.37844367342463636,80.11064245345744,6.860147135000659,3.606142678747946,267.2535026550293,309.24317729931147,225.26382801074715,0.3142310519947229
2025-05-12,318.3800048828125,322.2099914550781,311.5,321.989990234375,112826700,TSLA,270.55700302124023,261.4620016479492,293.5837003326416,0.06745790403815088,0.0393413141856183,-0.33651478639220983,81.62013665827344,9.491490566012715,4.783212256200899,270.55700302124023,317.6788591225831,223.43514691989736,0.34833218564032914
2025-05-13,334.07000732421875,337.5899963378906,316.79998779296875,320.0,136992600,TSLA,274.6430030822754,262.4504019165039,294.1528003692627,0.049280740626853614,0.0400622149444504,-0.30381774367065184,82.0327542532396,12.696543413943346,6.365878487749389,274.6430030822754,328.76903209725987,220.516974067291,0.3941555285045422
2025-05-14,347.67999267578125,350.0,337.0,342.5,136997300,TSLA,279.3215026855469,263.9632015991211,294.7922003173828,0.04073991993646375,0.04042149659658205,-0.27545533428660757,82.67734062021431,16.148631588783473,8.322429107956207,279.3215026855469,341.54479975773523,217.09820561335852,0.44553173653972344
2025-05-15,342.82000732421875,346.1400146484375,334.7200012207031,340.3399963378906,97882600,TSLA,284.38500289916993,265.23760162353517,295.34580032348634,-0.013978329078298546,0.03808513395334792,-0.28558325805587514,75.30832561918703,18.281537947422123,10.31425087584939,284.38500289916993,350.05299083293846,218.71701496540138,0.4618245495670631
2025-05-16,349.9800109863281,351.6199951171875,342.3299865722656,346.239990234375,95895700,TSLA,289.815503692627,266.9682015991211,295.982600402832,0.0208856061756566,0.037820903220453124,-0.2706622313383344,76.58428318983707,20.31545019635371,12.314490739950255,289.815503692627,358.40422372679507,221.2267836584589,0.47332678314485216
2025-05-19,342.0899963378906,343.0,333.3699951171875,336.29998779296875,88869900,TSLA,295.5450035095215,268.55660125732425,296.5327003479004,-0.022544186527114873,0.03476761363543834,-0.2871045580363128,70.46606809288325,21.048053209215595,14.061203233803326,295.5450035095215,361.3018389252194,229.78816809382363,0.44498695383005793
2025-05-20,343.82000732421875,354.989990234375,341.6300048828125,347.8699951171875,131715500,TSLA,300.83750381469724,270.9900015258789,297.1675003814697,0.005057180873010214,0.03443123425388068,-0.2834993168427578,77.00595728982744,21.52017264886615,15.552997116815892,300.83750381469724,364.0734039840922,237.6016036453023,0.42039904844008735
2025-05-21,334.6199951171875,347.3500061035156,332.20001220703125,344.42999267578125,102354800,TSLA,305.03150329589846,273.07080139160155,297.80225036621096,-0.026758222357769146,0.0348776324557476,-0.3026716014421728,72.22313734840559,20.910918556306513,16.624581404714014,305.03150329589846,365.3358285857769,244.72717800602,0.3953973582287971
2025-05-22,341.0400085449219,347.2699890136719,331.3900146484375,331.8999938964844,97113400,TSLA,309.1080032348633,274.9298016357422,298.5130503845215,0.019185982671137136,0.03458138652573007,-0.28929267087135047,72.16138809359762,20.707419485928824,17.441149020956978,309.1080032348633,367.44631667811586,250.76968979161074,0.37746232923595013
2025-05-23,339.3399963378906,343.17999267578125,333.2099914550781,337.9200134277344,84654800,TSLA,311.82750244140624,276.9030017089844,299.2065503692627,-0.004984788190348977,0.028611189681022407,-0.2928353963723854,75.4216716220507,20.176387394491655,17.988196695663916,311.82750244140624,370.49409964603467,253.16090523677784,0.3762759650467465
2025-05-27,362.8900146484375,363.7900085449219,347.32000732421875,347.3500061035156,120146400,TSLA,315.6780029296875,279.16120208740233,300.0622004699707,0.06939947711644767,0.03156385339148308,-0.24375854264536903,82.4606835128877,21.409040209227044,18.67236539837654,315.6780029296875,377.2127362521957,254.14326960717935,0.3898575938229951
2025-05-28,356.8999938964844,365.0,355.9100036621094,364.8399963378906,91404300,TSLA,318.9215026855469,281.5390020751953,300.85250045776365,-0.016506435862546853,0.032129924409923495,-0.2562413937577922,78.82250100954775,21.652979759542234,19.26848827060968,318.9215026855469,382.0264358478475,255.81656952324627,0.39573959504713224
2025-05-29,358.42999267578125,367.7099914550781,356.0,365.2900085449219,88087800,TSLA,322.7350021362305,284.20140197753904,301.64465042114256,0.004286911755287504,0.0304469978191905,-0.25305296624559626,77.69581737872778,21.719394070422084,19.758669430572162,322.7350021362305,385.7041043495817,259.76589992287927,0.39022171005034756
2025-05-30,346.4599914550781,363.6799926757813,345.2900085449219,355.5199890136719,123474900,TSLA,326.0320022583008,286.4134017944336,302.3895003509522,-0.03339564619395741,0.03190819912544159,-0.27799774511048425,68.33813513135067,20.569041720081884,19.920743888474107,326.0320022583008,386.5519003319818,265.5121041846198,0.37125127382884193
2025-06-02,342.69000244140625,348.0199890136719,333.3299865722656,343.5,81873800,TSLA,328.8060028076172,288.542001953125,303.0638003540039,-0.01088145559849063,0.032121457730654855,-0.28585418058907464,60.56312814670069,19.13262361294028,19.76311983336734,328.8060028076172,386.8696061638536,270.7423994513808,0.3531784873782194
2025-06-03,344.2699890136719,355.3999938964844,343.0400085449219,346.6000061035156,99324500,TSLA,332.00650177001955,290.4532015991211,303.7782502746582,0.004610541775392996,0.031169677224739928,-0.2825615814549583,55.05149385220444,17.91522802920167,19.39354147253421,332.00650177001955,385.69492494956893,278.3180785904702,0.3234179023201134
2025-06-04,332.04998779296875,345.6000061035156,327.3299865722656,345.1000061035156,98912100,TSLA,334.8415008544922,291.5264010620117,304.3678002166748,-0.03549540073392177,0.03226878457042294,-0.3080273456231256,42.151253313194665,15.782451015456388,18.671323381118647,334.8415008544922,381.45507740693967,288.22792430204476,0.27842173944085696
2025-06-05,284.70001220703125,324.54998779296875,273.2099914550781,322.489990234375,287499800,TSLA,335.26550140380857,291.4576010131836,304.710700302124,-0.14259893789082123,0.046977107098936086,-0.40670191118676025,29.54386486514356,10.15440885235654,16.967940475366227,335.26550140380857,379.73906386501017,290.791938942607,0.2653035416706097
2025-06-06,295.1400146484375,305.5,291.1400146484375,298.8299865722656,164747700,TSLA,335.78150177001953,291.9192013549805,305.0728003692627,0.036670186138995975,0.047169960240768645,-0.3849455598340682,31.13390164793597,6.4620750577624335,14.86676739184547,335.78150177001953,377.9715381026777,293.59146543736136,0.2512945835923659
2025-06-09,308.5799865722656,309.8299865722656,281.8500061035156,285.9599914550781,140908900,TSLA,336.29750061035156,292.62820098876955,305.51020027160644,0.04553761352840424,0.047089759793268585,-0.35693744843886294,38.89588226109567,4.567713576630808,12.806956628802538,336.29750061035156,376.7729148712806,295.82208634942253,0.2407119540732213
2025-06-10,326.0899963378906,327.8299865722656,310.6700134277344,314.94000244140625,151256500,TSLA,336.6830001831055,293.87900115966795,306.0243002319336,0.05674382827003055,0.046370920434921664,-0.3204476174461901,44.68110351055573,4.428283410875167,11.131221985217065,336.6830001831055,376.5826514148873,296.78334895132366,0.2370161321485335
2025-06-11,326.42999267578125,335.5,322.5,334.3999938964844,122611400,TSLA,336.3009994506836,295.2244009399414,306.60315017700196,0.0010426457165473302,0.04503182062342143,-0.3197390850653508,47.40510659397059,4.295700699292922,9.764117728032238,336.3009994506836,376.45148804981574,296.1505108515515,0.23877709947168888
2025-06-12,319.1099853515625,332.5599975585937,316.8599853515625,323.0799865722656,105127500,TSLA,334.8724990844727,296.2374008178711,307.0971000671387,-0.022424432461661592,0.04422086593130172,-0.33499355000861103,43.09116490011074,3.5589392931378825,8.523082041053367,334.8724990844727,375.34999238389315,294.3950057850522,0.24174868590334672
2025-06-13,325.3099975585937,332.989990234375,313.29998779296875,313.9700012207031,128964300,TSLA,333.9969985961914,297.0884005737305,307.6576000213623,0.019429076154419578,0.044427048488204696,-0.32207308904854814,45.70185665282675,3.435734728840714,7.505612578610838,333.9969985961914,374.5081510026818,293.485846189701,0.2425839308542358
2025-06-16,329.1300048828125,332.04998779296875,326.4100036621094,331.2900085449219,83925900,TSLA,332.9544982910156,298.3254006958008,308.257200012207,0.011742668079331775,0.044229698141823814,-0.3141124183511985,38.23528911304182,3.6047831931741143,6.725446701523493,332.9544982910156,372.801505136808,293.1074914452233,0.23935406820042096
2025-06-17,316.3500061035156,327.260009765625,314.739990234375,326.0899963378906,88282700,TSLA,331.66749877929686,299.86380096435545,308.8102000427246,-0.03882963749794621,0.04477257640887708,-0.34074518451096447,36.507619953184836,2.6766613387544,5.915689628969675,331.66749877929686,371.93266791323737,291.40232964535636,0.24280443083592193
2025-06-18,322.04998779296875,329.32000732421875,315.45001220703125,317.3099975585937,95137700,TSLA,330.57899780273436,301.63900085449217,309.389049987793,0.0180179597897272,0.044987221827976764,-0.32886675775429897,38.221957172621586,2.3736964726126644,5.207290997698273,330.57899780273436,370.63741470315136,290.52058090231736,0.24235306638760498
2025-06-20,322.1600036621094,332.3599853515625,317.7799987792969,327.95001220703125,108688000,TSLA,329.9559982299805,303.64500091552736,309.92930000305176,0.0003416111576173275,0.044617119513201124,-0.3286374911504999,41.47846988266417,2.118056359383388,4.589444070035296,329.9559982299805,370.1371717880369,289.7748246719241,0.24355473925980872
2025-06-23,348.67999267578125,357.5400085449219,327.4800109863281,327.5400085449219,190716800,TSLA,330.33799743652344,305.17460052490236,310.6196999359131,0.0823193093872907,0.04820267460025133,-0.27337139307349023,51.81152598637165,4.009185806127618,4.473392417253761,330.33799743652344,371.1038657214302,289.57212915161665,0.24681307388951046
2025-06-24,340.4700012207031,356.260009765625,340.44000244140625,356.1700134277344,114736200,TSLA,330.3944976806641,306.9360006713867,311.22499992370604,-0.023545920693855638,0.04852691444969517,-0.29048053262606865,48.895095180223414,4.790223110651709,4.536758555933351,330.3944976806641,371.2159929258923,289.57300243543585,0.2471075973225401
2025-06-25,327.54998779296875,343.0,320.3999938964844,342.70001220703125,119845100,TSLA,328.62749633789065,308.44080047607423,311.7118998718262,-0.037947582404945,0.04649505461581038,-0.31740508108215365,48.69686067996979,4.316901145765598,4.492787073899801,328.62749633789065,366.4777844974222,290.7772081783591,0.23035375056148288
2025-06-26,325.7799987792969,331.04998779296875,323.6099853515625,324.6099853515625,80440900,TSLA,327.0714965820313,309.90940032958986,312.287149887085,-0.0054037218123500486,0.046404621158714035,-0.32109363413450936,66.16304332425506,3.7556736890431353,4.345364396928468,327.0714965820313,362.5098401030755,291.63315306098707,0.21670089806897055
2025-06-27,323.6300048828125,329.3399963378906,317.5,324.510009765625,89067000,TSLA,325.3314971923828,311.29980041503904,312.8239498901367,-0.006599526995335614,0.046372446936327597,-0.32557409502334383,61.99174825498201,3.1016563828995345,4.096622794122681,325.3314971923828,357.5588100285253,293.10418435624035,0.19811984461550633
2025-06-30,317.6600036621094,325.5799865722656,316.6000061035156,319.8999938964844,76695100,TSLA,323.89149780273436,312.8220004272461,313.2813999176025,-0.018446995428822777,0.04599319642221121,-0.3380152266095279,54.07834014212659,2.0776637364585895,3.6928309825898635,323.89149780273436,354.6856022226454,293.0973933828233,0.1901507426333626
2025-07-01,300.7099914550781,305.8900146484375,293.2099914550781,298.4599914550781,145085700,TSLA,321.792497253418,314.0088003540039,313.6442998504639,-0.05335897504131726,0.04732391789475276,-0.3733380556106021,38.54279403887823,-0.10042451001999098,2.9341798840678925,321.792497253418,352.912629549651,290.672364957185,0.19341738891895474
2025-07-02,315.6499938964844,316.8299865722656,303.82000732421875,312.6300048828125,119483700,TSLA,320.3614974975586,315.7718002319336,314.07349983215335,0.04968242780731846,0.04887399592202903,-0.3422039687988821,45.7003839284171,-0.6139643999975988,2.2245510272547944,320.3614974975586,349.7114191069715,291.0115758881457,0.18323001882981618
2025-07-03,315.3500061035156,318.45001220703125,312.760009765625,317.989990234375,58042300,TSLA,319.52649841308596,317.3194003295898,314.49879989624026,-0.0009503811144286889,0.0482777355300611,-0.3428291257240818,48.41136582541748,-1.0332443724960854,1.5729919473046183,319.52649841308596,348.4229916949942,290.6300051311777,0.1808707160465338
2025-07-07,293.94000244140625,296.1499938964844,288.7699890136719,291.3699951171875,131177900,TSLA,319.9884979248047,318.1834002685547,314.8345999145508,-0.06789282780315342,0.03872540647998709,-0.3874463147285445,38.25533583506661,-3.0578857328555955,0.6468164112725755,319.9884979248047,346.75768898519186,293.2193068644175,0.16731345803984354
2025-07-08,297.8099975585937,304.04998779296875,294.3500061035156,297.0,103246700,TSLA,320.1219970703125,318.94940002441405,315.18429992675783,0.013165935514200422,0.03797708496795794,-0.3793814724092748,38.278438230674524,-4.300577949055594,-0.3426624607930584,320.1219970703125,346.39138237176496,293.85261176886,0.1641210884716716
2025-07-09,295.8800048828125,300.1499938964844,293.54998779296875,297.54998779296875,75586800,TSLA,319.4869979858398,319.1679998779297,315.52769996643065,-0.0064806174796112614,0.0365294626867937,-0.3834034636873498,41.66191189007403,-5.379147301137209,-1.3499594288618886,319.4869979858398,347.48803019120476,291.4859657804749,0.17528746009630092
2025-07-10,309.8699951171875,310.4800109863281,300.0,300.04998779296875,104365300,TSLA,318.6759979248047,319.6477996826172,315.8574499511719,0.0472826483827995,0.035789686141443275,-0.35424914646682676,45.35256611793704,-5.046868828360573,-2.0893413087616253,318.6759979248047,346.8110380991101,290.5409577504993,0.17657457955741113
2025-07-11,313.510009765625,314.0899963378906,305.6499938964844,307.8900146484375,79236400,TSLA,318.0299987792969,320.07739990234376,316.23375,0.01174690904506881,0.03591649495951395,-0.34666356992459707,46.78606101384958,-4.438650977980899,-2.55920324260548,318.0299987792969,346.0082760965267,290.05172146206706,0.17594741014759355
2025-07-14,316.8999938964844,322.6000061035156,312.6700134277344,317.7300109863281,78043400,TSLA,317.919499206543,320.77219970703123,316.5682499694824,0.010813001260769006,0.035660900995055846,-0.33959904228248544,35.74120298548742,-3.6411180194896815,-2.7755861979823204,317.919499206543,345.8972736363572,289.94172477672873,0.1760054007359763
2025-07-15,310.7799987792969,321.20001220703125,310.5,319.67999267578125,77556300,TSLA,317.1929992675781,321.37739990234377,316.8507999420166,-0.01931207079538977,0.035616688769925235,-0.35235275233126934,36.424321412823225,-3.4629807762367477,-2.913065113633206,317.1929992675781,345.11728525269797,289.26871328245824,0.17607126291941555
2025-07-16,321.6700134277344,323.5,312.6199951171875,312.79998779296875,97284800,TSLA,316.8199996948242,322.06660034179686,317.17405006408694,0.03504091219258654,0.03645015976989973,-0.329658601993939,47.26054060940192,-2.415231274368466,-2.813498345780258,316.8199996948242,344.26815668810013,289.3718427015483,0.1732728806244256
2025-07-17,319.4100036621094,324.3399963378906,317.0599975585937,323.1499938964844,73922900,TSLA,316.9729995727539,322.84960021972654,317.50000007629393,-0.007025863995037018,0.0353684796539779,-0.3343683294865725,47.045730794249636,-1.7471065886882684,-2.6002199943618605,316.9729995727539,344.44422979975195,289.50176934575586,0.173334828291535
2025-07-18,329.6499938964844,330.8999938964844,321.4200134277344,321.6600036621094,94255000,TSLA,317.3529998779297,323.93559997558594,317.84595008850096,0.03205907804067243,0.03585851199020137,-0.31302879181523946,52.5970618337774,-0.38687171267889653,-2.1575503380252674,317.3529998779297,345.32560941103316,289.3803903448262,0.17628703395816764
2025-07-21,328.489990234375,338.0,326.8800048828125,334.3999938964844,75768800,TSLA,317.669499206543,324.9809997558594,318.18025001525876,-0.0035188948387289143,0.03587701611477738,-0.31544617125407626,54.8744202580245,0.590712262290424,-1.6078978179621293,317.669499206543,346.01191499984765,289.3270834132383,0.17843964160296635
2025-07-22,332.1099853515625,335.4100036621094,321.54998779296875,329.739990234375,77370400,TSLA,316.840998840332,325.92679931640623,318.55069999694825,0.0110201078413521,0.030584083889152493,-0.30790231423808573,66.05973842159534,1.6386684085829302,-0.9585845726531175,316.840998840332,342.1757605201197,291.50623716054434,0.1599209810126549
2025-07-23,332.5599975585937,336.20001220703125,328.6700134277344,330.8999938964844,92553800,TSLA,316.44549865722655,326.6127990722656,318.9683999633789,0.0013550095657461902,0.030164067395896412,-0.30696451525344753,60.153720363367015,2.476940797166833,-0.2714794986891274,316.44549865722655,340.4385545334661,292.452442780987,0.15164099965428057
2025-07-24,305.29998779296875,310.1499938964844,300.4100036621094,310.0,156966000,TSLA,315.33299865722654,326.35119873046875,319.2915998840332,-0.08197020076301276,0.034339417153048224,-0.36377277307401423,45.44134205348423,0.9308919944159015,-0.031005200068121602,315.33299865722654,339.2212321725442,291.4447651419089,0.1515111556166988
2025-07-25,316.0599975585937,323.6300048828125,308.010009765625,308.739990234375,148227000,TSLA,314.8469985961914,325.9909985351562,319.6214998626709,0.0352440556693423,0.035373221903832616,-0.3413495452698835,61.10664356345222,0.5673400989837774,0.08866385974225818,314.8469985961914,338.2304897224975,291.46350746988526,0.14853875838465108
2025-07-28,325.5899963378906,330.489990234375,315.69000244140625,318.45001220703125,112673800,TSLA,314.9449981689453,325.54919860839846,320.04529983520507,0.030152499060024818,0.03601082206943412,-0.32148958805274874,63.19840046628906,1.036268401492464,0.2781847680922993,314.9449981689453,338.4992808041413,291.3907155337493,0.14957711836757487
2025-07-29,321.20001220703125,326.25,318.25,325.54998779296875,87358900,TSLA,315.1219985961914,325.1167987060547,320.4287998962402,-0.013483166498468035,0.03588713550128031,-0.33063805690797765,61.75487671976594,1.0416548798966119,0.4308787904531618,315.1219985961914,338.81497982400674,291.4290173683761,0.1503733876616869
2025-07-30,319.0400085449219,324.45001220703125,311.6199951171875,322.17999267578125,83931900,TSLA,316.0384994506836,324.49799865722656,320.81874992370604,-0.006724793213012448,0.03359921195791505,-0.33513937755993173,54.78252371740737,0.8616963599606606,0.5170423043546616,316.0384994506836,338.78327482873146,293.29372407263577,0.14393673819855018
2025-07-31,308.2699890136719,321.3699951171875,306.1000061035156,319.6099853515625,85270900,TSLA,315.669499206543,323.8215985107422,321.16624984741213,-0.03375758288237862,0.032733479685363456,-0.35758346512718225,47.456301359513255,-0.14826354117099072,0.38398113524953115,315.669499206543,338.67873500656856,292.6602634065174,0.14578054489179904
2025-08-01,302.6300048828125,309.3099975585937,297.82000732421875,306.2099914550781,89121400,TSLA,315.0334991455078,322.99779846191404,321.5903998565674,-0.01829559909125389,0.032970447289374864,-0.3693368604988078,43.22090979760399,-1.387766316984596,0.029631644802705748,315.0334991455078,338.77156470010675,291.29543359090883,0.15070184992380645
2025-08-04,309.260009765625,312.1199951171875,303.0,309.0799865722656,78683900,TSLA,315.79949951171875,322.4905987548828,322.04089988708495,0.021907956170373222,0.029375871630056855,-0.3555203200803457,49.281397298260444,-1.8141824462211957,-0.33913117340207455,315.79949951171875,337.5795835456611,294.0194154777764,0.13793615295539194
2025-08-05,308.7200012207031,312.45001220703125,305.5,308.95001220703125,57961300,TSLA,316.3449996948242,321.8441986083984,322.4866498565674,-0.0017461311772288823,0.029292348314369606,-0.3566456661425439,43.21349566721553,-2.170672318053107,-0.7054394023322812,316.3449996948242,336.7297875939167,295.9602117957317,0.1288769408004397
2025-08-06,319.9100036621094,320.4700012207031,306.92999267578125,307.8900146484375,78523600,TSLA,317.54649963378904,321.4555987548828,322.9795498657227,0.03624644466558724,0.03016970080924192,-0.3333263588800139,50.23960124176152,-1.5325867258086987,-0.8708688670275647,317.54649963378904,335.54552997373344,299.54746929384464,0.11336311602049971
2025-08-07,322.2699890136719,322.3999938964844,316.1600036621094,319.7900085449219,66658700,TSLA,318.16649932861327,320.6431982421875,323.4864498138428,0.007377028928595486,0.028451686404457832,-0.3284082881435396,46.17457847723457,-0.8269358009819143,-0.8620822538184347,318.16649932861327,335.90452764421076,300.4284710130158,0.11150154622204297
2025-08-08,329.6499938964844,335.1499938964844,320.9800109863281,321.42999267578125,91200300,TSLA,318.97349853515624,320.0981982421875,324.031199798584,0.02290006868278205,0.028753133431450303,-0.31302879181523946,50.56486336194381,0.32406671824901423,-0.6248524594049449,318.97349853515624,337.27904344457676,300.6679536257357,0.1147778420055981
2025-08-11,339.0299987792969,346.6400146484375,334.1499938964844,335.0,105320200,TSLA,320.0799987792969,319.7101983642578,324.6320997619629,0.02845443669493286,0.029274082622705803,-0.2934814130607047,53.190709758614595,1.9704187485460238,-0.10579821781475118,320.0799987792969,340.42009945335974,299.73989810523403,0.12709385623365899
2025-08-12,340.8399963378906,345.260009765625,332.94000244140625,345.0,80522100,TSLA,321.58299865722654,319.59779846191407,325.2464497375488,0.005338753399730889,0.02876444463633203,-0.28970948455270945,53.77049061862569,3.3822280504780338,0.5918070358438058,321.58299865722654,343.41718662144064,299.74881069301244,0.13579192964418513
2025-08-13,339.3800048828125,348.9800109863281,338.20001220703125,341.5,67838900,TSLA,322.46849822998047,319.5315985107422,325.87509979248046,-0.004283509772223915,0.02793708774080317,-0.2927520209167459,70.28572445824032,4.333335985199369,1.3401128257149184,322.46849822998047,345.7087516411603,299.22824481880065,0.14413968210070036
2025-08-14,335.5799865722656,340.4700012207031,330.3999938964844,335.760009765625,75000700,TSLA,323.2769973754883,319.35779846191406,326.25059967041017,-0.011196942235471519,0.028031770641633758,-0.300671035684695,62.66873497443205,4.725987909450851,2.017287842462105,323.2769973754883,347.1847273238049,299.3692674271717,0.147908636509313
2025-08-15,330.5599975585937,339.29998779296875,327.0199890136719,337.6600036621094,74319800,TSLA,323.32249755859374,319.32799865722654,326.5574496459961,-0.0149591430196655,0.02741844602811485,-0.31113239767968215,53.42616938118694,4.5793088073098716,2.5296920354316583,323.32249755859374,347.2846979244111,299.3602971927764,0.14822476349004962
2025-08-18,335.1600036621094,336.2699890136719,329.5899963378906,329.6199951171875,56956600,TSLA,323.65599822998047,320.33719848632813,326.9206996154785,0.013915797850586165,0.02756063254514468,-0.3015462553799746,59.595812120182316,4.779155481328246,2.9795847246109757,323.65599822998047,348.1018033227295,299.21019313723144,0.15106041739648868
2025-08-19,329.3099975585937,340.54998779296875,327.8500061035156,335.7900085449219,75956000,TSLA,323.51599884033203,321.0205981445313,327.26964965820315,-0.017454368181154867,0.027770813995758956,-0.31373732419607886,56.71855678212335,4.414600046944486,3.2665877890776778,323.51599884033203,347.78941249690286,299.2425851837612,0.15006005108607143
2025-08-20,323.8999938964844,331.3699951171875,314.6000061035156,329.2200012207031,77481800,TSLA,323.08299865722654,321.3269982910156,327.6013996887207,-0.016428300696053832,0.02800718246565632,-0.32501145379066415,60.9962032306462,3.647103616225479,3.3426909545072383,323.08299865722654,346.9832173582523,299.18277995620076,0.14795095254382362
2025-08-21,320.1099853515625,324.8999938964844,318.67999267578125,322.0799865722656,55744400,TSLA,323.82349853515626,321.20739807128905,327.95269958496095,-0.011701168929731831,0.020782588200852325,-0.3329096087954937,62.626388654978676,2.701889450497731,3.2145306537053373,323.82349853515626,346.27782029771356,301.36917677259896,0.13868247279231666
2025-08-22,340.010009765625,340.25,319.69000244140625,321.6600036621094,94016300,TSLA,325.0209991455078,321.47899841308595,328.4078496551514,0.062166209505171155,0.023679873034280274,-0.29143912777698777,68.63861127902939,3.5180126135080627,3.2752270456658827,325.0209991455078,348.2724155451181,301.7695827458975,0.14307639482211398
2025-08-25,346.6000061035156,349.5299987792969,335.0299987792969,338.8999938964844,86670000,TSLA,326.0714996337891,322.028798828125,328.9266497039795,0.019381771561470362,0.023168881104236132,-0.2777059628141652,71.3914548061545,4.6430317497893725,3.5487879864905807,326.0714996337891,351.2497838852064,300.89321538237175,0.15443413042657858
2025-08-26,351.6700134277344,351.8999938964844,343.7200012207031,344.92999267578125,76651600,TSLA,327.5949996948242,322.5559991455078,329.42779975891114,0.01462783391499567,0.022943428795444677,-0.26714036560041904,69.26716381436196,5.8759899849926,4.014228386190984,327.5949996948242,355.11102358045673,300.07897580919166,0.1679880578840671
2025-08-27,349.6000061035156,355.3900146484375,349.1600036621094,351.94000244140625,65519000,TSLA,329.1229995727539,322.96539916992185,329.7331497955322,-0.0058862207330171445,0.022922037498615266,-0.2714541391748132,66.63825347293697,6.609891266083139,4.533360962169415,329.1229995727539,357.999184335643,300.24681480986476,0.17547351476727127
2025-08-28,345.9800109863281,353.54998779296875,340.260009765625,350.9100036621094,67903200,TSLA,331.00850067138674,323.5579992675781,329.9784998321533,-0.010354676927882056,0.021394966394960097,-0.27899799619080373,60.418530936165055,6.820784211821945,4.990845612099921,331.00850067138674,359.0645356437086,302.9524656990649,0.16951851638502108
2025-08-29,333.8699951171875,348.75,331.70001220703125,347.2300109863281,81145700,TSLA,332.5705001831055,323.7943994140625,330.0417498016357,-0.03500206799409333,0.022680970927028303,-0.30423455735201077,46.81874266929622,5.942242841152279,5.181125057910393,332.5705001831055,357.24937457097326,307.8916257952377,0.1484128891424836
2025-09-02,329.3599853515625,333.3299865722656,325.6000061035156,328.2300109863281,58392000,TSLA,333.5754989624023,323.9383990478516,329.9385497283936,-0.01350828116207925,0.022687540186221006,-0.31363315257415836,43.15035792569523,4.826436226519036,5.110187291632122,333.5754989624023,355.7693837818513,311.38161414295337,0.13306663641954383
2025-09-03,334.0899963378906,343.3299865722656,328.510009765625,335.20001220703125,88733300,TSLA,334.84399871826173,323.64659912109374,329.9665497589111,0.014361219324440011,0.022781155176831023,-0.3037760877412514,46.962212853118686,4.274549456396471,4.943059724584992,334.84399871826173,353.70631198265534,315.9816854538681,0.11266328998934448
2025-09-04,338.5299987792969,338.8900146484375,331.4800109863281,336.1499938964844,60711000,TSLA,335.7749984741211,323.6077990722656,330.0079998016357,0.01328983953448204,0.02163078718564301,-0.2945233836672634,51.68168362511326,4.147634951410907,4.783974769950175,335.7749984741211,353.3262153772255,318.22378157101673,0.10454153515218963
2025-09-05,350.8399963378906,355.8699951171875,344.67999267578125,348.0,108989800,TSLA,337.20349884033203,324.07359924316404,330.2062998199463,0.036363092201525005,0.02287131795238519,-0.26887007242153615,60.67367328169338,4.982928122248381,4.823765440409817,337.20349884033203,354.77723153784575,319.6297661428183,0.10423220849102158
2025-09-08,346.3999938964844,358.44000244140625,344.8399963378906,354.6400146484375,75208300,TSLA,338.040998840332,324.48599914550783,330.3346997833252,-0.01265534855703887,0.022747431476923402,-0.2781227764955242,55.92575907739436,5.226386359091521,4.904289624146158,338.040998840332,355.69536072132195,320.38663695934207,0.10445101003460637
2025-09-09,346.9700012207031,350.7699890136719,343.82000732421875,348.44000244140625,53816000,TSLA,338.43799896240233,324.95279907226563,330.37584983825684,0.001645517708609212,0.02192644317165889,-0.276934914740806,59.85930442753194,5.403040703175918,5.00403983995211,338.43799896240233,356.5374908102238,320.33850711458086,0.10695898157601488
2025-09-10,347.7900085449219,356.3299865722656,346.07000732421875,350.54998779296875,72121700,TSLA,338.7854995727539,325.5553991699219,330.38479988098146,0.0023633378140295314,0.02190827735599346,-0.2752260676828085,64.05789606005101,5.545285680066627,5.112289007975013,338.7854995727539,357.3403144270415,320.2306847184663,0.10953724334534552
2025-09-11,368.80999755859375,368.989990234375,347.6000061035156,350.1700134277344,103756000,TSLA,340.25699920654296,326.9173992919922,330.51869987487794,0.06043873744853956,0.025530950834862783,-0.23142164627794412,73.82582059976852,7.270345276384262,5.543900261656864,340.25699920654296,363.167104088604,317.3468943244819,0.13466353336146442
2025-09-12,395.9400024414063,396.6900024414063,370.239990234375,370.9400024414063,168156400,TSLA,343.275,328.5231994628906,330.80019981384277,0.0735609258490948,0.029516819241542473,-0.1748843109905766,75.55513352096212,10.703251671257703,6.575770543577033,343.275,376.95992440682727,309.5900755931727,0.19625620512316536
2025-09-15,410.0400085449219,425.7000122070313,402.4299926757813,423.1300048828125,163823700,TSLA,347.2490005493164,330.41699951171876,331.0875998687744,0.03561147147692445,0.029548692828659198,-0.1455007271662546,77.12500769854682,14.395663132236564,8.13974906130894,347.2490005493164,391.6627101444264,302.8352909542064,0.2558032393173287
2025-09-16,421.6199951171875,423.25,411.4299926757813,414.5,104285700,TSLA,351.57200012207034,332.97059936523436,331.5027498626709,0.028241113869250656,0.029789692326436988,-0.12136871590096497,78.3312910006425,18.048284566036216,10.121456162254397,351.57200012207034,406.59520686469745,296.5487933794432,0.3130124510684716
2025-09-17,425.8599853515625,428.30999755859375,409.6700134277344,415.75,106133500,TSLA,356.3994995117188,335.53159912109373,331.94089973449707,0.01005642588937583,0.02898461421000545,-0.11253282550833589,80.35343244944448,21.042579388239176,12.305680807451353,356.3994995117188,419.5415966799795,293.25740234345807,0.3543332538612868
2025-09-18,416.8500061035156,432.2200012207031,416.55999755859375,428.8699951171875,90454500,TSLA,361.0470001220703,337.9509991455078,332.3606996917725,-0.021157139806429193,0.029258128967703717,-0.13130909259267268,77.0475497421811,22.429990612192285,14.330542768399539,361.0470001220703,427.7023615107835,294.3916387333571,0.3692337084433713
2025-09-19,426.0700073242188,429.4700012207031,421.7200012207031,421.8200073242188,93131000,TSLA,366.3450012207031,340.2749993896484,332.765249710083,0.022118270566640286,0.02872217183873216,-0.11209515206385721,85.98189811149254,23.996879952129746,16.26381020514558,366.3450012207031,436.07338807517453,296.6166143662317,0.3806706062434509
2025-09-22,434.2099914550781,444.9800109863281,429.1300048828125,431.1099853515625,97108800,TSLA,371.0550003051758,342.6889990234375,333.15084968566896,0.01910480435358397,0.02651226519990658,-0.09513190365943842,89.7912828805265,25.600374551384277,18.131123074393322,371.0550003051758,445.8363249937714,296.27367561658014,0.40307407056685085
2025-09-23,425.8500061035156,440.9700012207031,423.7200012207031,439.8800048828125,83422700,TSLA,375.01750030517576,344.8679992675781,333.52299964904785,-0.019253323313789705,0.02738750453931306,-0.1125536216746167,83.88980936086183,25.898038160346402,19.68450609158394,375.01750030517576,452.68560494807605,297.34939566227547,0.41421056126552375
2025-09-24,442.7900085449219,444.2099914550781,429.0299987792969,429.8299865722656,93133600,TSLA,379.57350006103513,347.5081994628906,333.94729972839355,0.03977927016229388,0.028144426131264184,-0.077251652436662,85.25157200256722,27.187455277675724,21.185095928802298,379.57350006103513,462.0183190275527,297.12868109451756,0.43440766519928553
2025-09-25,423.3900146484375,435.3500061035156,419.0799865722656,435.239990234375,96746400,TSLA,383.26300048828125,349.5425994873047,334.2167998504639,-0.04381307961359793,0.03058205295111891,-0.11768009925177048,73.40777128250875,26.340275953041214,22.216131933650082,383.26300048828125,466.6589263903078,299.8670745862547,0.4351890257905366
2025-09-26,440.3999938964844,440.4700012207031,421.0199890136719,428.2999877929688,101628200,TSLA,387.98399963378904,351.9623992919922,334.4726998138428,0.0401756741055197,0.030892475873105806,-0.08223230246249504,78.05301616700194,26.733278804490396,23.11956130781815,387.98399963378904,473.16435346198125,302.80364580559683,0.4390920961101096
2025-09-29,443.2099914550781,450.9800109863281,439.5,444.3500061035156,79491500,TSLA,393.4509994506836,354.23359924316406,334.73979972839356,0.00638055766924972,0.028856096278820024,-0.07637643274138244,78.34257357260412,26.96069362093249,23.88778777044102,393.4509994506836,478.04086218757595,308.8611367137912,0.42998931432372756
2025-09-30,444.7200012207031,445.0,433.1199951171875,441.5199890136719,74358000,TSLA,399.2190002441406,356.5581994628906,334.9584497833252,0.0034069849388267404,0.02822824962692205,-0.07322966115858685,78.43023524344437,26.952079870150044,24.500646190382824,399.2190002441406,481.09672545994357,317.34127502833763,0.41018952086815014
2025-10-01,459.4599914550781,462.2900085449219,440.75,443.7999877929688,98122300,TSLA,405.4875,359.1051995849609,335.1318997955322,0.033144428390707636,0.02849949360346851,-0.0425123880282258,77.60522659578916,27.814024672476876,25.163321886801636,405.4875,485.54685567724715,325.42814432275287,0.3948795249039595
2025-10-02,436.0,470.75,435.5700073242188,470.5400085449219,137009000,TSLA,410.36100006103516,361.17399963378904,335.22139976501467,-0.051059922281332826,0.03225839998736956,-0.09140163108084354,62.47820307396543,26.30091629984946,25.390840769411202,410.36100006103516,484.93743584698734,335.78456427508297,0.36346746291611554
2025-10-03,429.8299865722656,446.7699890136719,416.5799865722656,443.2900085449219,133188200,TSLA,414.3104995727539,363.664599609375,335.18939964294435,-0.014151406944344913,0.0323286984735101,-0.10425957634838653,56.48469440203389,24.323512186890753,25.177375052907117,414.3104995727539,483.80814558021876,344.812853565289,0.33548580631739905
2025-10-06,453.25,453.5499877929688,436.6900024414063,440.75,85324900,TSLA,419.6529998779297,366.4083996582031,335.140549697876,0.054486690457546505,0.033249115874361405,-0.055453645154569575,59.61808004394919,24.36533610758977,25.014967263843648,419.6529998779297,483.3558214709793,355.95017828488005,0.3035975990238591
2025-10-07,433.0899963378906,452.6799926757813,432.4500122070313,447.8200073242188,102296100,TSLA,423.95899963378906,368.55839965820314,334.90669975280764,-0.044478772558432134,0.03566681333430974,-0.09746590764263563,52.00443947559499,22.512231068338565,24.514420024742634,423.95899963378906,477.8646421994114,370.05335706816675,0.25429648910477376
2025-10-08,438.6900024414063,441.3299865722656,425.2300109863281,437.5700073242188,71192100,TSLA,428.5039993286133,370.90819946289065,334.89949974060056,0.012930352007361146,0.03559868278892732,-0.0857958241298107,56.171583532095475,21.250542637657645,23.86164454732564,428.5039993286133,469.03932173593984,387.9686769212868,0.18919460481506778
2025-10-09,435.5400085449219,436.3500061035156,426.1799926757813,431.80999755859375,69339900,TSLA,431.8404998779297,373.23819946289063,334.89634971618653,-0.007180455170972766,0.03395690664277125,-0.09236022623176265,52.771113473012534,19.76858731546548,23.043033100953608,431.8404998779297,461.10614556388066,402.5748541919787,0.13553914324489538
2025-10-10,413.489990234375,443.1300048828125,411.4500122070313,436.5400085449219,112107900,TSLA,432.71799926757814,375.3425994873047,334.85849967956545,-0.05062684914805626,0.03284607858978392,-0.13831116813910307,44.3933322444029,16.623252342360047,21.759076949234895,432.71799926757814,458.26781013158467,407.1681884035716,0.11808989183372239
2025-10-13,435.8999938964844,436.8900146484375,419.7000122070313,423.5299987792969,79552800,TSLA,434.01099853515626,378.0079992675781,334.8849996185303,0.054197209585187034,0.034066875692803686,-0.09161003792152303,52.52728132805711,15.757212386706499,20.558704036729218,434.01099853515626,457.2405751976707,410.78142187264183,0.10704602759338949
2025-10-14,429.239990234375,434.2000122070313,417.8599853515625,426.7900085449219,72669400,TSLA,434.3919982910156,380.4075988769531,334.71979957580567,-0.015278742269702716,0.033799969724790956,-0.1054890940325051,46.406784143550276,14.3678393385851,19.320531097100396,434.3919982910156,457.0077133202229,411.7762832618084,0.10412583619487452
2025-10-15,435.1499938964844,440.510009765625,426.3299865722656,434.8999938964844,71558200,TSLA,434.8564987182617,382.93619873046873,334.624899520874,0.013768529951932784,0.033859919673722004,-0.09317299383136103,53.35884192904673,13.587016423916566,18.173828162463632,434.8564987182617,457.1131324517267,412.59986498479674,0.1023631188636543
2025-10-16,428.75,439.3500061035156,421.30999755859375,434.7300109863281,77189900,TSLA,435.4514984130859,385.11299865722657,334.61034950256345,-0.01470755828163206,0.03366166038614463,-0.10651020487594419,46.45789271213701,12.309881961434883,17.001038922257884,435.4514984130859,456.2711467594567,414.6318500667151,0.09562327112086538
2025-10-17,439.30999755859375,441.4599914550781,423.6000061035156,425.5,89331600,TSLA,436.1134979248047,387.453798828125,334.7198494720459,0.02462973191508744,0.03374544830853884,-0.08450379075317227,48.86759787199314,12.011387450359166,16.00310862787814,436.1134979248047,456.51491748610067,415.7120783635087,0.09356013816758149
2025-10-20,447.4299926757813,449.7999877929688,440.6099853515625,443.8699951171875,63719000,TSLA,436.77449798583984,389.80939880371096,334.93779945373535,0.018483519979771268,0.03372922634828705,-0.06758219827815364,50.75778508740118,12.28839121940183,15.26016514618288,436.77449798583984,457.76440240379617,415.7845935678835,0.09611323241054616
2025-10-21,442.6000061035156,449.2999877929688,442.0499877929688,445.760009765625,54412200,TSLA,437.6119979858398,391.8807989501953,335.25439949035643,-0.010794954856246375,0.03350041552190505,-0.0776476063549014,45.00888605254733,11.980080243862517,14.604148165718808,437.6119979858398,458.09716752484314,417.1268284468365,0.09362252238644599
2025-10-22,438.9700012207031,445.5400085449219,429.0,443.4500122070313,84023500,TSLA,437.4209976196289,393.84339904785156,335.39704948425293,-0.008201547294971134,0.032387090759466663,-0.08521232313401152,50.99617644957436,11.312427890678748,13.945804110710796,437.4209976196289,457.7736933887593,417.06830185049853,0.0930576990125591
2025-10-23,448.9800109863281,449.3999938964844,413.8999938964844,420.0,126709800,TSLA,438.70049743652345,396.0353991699219,335.58669960021973,0.022803402824313368,0.031034226773183737,-0.06435205123971861,56.2618599612498,11.458941180562647,13.448431524681167,438.70049743652345,458.5504767833572,418.8505180896897,0.09049444649743492
2025-10-24,433.7200012207031,451.6799926757813,430.1700134277344,446.8299865722656,94727800,TSLA,438.3664978027344,397.9981994628906,335.7834996795654,-0.03398817183887881,0.03083846747185806,-0.0961530145028775,43.253887854301645,10.22582185451796,12.803909590648527,438.3664978027344,458.3205973396435,418.4123982658253,0.0910384330779241
2025-10-27,452.4200134277344,460.1600036621094,438.6900024414063,439.9800109863281,105867500,TSLA,438.8269989013672,400.4353997802734,336.07089973449706,0.043115401997602554,0.03231658837602514,-0.057183288378847896,56.74506658533758,10.634908007556476,12.370109274030117,438.8269989013672,459.65759161086237,417.996406191872,0.09493760758406378
2025-10-28,460.5499877929688,467.0,451.6000061035156,454.7799987792969,80185700,TSLA,439.61849822998045,402.9431994628906,336.39994972229005,0.017969970655449474,0.0325246223051937,-0.04024089973754845,57.49553705033034,11.482766532576193,12.192640725739334,439.61849822998045,462.4944608443755,416.7425356155854,0.10407188371963282
2025-10-29,461.510009765625,465.7000122070313,452.6499938964844,462.5,67983500,TSLA,439.7209991455078,405.58719970703123,336.6909497833252,0.0020845119924044475,0.03170313353919812,-0.03824027038323201,59.040588602623316,12.092768365865368,12.172666253764541,439.7209991455078,462.98635267909,416.4556456119256,0.10581870585572586
2025-10-30,440.1000061035156,455.05999755859375,439.6099853515625,451.0499877929688,72447900,TSLA,439.9259994506836,407.91119995117185,336.909649887085,-0.04639120107705208,0.03131679070832282,-0.08285745938769472,59.30485069139943,10.724960183962196,11.883125039804073,439.9259994506836,463.1254618563565,416.72653704501073,0.10546984008510991
2025-10-31,456.55999755859375,458.0,443.6900024414063,446.75,83135800,TSLA,441.2625,410.6402001953125,337.0513498687744,0.03740057084027071,0.03212107070823068,-0.04855580482689831,57.53794599163973,10.844141579925065,11.675328347828271,441.2625,465.0844591674281,417.44054083257186,0.10797182705273226
2025-11-03,468.3699951171875,474.0700073242188,453.7999877929688,455.989990234375,84595200,TSLA,442.01849975585935,413.20739990234375,337.32409980773923,0.02586735066967427,0.030317475632061035,-0.023944464187729726,63.75975955093509,11.756045423830244,11.691471763028666,442.01849975585935,468.2773035162048,415.7596959955139,0.11881314367995471
2025-11-04,444.260009765625,460.2200012207031,443.6000061035156,454.4599914550781,87756600,TSLA,442.5770004272461,415.1605999755859,337.4128998565674,-0.05147636612701911,0.030917509593228667,-0.07418825630950597,52.839957843535885,10.413224299997864,11.435822270422506,442.5770004272461,468.50934322733383,416.6446576271584,0.11718793690161793
2025-11-05,462.0700073242188,466.3299865722656,440.7099914550781,452.0499877929688,85573000,TSLA,443.7460006713867,417.3685998535156,337.6028998565674,0.040089130615176716,0.03201236427358248,-0.03707326839163329,59.69732528862917,10.663227791128179,11.281303374563642,443.7460006713867,471.01405696966356,416.47794437310984,0.12289938954726512
2025-11-06,445.9100036621094,467.4500122070313,435.0899963378906,461.9599914550781,109622900,TSLA,444.2645004272461,419.2947998046875,337.7568999481201,-0.03497306340156048,0.033067418746818907,-0.07074976602723013,51.860204715499265,9.448464105536345,10.914735520758184,444.2645004272461,471.26865414316336,417.26034671132885,0.12156791141289726
2025-11-07,429.5199890136719,439.3599853515625,421.8800048828125,437.9200134277344,103471500,TSLA,445.0660003662109,420.96559936523437,337.8425998687744,-0.03675632866235745,0.03204178223734017,-0.10490559303670581,45.176926168241955,7.081585814607138,10.148105579527975,445.0660003662109,469.0014293202109,421.13057141221094,0.10755900893038485
2025-11-10,445.2300109863281,449.6700134277344,433.3599853515625,439.6000061035156,76515900,TSLA,445.5325012207031,423.1927996826172,338.0358499908447,0.03657576451501576,0.03075888154320663,-0.0721668307889086,50.66904203242206,6.399713284608367,9.398427120544053,445.5325012207031,469.0762180948727,421.9887843465336,0.10568798823727885
2025-11-11,439.6199951171875,442.489990234375,432.3599853515625,439.3999938964844,60533200,TSLA,446.05150146484374,425.3979998779297,338.24819999694824,-0.01260026442672324,0.030687680299282687,-0.08385777406485301,50.16370163215885,5.345028830978606,8.587747462630963,446.05150146484374,468.51588712331096,423.5871158063765,0.10072552422620995
2025-11-12,430.6000061035156,442.3299865722656,426.55999755859375,442.1499938964844,58513500,TSLA,445.8240020751953,427.3282000732422,338.41075004577635,-0.02051769508633805,0.030931471923323607,-0.10265490091230937,45.34777734933088,3.738253809739547,7.61784873205268,445.8240020751953,468.8386504151273,422.80935373526336,0.10324544319195349
2025-11-13,401.989990234375,424.5,396.3399963378906,423.1300048828125,118948000,TSLA,444.4860015869141,428.59739990234374,338.47519996643064,-0.06644220962287406,0.03420958213234377,-0.16227649208995237,42.47711978027465,0.1545028398944055,6.125179553621026,444.4860015869141,473.90152138090457,415.0704817929236,0.13235746317756025
2025-11-14,404.3500061035156,412.1900024414063,382.7799987792969,386.2999877929688,105506700,TSLA,442.73800201416014,429.66760009765625,338.49555000305173,0.005870832424868633,0.03367508135739827,-0.1573583577566393,37.64585061433572,-2.466776600934793,4.406788322709862,442.73800201416014,477.1749555079406,408.3010485203797,0.15556357636848636
2025-11-17,408.9200134277344,423.9599914550781,398.739990234375,398.739990234375,102214300,TSLA,440.8125030517578,430.9180004882812,338.51715003967286,0.011302107716671506,0.03346491369222538,-0.1478347311494518,36.48359802715182,-4.127815161465151,2.6998676258748597,440.8125030517578,478.3148778222045,403.3101282813111,0.17015113913882504
2025-11-18,401.25,408.8999938964844,393.7099914550781,405.3800048828125,80318700,TSLA,438.74500274658203,432.0036004638672,338.60500007629395,-0.018756757252943457,0.033597678249854455,-0.1638185882366708,34.75974015148569,-5.994010943449666,0.9610919120099546,438.74500274658203,480.18497548860125,397.3050300045628,0.1889023121977521
2025-11-19,406.2799987792969,411.7799987792969,400.401611328125,406.2099914550781,29778846,TSLA,437.1105026245117,433.1734002685547,338.67535011291505,0.012535822502920624,0.03379202746496082,-0.1533363664785642,40.67394811003828,-6.986568864964227,-0.6284402433848816,437.1105026245117,481.01837966480974,393.20262558421365,0.20090058132515728
2025-11-20,395.2300109863281,428.9400024414063,394.739990234375,414.6300048828125,113548800,TSLA,434.4230026245117,433.70180053710936,338.760650100708,-0.027197961568793394,0.03360717607958957,-0.17636389144477518,32.56780057530759,-8.566075449465018,-2.215967284600909,434.4230026245117,481.7208720334928,387.1251332155306,0.21775029923939115
2025-11-21,391.0899963378906,402.7999877929688,383.760009765625,402.3200073242188,100180500,TSLA,432.29150238037107,433.60480041503905,338.8445000457764,-0.010474950113494086,0.03297504673001123,-0.18499143859356354,27.032821798943615,-10.036219093613454,-3.7800176464034183,432.29150238037107,483.4106809783659,381.1723237823762,0.23650327761018694
2025-11-24,420.3999938964844,421.7099914550781,401.0899963378906,402.1600036621094,79672850,TSLA,430.6905014038086,433.8120001220703,339.13840003967283,0.07494438066186371,0.036027827658544447,-0.12391112672484167,43.12153974329987,-8.735548706507359,-4.771123858424207,430.6905014038086,481.1568454404862,380.22415736713094,0.23435085692480223
2025-11-25,419.3999938964844,420.4800109863281,405.9500122070313,414.4200134277344,71915600,TSLA,428.63300170898435,433.76760009765627,339.48174995422363,-0.002378686999330082,0.03568878654227873,-0.125995067937959,36.378731036122076,-7.6967266230879545,-5.356244411356956,428.63300170898435,477.29676097818077,379.96924243978793,0.2270649206905265
2025-11-26,426.5799865722656,426.9400024414063,416.8900146484375,423.9500122070313,63463000,TSLA,426.8865005493164,433.7820001220703,339.972149887085,0.017119677587676296,0.035982279242289465,-0.11103238529101786,43.45411246087903,-6.222359744584878,-5.529467478002541,426.8865005493164,473.02377592544326,380.74922517318953,0.2161571064756442
2025-11-28,430.1700134277344,432.9299926757813,426.2000122070313,426.5899963378906,36252900,TSLA,426.39000091552737,434.0484002685547,340.4404499053955,0.008415835173881447,0.03458886855902939,-0.10355098037070852,50.24101740575654,-4.709935008061223,-5.3655609840142775,426.39000091552737,472.1406600213795,380.6393418096752,0.21459536578070867
2025-12-01,430.1400146484375,433.659912109375,425.2999877929688,425.3200073242188,55108087,TSLA,425.06900177001955,434.1298004150391,340.81144996643064,-6.973703038437584e-05,0.03341878896938035,-0.10361349606322849,43.66871406017724,-3.4737054446540583,-4.987189876142234,425.06900177001955,468.62481344738046,381.51319009265865,0.20493525284596714
2025-12-02,429.239990234375,436.7999877929688,422.1199951171875,430.80999755859375,69336600,TSLA,423.1125015258789,434.030400390625,341.1784499359131,-0.0020923987153301793,0.03275015209030574,-0.1054890940325051,45.465666016464446,-2.537359951429437,-4.497223891199675,423.1125015258789,461.7120099150637,384.5129931366941,0.18245505982443264
2025-12-03,446.739990234375,447.9200134277344,431.1099853515625,432.1000061035156,87483000,TSLA,423.2365005493164,434.44820007324216,341.64159996032714,0.04076973347810542,0.03217957753690852,-0.0690201228029518,56.564166174961855,-0.3788287535876407,-3.6735448636772685,423.2365005493164,462.13681398392373,384.3361871147091,0.18382305582868586
2025-12-04,454.5299987792969,454.6300048828125,445.3900146484375,449.9400024414063,71906500,TSLA,422.8595001220703,434.68299987792966,342.11144996643065,0.017437455153354264,0.031103435942687375,-0.05278620294565294,75.72462003226875,1.9380704876622303,-2.551221793409369,422.8595001220703,460.29368806168196,385.42531218245864,0.1770526046065193
2025-12-05,455.0,458.8699951171875,451.6600036621094,453.0299987792969,56427500,TSLA,423.31399993896486,435.31519958496096,342.6144499969482,0.0010340378456106247,0.03001790947684612,-0.051806748031614246,75.2668649612601,3.7687116374420953,-1.2872351072390762,423.31399993896486,462.1220759950996,384.50592388283013,0.18335361486617607
2025-12-08,439.5799865722656,449.75,435.25,447.4500122070313,69165800,TSLA,423.8169998168945,435.2987994384766,343.1233499908447,-0.033890139401614006,0.02983224561207997,-0.08394114952049256,63.80084244720693,3.9299398245165094,-0.243800120887959,423.8169998168945,463.21997856433757,384.41402106945145,0.18594336123594232
2025-12-09,445.1700134277344,452.3900146484375,435.7000122070313,437.5400085449219,62367400,TSLA,423.81399993896486,435.3379998779297,343.6965500640869,0.01271674558948499,0.02881896256406613,-0.07229186217394855,70.14677822838608,4.457400633919747,0.6964400300735822,423.81399993896486,463.2101230457175,384.4178768322122,0.1859123252767783
2025-12-10,451.4500122070313,456.8800048828125,443.6099853515625,446.0700073242188,63257500,TSLA,424.405500793457,435.47260009765625,344.43980018615724,0.01410696720325344,0.028804296064380362,-0.05920471389944514,70.48524984948827,5.3208253799895715,1.62131710005678,424.405500793457,465.1335621802257,383.67743940668834,0.19192994110879616
2025-12-11,446.8900146484375,449.2699890136719,440.3299865722656,448.9500122070313,55979500,TSLA,425.2200012207031,435.22120056152346,345.22025032043456,-0.010100780674035303,0.028473272502818454,-0.06870748074351318,74.8939635783531,5.572901083717852,2.4116338967889948,425.2200012207031,467.104791636619,383.33521080478727,0.19700291752821983
2025-12-12,458.9599914550781,463.010009765625,441.6700134277344,448.0899963378906,95656700,TSLA,428.0685012817383,435.680400390625,346.1053002166748,0.027008830833098685,0.02391095861466588,-0.04355435863478447,80.3831840562207,6.6697346015992025,3.263254037751037,428.0685012817383,471.03622209758635,385.10078046589024,0.20075161189011823
2025-12-15,475.30999755859375,481.7699890136719,467.6600036621094,469.4400024414063,114542200,TSLA,431.6165008544922,436.5900006103516,347.0169501495361,0.035624033484225714,0.024753306580156956,-0.009481907080948346,77.80814524786354,8.75734272099919,4.362071774400668,431.6165008544922,477.92665624890054,385.30634546008383,0.21458936487704194
2025-12-16,489.8800048828125,491.5,465.8299865722656,472.2099914550781,107608100,TSLA,435.6645004272461,437.3226007080078,348.04310020446775,0.030653694218629735,0.02524592005912164,0.0,81.38021424248655,11.455414137036598,5.780740246927855,435.6645004272461,487.4510546452597,383.87794620923245,0.2377359374804592
2025-12-17,467.260009765625,495.2799987792969,466.2000122070313,488.2200012207031,106490400,TSLA,438.96500091552736,438.0060009765625,349.0192002105713,-0.04617456293730249,0.02749764221054893,-0.046174562937302537,65.92296741329646,11.634297668606052,6.951451731263495,438.96500091552736,489.9238625294013,388.00613930165343,0.23217733307936428
2025-12-18,483.3699951171875,490.8599853515625,473.1199951171875,478.1600036621094,95168400,TSLA,442.8195007324219,438.8996008300781,350.04055015563966,0.034477560704677446,0.0281188531015611,-0.013288988529307913,68.96476772074051,12.926991031429225,8.14655959129664,442.8195007324219,495.01584514827977,390.623156316564,0.2357454643687792
2025-12-19,481.2000122070313,490.489990234375,474.7200012207031,488.1199951171875,103305400,TSLA,447.11800079345704,439.8128009033203,351.12930015563967,-0.004489279293453219,0.027012891604637546,-0.017718609841725613,67.92836685551559,13.619364789737745,9.241120630984861,447.11800079345704,496.91747094613254,397.31853064078155,0.22275761684522294
2025-12-22,488.7300109863281,498.8299865722656,485.3299865722656,489.8800048828125,86916100,TSLA,452.00000152587893,441.3176013183594,352.25960014343264,0.015648376118613028,0.026587167480952707,-0.0023475011942148422,69.95907576972262,14.607300089442049,10.314356522676299,452.00000152587893,497.6432008614935,406.3568021902644,0.20196105832535616
2025-12-23,485.55999755859375,491.9700012207031,482.8399963378906,489.3999938964844,58223600,TSLA,455.25800170898435,442.31080139160156,353.57665016174315,-0.00648622625268469,0.02224698991839559,-0.008818501023025359,64.40980096740941,14.961979950081172,11.243881208157275,455.25800170898435,500.70572613637063,409.8102772815981,0.1996570044097234
2025-12-24,485.3999938964844,490.8999938964844,476.7999877929688,488.4800109863281,41285400,TSLA,458.55800170898436,443.43400146484373,354.85075012207034,-0.00032952397832164415,0.02220393841868756,-0.009145119093807103,62.14684557246573,15.05659231286279,12.00642342909838,458.55800170898436,502.60593572584787,414.51006769212086,0.19211499462533746
2025-12-26,475.1900024414063,489.0899963378906,473.8200073242188,485.2300109863281,58780700,TSLA,460.9885025024414,444.2348016357422,355.9862501525879,-0.021034181259704465,0.022966135910431108,-0.029986940260850792,57.378847599481624,14.144661457510438,12.434071034780793,460.9885025024414,502.9206046303752,419.05640037450763,0.18192255078080477
2025-12-29,459.6400146484375,469.3999938964844,459.0,469.0,66263000,TSLA,462.4620025634766,444.85260192871095,357.0810502624512,-0.032723726747357684,0.024497718499892896,-0.06172938256912305,57.32438739191874,12.028538126299452,12.352964453084525,462.4620025634766,501.82681653194504,423.0971885950081,0.17024020892642022
2025-12-30,454.4299926757813,463.1199951171875,453.8299865722656,461.0899963378906,59238500,TSLA,463.67650146484374,445.1550018310547,358.1033002471924,-0.01133500523587172,0.02471518390235254,-0.07236468493036663,53.39044430395392,9.817915095465878,11.845954581560797,463.67650146484374,500.2417938308229,427.11120909886455,0.15771897972169113
2025-12-31,449.7200012207031,456.5499877929688,449.2999877929688,456.1000061035156,49078000,TSLA,464.7005020141602,445.20080200195315,359.1618502807617,-0.010364613980130888,0.024874320461171846,-0.08197926688540048,49.359207532931464,7.598334598020585,10.996430584852757,464.7005020141602,498.22594224733484,431.1750617809855,0.14428837536376532
2026-01-02,438.0700073242188,458.3399963378906,435.2999877929688,457.7999877929688,85535400,TSLA,464.26700286865236,445.1102020263672,360.2256503295898,-0.02590499391813128,0.023943901306596765,-0.10576058839345262,46.89611132733465,4.8434120786727135,9.765826883616748,464.26700286865236,498.97368889914105,429.56031683816366,0.14951174998886452
2026-01-05,451.6700134277344,457.5499877929688,444.5700073242188,447.989990234375,67940800,TSLA,464.1240036010742,445.3642022705078,361.30470039367674,0.031045280151877908,0.024668971799827428,-0.07799867533727692,47.46188330515541,3.7147021919578833,8.555601945284975,464.1240036010742,499.0226468587253,429.2253603434231,0.15038499619445372
2026-01-06,432.9599914550781,448.25,428.7799987792969,446.3800048828125,89093800,TSLA,463.0220031738281,445.04380187988284,362.28820037841797,-0.041424095947095174,0.026343040444820862,-0.11619174667345444,35.49359260486561,1.2955151752946676,7.103584591286913,463.0220031738281,500.43508220779313,425.6089241398631,0.16160389259047525
2026-01-07,431.4100036621094,438.3699951171875,431.2900085449219,435.8999938964844,59828800,TSLA,462.61350402832034,444.99760192871094,363.2017003631592,-0.0035799792672750463,0.025270910140474504,-0.11935576189661003,28.010526786954188,-0.7382687235277672,5.535213928323977,462.61350402832034,501.2622889429753,423.96471911366535,0.167088874743652
2026-01-08,435.7999877929688,436.8900146484375,424.3699951171875,427.8900146484375,57041100,TSLA,462.145002746582,444.66520141601563,363.9887502288818,0.01017589785492734,0.02520656917793485,-0.11039441608313966,36.288341175544225,-1.973077674006447,4.033555607857893,462.145002746582,501.89556752933544,422.3944379638286,0.17202637504034948
2026-01-09,445.010009765625,449.0499877929688,430.3900146484375,435.9500122070313,67331500,TSLA,461.82300262451173,444.3544018554687,364.77310020446777,0.02113359850994656,0.02547226580165654,-0.09159384884043421,32.21110056308349,-2.1833327607620276,2.790177934133909,461.82300262451173,502.0399449376752,421.60606031134824,0.17416604233489053
2026-01-12,448.9599914550781,454.2999877929688,438.0,441.2300109863281,61649600,TSLA,461.92650146484374,444.1034014892578,365.6576001739502,0.00887616368794375,0.025445676950291547,-0.08353068714760695,35.29196215486384,-2.008082990135506,1.830525749280026,461.92650146484374,501.992001308288,421.86100162139945,0.17347131942588312
2026-01-13,447.2000122070313,451.80999755859375,443.9500122070313,450.2000122070313,53557200,TSLA,461.33850250244143,444.24540161132813,366.5279502105713,-0.003920124914344236,0.024680721446833066,-0.08712336133415154,30.000961114257663,-1.9882921071225041,1.06676217799952,461.33850250244143,501.92905044995103,420.7479545549318,0.17596861188621385
2026-01-14,439.20001220703125,443.9100036621094,434.2200012207031,442.80999755859375,57259500,TSLA,459.53300323486326,443.89820190429685,367.4062003326416,-0.017889087168218687,0.02336625561545149,-0.1034538910970754,28.66740437626558,-2.5883044682135505,0.3357488487569059,459.53300323486326,500.7149571111528,418.35104935857373,0.1792339335211656
2026-01-15,438.57000732421875,445.3599853515625,437.6499938964844,441.1300048828125,49465800,TSLA,456.9675033569336,443.3022021484375,368.30325035095217,-0.0014344373071545347,0.02194283225749779,-0.10473993028327,28.54393953418524,-3.0791600754668593,-0.34723293608784717,456.9675033569336,496.5512565103701,417.38375020349713,0.17324537461701267
2026-01-16,437.5,447.25,435.260009765625,439.5,60220600,TSLA,455.47950286865233,443.167001953125,369.14845039367674,-0.0024397640202233895,0.019720302650538625,-0.1069241535901076,31.15311225000545,-3.5140001232472855,-0.9805863735197349,455.47950286865233,495.6669957642226,415.2920099730821,0.17646235513328556
2026-01-20,419.25,430.7300109863281,417.44000244140625,429.3599853515625,63187300,TSLA,452.273503112793,442.31060180664065,369.83090034484866,-0.041714285714285704,0.019436347552821715,-0.1441781746117774,30.33400833178301,-5.270481640759044,-1.8385654269675968,452.273503112793,493.31402971093894,411.232976514647,0.18148543443594492
2026-01-21,431.44000244140625,438.20001220703125,419.6199951171875,421.6600036621094,68124000,TSLA,449.7855026245117,442.02120178222657,370.6517003631592,0.02907573629435012,0.021039323828621535,-0.11929452490184014,39.51855848595832,-5.614158057834061,-2.5936839531408897,449.7855026245117,489.4526222568622,410.11838299216123,0.1763823840514719
2026-01-22,449.3599853515625,449.5,432.6300048828125,435.1600036621094,71546700,TSLA,447.81700134277344,442.4180017089844,371.7013503265381,0.041535283721378935,0.02308799308419947,-0.0827141731186662,49.853509137269775,-4.389926892534618,-2.952932541019636,447.81700134277344,483.0008439028437,412.63315878270316,0.15713491204921645
2026-01-23,449.05999755859375,452.42999267578125,444.0400085449219,447.42999267578125,56771400,TSLA,445.99200134277345,442.4946014404297,372.7802003479004,-0.0006675890216037983,0.02309083848991339,-0.08332654306636496,54.92692251493589,-3.4046744144026206,-3.043280915696233,445.99200134277345,476.39434532574955,415.58965735979734,0.1363358261647834
2026-01-26,435.20001220703125,445.0400085449219,434.2799987792969,445.0,49397400,TSLA,443.4820022583008,442.40620178222656,373.8469004058838,-0.030864440001147186,0.02385678400038699,-0.11161915597853728,42.633505253563,-3.699593105855172,-3.174543353728021,443.4820022583008,467.88179609993546,419.0822084166661,0.11003735762617627
2026-01-27,430.8999938964844,437.5199890136719,430.69000244140625,437.4100036621094,37733100,TSLA,441.2675018310547,442.4122015380859,374.64040031433103,-0.009880556502607107,0.02359542136464077,-0.12039685310372512,48.94228858777303,-4.231515557197952,-3.385937794422007,441.2675018310547,461.17646108722,421.3585425748894,0.09023532969707668
2026-01-28,431.4599914550781,438.260009765625,430.1000061035156,431.9100036621094,54857400,TSLA,439.8585006713867,443.0016015625,375.53570030212404,0.0012995998294869082,0.02267056917592977,-0.11925372100400264,50.025929980820045,-4.5553693470836265,-3.619824104954331,439.8585006713867,458.22135778105763,421.4956435617158,0.08349438322388866
2026-01-29,416.55999755859375,440.2300109863281,414.6199951171875,437.79998779296875,81686100,TSLA,437.96500091552736,443.24580139160156,376.356950302124,-0.03453389466363932,0.023694481276124436,-0.14966932022824267,41.00093693850061,-5.945791409567278,-4.085017565876921,437.96500091552736,457.7557963166718,418.1742055143829,0.09037615042194488
2026-01-30,430.4100036621094,439.8800048828125,422.70001220703125,425.3500061035156,82626100,TSLA,436.99950103759767,443.67560119628905,377.247250289917,0.033248526466028494,0.02505301551975588,-0.12139707811697549,43.45525687008354,-5.862551325938512,-4.440524317889239,436.99950103759767,456.2524607194978,417.74654135569756,0.08811433256187476
2026-02-02,421.80999755859375,427.1499938964844,414.5,421.2900085449219,58739500,TSLA,436.1865005493164,444.08680114746096,378.0857502746582,-0.019980962408733927,0.024787798190871208,-0.13895241007132397,38.3165502809987,-6.416565407410815,-4.8357325357935546,436.1865005493164,456.5880939070406,415.7849071915922,0.09354527630741086
2026-02-03,421.9599914550781,428.55999755859375,413.69000244140625,424.2699890136719,56886500,TSLA,434.7009994506836,444.40040100097656,378.9878002166748,0.0003555958781265023,0.023581290368801237,-0.1386462250974746,38.98585106045798,-6.765533446367158,-5.221692717908276,434.7009994506836,454.677769773171,414.72422912819616,0.09191039518073972
2026-02-04,406.010009765625,423.8999938964844,399.17999267578125,420.4599914550781,74606900,TSLA,433.35350036621094,444.6160009765625,379.811000289917,-0.03779974882085746,0.023283578131416183,-0.17120518143468746,36.456373525489774,-8.234204569535848,-5.8241950882337905,433.35350036621094,457.10402669421603,409.60297403820584,0.1096127125219222
2026-02-05,397.2099914550781,402.1000061035156,387.5299987792969,397.0199890136719,72819800,TSLA,431.64349975585935,444.73840087890625,380.6595502471924,-0.02167438757390938,0.023657871231786594,-0.18916880155151994,34.17749745083623,-9.993031501981818,-6.657962370983396,431.64349975585935,460.38375080517574,402.90324870654297,0.13316661117599166
2026-02-06,411.1099853515625,414.54998779296875,397.75,400.8699951171875,62677100,TSLA,430.40899963378905,444.5526007080078,381.5252501678467,0.03499406912088299,0.025042896628108793,-0.16079451854764537,40.8067928363515,-10.148317688059194,-7.356033434398556,430.40899963378905,460.48741873507623,400.33058053250187,0.13976668297772224
2026-02-09,417.32000732421875,421.25,407.2900085449219,409.9100036621094,54484300,TSLA,429.0244995117188,444.5110009765625,382.35815017700196,0.015105500216312517,0.024776901051633313,-0.1481178999660362,49.266106616807434,-9.658943942146607,-7.816615535948166,429.0244995117188,458.82091068842885,399.2280883350087,0.13890307528181706
2026-02-10,425.2099914550781,427.25,417.0,418.0799865722656,64450200,TSLA,427.8369995117188,444.48360107421877,383.18665008544923,0.018906316477488305,0.02512716985300897,-0.13201194738128683,47.550903230775475,-8.536057584429784,-7.960503945644491,427.8369995117188,456.14395448002966,399.5300445434079,0.1323258857958382
2026-02-11,428.2699890136719,436.3500061035156,420.0299987792969,427.9599914550781,57362000,TSLA,426.89049835205077,444.4456005859375,383.90324996948243,0.00719643851293883,0.0252148977977183,-0.12576552473065067,40.61248159042433,-7.3149239367076575,-7.831387943857125,426.89049835205077,453.6975732365907,400.08342346751084,0.1255922771203612
2026-02-12,417.07000732421875,436.2300109863281,414.0,430.29998779296875,61933400,TSLA,425.7839981079102,444.18420043945315,384.55919998168946,-0.02615168463063977,0.02555675052978405,-0.14862822902112757,37.02020802377414,-7.168280171563083,-7.698766389398317,425.7839981079102,452.276787833007,399.29120838281335,0.12444239258790804
2026-02-13,417.44000244140625,424.05999755859375,410.8800048828125,414.30999755859375,51434100,TSLA,424.72749786376954,443.94820068359377,385.18625,0.0008871295242764976,0.02556602186288046,-0.1478729519869567,41.9081413586358,-6.942183250246103,-7.547449761567874,424.72749786376954,450.754564491547,398.7004312359921,0.12255889603891663
2026-02-17,410.6300048828125,413.7200012207031,400.510009765625,412.3599853515625,59678800,TSLA,423.38399810791014,443.2260009765625,385.8286000061035,-0.016313715788533356,0.02576162741505732,-0.16177431046396337,40.97104920957412,-7.229176256734661,-7.483795060601232,423.38399810791014,449.4090532524814,397.3589429633389,0.12293830310487122
2026-02-18,411.32000732421875,416.8999938964844,409.5799865722656,410.6700134277344,45533478,TSLA,422.9874984741211,442.36180114746094,386.48260009765625,0.0016803507615161806,0.02408909410008954,-0.16036579728822903,41.0393358582711,-7.316601622541043,-7.450356372989194,422.9874984741211,449.5145345203941,396.4604624278481,0.12542704520566797
