,n_trades,win_rate,avg_return,sharpe_ratio
0,2957,0.3977003719986473,0.015097849065510167,1.6228482357078626
